series,frequency,fuel,period,value,published,status,rules,flags
eia_spot.ultra-low-sulfur-diesel-new-york-harbor.m,monthly,"Ultra-low-sulfur diesel, New York Harbor",2006-07,2.217,2.217,ok,,
eia_spot.ultra-low-sulfur-diesel-new-york-harbor.m,monthly,"Ultra-low-sulfur diesel, New York Harbor",2006-08,2.247,2.247,ok,,
eia_spot.ultra-low-sulfur-diesel-new-york-harbor.m,monthly,"Ultra-low-sulfur diesel, New York Harbor",2006-09,1.81,1.81,ok,,
eia_spot.ultra-low-sulfur-diesel-new-york-harbor.m,monthly,"Ultra-low-sulfur diesel, New York Harbor",2006-10,1.794,1.794,ok,,
eia_spot.ultra-low-sulfur-diesel-new-york-harbor.m,monthly,"Ultra-low-sulfur diesel, New York Harbor",2006-11,1.811,1.811,ok,,
eia_spot.ultra-low-sulfur-diesel-new-york-harbor.m,monthly,"Ultra-low-sulfur diesel, New York Harbor",2006-12,1.834,1.834,ok,,
eia_spot.ultra-low-sulfur-diesel-new-york-harbor.m,monthly,"Ultra-low-sulfur diesel, New York Harbor",2007-01,1.63,1.63,ok,,
eia_spot.ultra-low-sulfur-diesel-new-york-harbor.m,monthly,"Ultra-low-sulfur diesel, New York Harbor",2007-02,1.759,1.759,ok,,
eia_spot.ultra-low-sulfur-diesel-new-york-harbor.m,monthly,"Ultra-low-sulfur diesel, New York Harbor",2007-03,1.891,1.891,ok,,
eia_spot.ultra-low-sulfur-diesel-new-york-harbor.m,monthly,"Ultra-low-sulfur diesel, New York Harbor",2007-04,2.053,2.053,ok,,
eia_spot.ultra-low-sulfur-diesel-new-york-harbor.m,monthly,"Ultra-low-sulfur diesel, New York Harbor",2007-05,2.044,2.044,ok,,
eia_spot.ultra-low-sulfur-diesel-new-york-harbor.m,monthly,"Ultra-low-sulfur diesel, New York Harbor",2007-06,2.12,2.12,ok,,
eia_spot.ultra-low-sulfur-diesel-new-york-harbor.m,monthly,"Ultra-low-sulfur diesel, New York Harbor",2007-07,2.146,2.146,ok,,
eia_spot.ultra-low-sulfur-diesel-new-york-harbor.m,monthly,"Ultra-low-sulfur diesel, New York Harbor",2007-08,2.106,2.106,ok,,
eia_spot.ultra-low-sulfur-diesel-new-york-harbor.m,monthly,"Ultra-low-sulfur diesel, New York Harbor",2007-09,2.32,2.32,ok,,
eia_spot.ultra-low-sulfur-diesel-new-york-harbor.m,monthly,"Ultra-low-sulfur diesel, New York Harbor",2007-10,2.417,2.417,ok,,
eia_spot.ultra-low-sulfur-diesel-new-york-harbor.m,monthly,"Ultra-low-sulfur diesel, New York Harbor",2007-11,2.7,2.7,ok,,
eia_spot.ultra-low-sulfur-diesel-new-york-harbor.m,monthly,"Ultra-low-sulfur diesel, New York Harbor",2007-12,2.631,2.631,ok,,
eia_spot.ultra-low-sulfur-diesel-new-york-harbor.m,monthly,"Ultra-low-sulfur diesel, New York Harbor",2008-01,2.59,2.59,ok,,
eia_spot.ultra-low-sulfur-diesel-new-york-harbor.m,monthly,"Ultra-low-sulfur diesel, New York Harbor",2008-02,2.774,2.774,ok,,
eia_spot.ultra-low-sulfur-diesel-new-york-harbor.m,monthly,"Ultra-low-sulfur diesel, New York Harbor",2008-03,3.253,3.253,ok,,
eia_spot.ultra-low-sulfur-diesel-new-york-harbor.m,monthly,"Ultra-low-sulfur diesel, New York Harbor",2008-04,3.443,3.443,ok,,
eia_spot.ultra-low-sulfur-diesel-new-york-harbor.m,monthly,"Ultra-low-sulfur diesel, New York Harbor",2008-05,3.821,3.821,ok,,
eia_spot.ultra-low-sulfur-diesel-new-york-harbor.m,monthly,"Ultra-low-sulfur diesel, New York Harbor",2008-06,3.888,3.888,ok,,
eia_spot.ultra-low-sulfur-diesel-new-york-harbor.m,monthly,"Ultra-low-sulfur diesel, New York Harbor",2008-07,3.845,3.845,ok,,
eia_spot.ultra-low-sulfur-diesel-new-york-harbor.m,monthly,"Ultra-low-sulfur diesel, New York Harbor",2008-08,3.273,3.273,ok,,
eia_spot.ultra-low-sulfur-diesel-new-york-harbor.m,monthly,"Ultra-low-sulfur diesel, New York Harbor",2008-09,3.042,3.042,ok,,
eia_spot.ultra-low-sulfur-diesel-new-york-harbor.m,monthly,"Ultra-low-sulfur diesel, New York Harbor",2008-10,2.397,2.397,ok,,
eia_spot.ultra-low-sulfur-diesel-new-york-harbor.m,monthly,"Ultra-low-sulfur diesel, New York Harbor",2008-11,1.923,1.923,ok,,
eia_spot.ultra-low-sulfur-diesel-new-york-harbor.m,monthly,"Ultra-low-sulfur diesel, New York Harbor",2008-12,1.436,1.436,ok,,
eia_spot.ultra-low-sulfur-diesel-new-york-harbor.m,monthly,"Ultra-low-sulfur diesel, New York Harbor",2009-01,1.496,1.496,ok,,
eia_spot.ultra-low-sulfur-diesel-new-york-harbor.m,monthly,"Ultra-low-sulfur diesel, New York Harbor",2009-02,1.306,1.306,ok,,
eia_spot.ultra-low-sulfur-diesel-new-york-harbor.m,monthly,"Ultra-low-sulfur diesel, New York Harbor",2009-03,1.338,1.338,ok,,
eia_spot.ultra-low-sulfur-diesel-new-york-harbor.m,monthly,"Ultra-low-sulfur diesel, New York Harbor",2009-04,1.449,1.449,ok,,
eia_spot.ultra-low-sulfur-diesel-new-york-harbor.m,monthly,"Ultra-low-sulfur diesel, New York Harbor",2009-05,1.52,1.52,ok,,
eia_spot.ultra-low-sulfur-diesel-new-york-harbor.m,monthly,"Ultra-low-sulfur diesel, New York Harbor",2009-06,1.82,1.82,ok,,
eia_spot.ultra-low-sulfur-diesel-new-york-harbor.m,monthly,"Ultra-low-sulfur diesel, New York Harbor",2009-07,1.722,1.722,ok,,
eia_spot.ultra-low-sulfur-diesel-new-york-harbor.m,monthly,"Ultra-low-sulfur diesel, New York Harbor",2009-08,1.927,1.927,ok,,
eia_spot.ultra-low-sulfur-diesel-new-york-harbor.m,monthly,"Ultra-low-sulfur diesel, New York Harbor",2009-09,1.795,1.795,ok,,
eia_spot.ultra-low-sulfur-diesel-new-york-harbor.m,monthly,"Ultra-low-sulfur diesel, New York Harbor",2009-10,1.982,1.982,ok,,
eia_spot.ultra-low-sulfur-diesel-new-york-harbor.m,monthly,"Ultra-low-sulfur diesel, New York Harbor",2009-11,1.999,1.999,ok,,
eia_spot.ultra-low-sulfur-diesel-new-york-harbor.m,monthly,"Ultra-low-sulfur diesel, New York Harbor",2009-12,1.98,1.98,ok,,
eia_spot.ultra-low-sulfur-diesel-new-york-harbor.m,monthly,"Ultra-low-sulfur diesel, New York Harbor",2010-01,2.066,2.066,ok,,
eia_spot.ultra-low-sulfur-diesel-new-york-harbor.m,monthly,"Ultra-low-sulfur diesel, New York Harbor",2010-02,2.035,2.035,ok,,
eia_spot.ultra-low-sulfur-diesel-new-york-harbor.m,monthly,"Ultra-low-sulfur diesel, New York Harbor",2010-03,2.16,2.16,ok,,
eia_spot.ultra-low-sulfur-diesel-new-york-harbor.m,monthly,"Ultra-low-sulfur diesel, New York Harbor",2010-04,2.284,2.284,ok,,
eia_spot.ultra-low-sulfur-diesel-new-york-harbor.m,monthly,"Ultra-low-sulfur diesel, New York Harbor",2010-05,2.136,2.136,ok,,
eia_spot.ultra-low-sulfur-diesel-new-york-harbor.m,monthly,"Ultra-low-sulfur diesel, New York Harbor",2010-06,2.108,2.108,ok,,
eia_spot.ultra-low-sulfur-diesel-new-york-harbor.m,monthly,"Ultra-low-sulfur diesel, New York Harbor",2010-07,2.066,2.066,ok,,
eia_spot.ultra-low-sulfur-diesel-new-york-harbor.m,monthly,"Ultra-low-sulfur diesel, New York Harbor",2010-08,2.123,2.123,ok,,
eia_spot.ultra-low-sulfur-diesel-new-york-harbor.m,monthly,"Ultra-low-sulfur diesel, New York Harbor",2010-09,2.175,2.175,ok,,
eia_spot.ultra-low-sulfur-diesel-new-york-harbor.m,monthly,"Ultra-low-sulfur diesel, New York Harbor",2010-10,2.301,2.301,ok,,
eia_spot.ultra-low-sulfur-diesel-new-york-harbor.m,monthly,"Ultra-low-sulfur diesel, New York Harbor",2010-11,2.379,2.379,ok,,
eia_spot.ultra-low-sulfur-diesel-new-york-harbor.m,monthly,"Ultra-low-sulfur diesel, New York Harbor",2010-12,2.5,2.5,ok,,
eia_spot.ultra-low-sulfur-diesel-new-york-harbor.m,monthly,"Ultra-low-sulfur diesel, New York Harbor",2011-01,2.642,2.642,ok,,
eia_spot.ultra-low-sulfur-diesel-new-york-harbor.m,monthly,"Ultra-low-sulfur diesel, New York Harbor",2011-02,2.84,2.84,ok,,
eia_spot.ultra-low-sulfur-diesel-new-york-harbor.m,monthly,"Ultra-low-sulfur diesel, New York Harbor",2011-03,3.131,3.131,ok,,
eia_spot.ultra-low-sulfur-diesel-new-york-harbor.m,monthly,"Ultra-low-sulfur diesel, New York Harbor",2011-04,3.272,3.272,ok,,
eia_spot.ultra-low-sulfur-diesel-new-york-harbor.m,monthly,"Ultra-low-sulfur diesel, New York Harbor",2011-05,3.035,3.035,ok,,
eia_spot.ultra-low-sulfur-diesel-new-york-harbor.m,monthly,"Ultra-low-sulfur diesel, New York Harbor",2011-06,3.054,3.054,ok,,
eia_spot.ultra-low-sulfur-diesel-new-york-harbor.m,monthly,"Ultra-low-sulfur diesel, New York Harbor",2011-07,3.17,3.17,ok,,
eia_spot.ultra-low-sulfur-diesel-new-york-harbor.m,monthly,"Ultra-low-sulfur diesel, New York Harbor",2011-08,3.01,3.01,ok,,
eia_spot.ultra-low-sulfur-diesel-new-york-harbor.m,monthly,"Ultra-low-sulfur diesel, New York Harbor",2011-09,2.98,2.98,ok,,
eia_spot.ultra-low-sulfur-diesel-new-york-harbor.m,monthly,"Ultra-low-sulfur diesel, New York Harbor",2011-10,3.008,3.008,ok,,
eia_spot.ultra-low-sulfur-diesel-new-york-harbor.m,monthly,"Ultra-low-sulfur diesel, New York Harbor",2011-11,3.095,3.095,ok,,
eia_spot.ultra-low-sulfur-diesel-new-york-harbor.m,monthly,"Ultra-low-sulfur diesel, New York Harbor",2011-12,2.937,2.937,ok,,
eia_spot.ultra-low-sulfur-diesel-new-york-harbor.m,monthly,"Ultra-low-sulfur diesel, New York Harbor",2012-01,3.08,3.08,ok,,
eia_spot.ultra-low-sulfur-diesel-new-york-harbor.m,monthly,"Ultra-low-sulfur diesel, New York Harbor",2012-02,3.223,3.223,ok,,
eia_spot.ultra-low-sulfur-diesel-new-york-harbor.m,monthly,"Ultra-low-sulfur diesel, New York Harbor",2012-03,3.302,3.302,ok,,
eia_spot.ultra-low-sulfur-diesel-new-york-harbor.m,monthly,"Ultra-low-sulfur diesel, New York Harbor",2012-04,3.242,3.242,ok,,
eia_spot.ultra-low-sulfur-diesel-new-york-harbor.m,monthly,"Ultra-low-sulfur diesel, New York Harbor",2012-05,2.987,2.987,ok,,
eia_spot.ultra-low-sulfur-diesel-new-york-harbor.m,monthly,"Ultra-low-sulfur diesel, New York Harbor",2012-06,2.71,2.71,ok,,
eia_spot.ultra-low-sulfur-diesel-new-york-harbor.m,monthly,"Ultra-low-sulfur diesel, New York Harbor",2012-07,2.921,2.921,ok,,
eia_spot.ultra-low-sulfur-diesel-new-york-harbor.m,monthly,"Ultra-low-sulfur diesel, New York Harbor",2012-08,3.179,3.179,ok,,
eia_spot.ultra-low-sulfur-diesel-new-york-harbor.m,monthly,"Ultra-low-sulfur diesel, New York Harbor",2012-09,3.229,3.229,ok,,
eia_spot.ultra-low-sulfur-diesel-new-york-harbor.m,monthly,"Ultra-low-sulfur diesel, New York Harbor",2012-10,3.236,3.236,ok,,
eia_spot.ultra-low-sulfur-diesel-new-york-harbor.m,monthly,"Ultra-low-sulfur diesel, New York Harbor",2012-11,3.18,3.18,ok,,
eia_spot.ultra-low-sulfur-diesel-new-york-harbor.m,monthly,"Ultra-low-sulfur diesel, New York Harbor",2012-12,3.07,3.07,ok,,
eia_spot.ultra-low-sulfur-diesel-new-york-harbor.m,monthly,"Ultra-low-sulfur diesel, New York Harbor",2013-01,3.103,3.103,ok,,
eia_spot.ultra-low-sulfur-diesel-new-york-harbor.m,monthly,"Ultra-low-sulfur diesel, New York Harbor",2013-02,3.237,3.237,ok,,
eia_spot.ultra-low-sulfur-diesel-new-york-harbor.m,monthly,"Ultra-low-sulfur diesel, New York Harbor",2013-03,3.037,3.037,ok,,
eia_spot.ultra-low-sulfur-diesel-new-york-harbor.m,monthly,"Ultra-low-sulfur diesel, New York Harbor",2013-04,2.9,2.9,ok,,
eia_spot.ultra-low-sulfur-diesel-new-york-harbor.m,monthly,"Ultra-low-sulfur diesel, New York Harbor",2013-05,2.888,2.888,ok,,
eia_spot.ultra-low-sulfur-diesel-new-york-harbor.m,monthly,"Ultra-low-sulfur diesel, New York Harbor",2013-06,2.891,2.891,ok,,
eia_spot.ultra-low-sulfur-diesel-new-york-harbor.m,monthly,"Ultra-low-sulfur diesel, New York Harbor",2013-07,3.018,3.018,ok,,
eia_spot.ultra-low-sulfur-diesel-new-york-harbor.m,monthly,"Ultra-low-sulfur diesel, New York Harbor",2013-08,3.068,3.068,ok,,
eia_spot.ultra-low-sulfur-diesel-new-york-harbor.m,monthly,"Ultra-low-sulfur diesel, New York Harbor",2013-09,3.048,3.048,ok,,
eia_spot.ultra-low-sulfur-diesel-new-york-harbor.m,monthly,"Ultra-low-sulfur diesel, New York Harbor",2013-10,2.996,2.996,ok,,
eia_spot.ultra-low-sulfur-diesel-new-york-harbor.m,monthly,"Ultra-low-sulfur diesel, New York Harbor",2013-11,2.938,2.938,ok,,
eia_spot.ultra-low-sulfur-diesel-new-york-harbor.m,monthly,"Ultra-low-sulfur diesel, New York Harbor",2013-12,3.045,3.045,ok,,
eia_spot.ultra-low-sulfur-diesel-new-york-harbor.m,monthly,"Ultra-low-sulfur diesel, New York Harbor",2014-01,3.117,3.117,ok,,
eia_spot.ultra-low-sulfur-diesel-new-york-harbor.m,monthly,"Ultra-low-sulfur diesel, New York Harbor",2014-02,3.227,3.227,ok,,
eia_spot.ultra-low-sulfur-diesel-new-york-harbor.m,monthly,"Ultra-low-sulfur diesel, New York Harbor",2014-03,2.993,2.993,ok,,
eia_spot.ultra-low-sulfur-diesel-new-york-harbor.m,monthly,"Ultra-low-sulfur diesel, New York Harbor",2014-04,2.958,2.958,ok,,
eia_spot.ultra-low-sulfur-diesel-new-york-harbor.m,monthly,"Ultra-low-sulfur diesel, New York Harbor",2014-05,2.937,2.937,ok,,
eia_spot.ultra-low-sulfur-diesel-new-york-harbor.m,monthly,"Ultra-low-sulfur diesel, New York Harbor",2014-06,2.962,2.962,ok,,
eia_spot.ultra-low-sulfur-diesel-new-york-harbor.m,monthly,"Ultra-low-sulfur diesel, New York Harbor",2014-07,2.879,2.879,ok,,
eia_spot.ultra-low-sulfur-diesel-new-york-harbor.m,monthly,"Ultra-low-sulfur diesel, New York Harbor",2014-08,2.85,2.85,ok,,
eia_spot.ultra-low-sulfur-diesel-new-york-harbor.m,monthly,"Ultra-low-sulfur diesel, New York Harbor",2014-09,2.74,2.74,ok,,
eia_spot.ultra-low-sulfur-diesel-new-york-harbor.m,monthly,"Ultra-low-sulfur diesel, New York Harbor",2014-10,2.533,2.533,ok,,
eia_spot.ultra-low-sulfur-diesel-new-york-harbor.m,monthly,"Ultra-low-sulfur diesel, New York Harbor",2014-11,2.431,2.431,ok,,
eia_spot.ultra-low-sulfur-diesel-new-york-harbor.m,monthly,"Ultra-low-sulfur diesel, New York Harbor",2014-12,2.034,2.034,ok,,
eia_spot.ultra-low-sulfur-diesel-new-york-harbor.m,monthly,"Ultra-low-sulfur diesel, New York Harbor",2015-01,1.678,1.678,ok,,
eia_spot.ultra-low-sulfur-diesel-new-york-harbor.m,monthly,"Ultra-low-sulfur diesel, New York Harbor",2015-02,1.991,1.991,ok,,
eia_spot.ultra-low-sulfur-diesel-new-york-harbor.m,monthly,"Ultra-low-sulfur diesel, New York Harbor",2015-03,1.856,1.856,ok,,
eia_spot.ultra-low-sulfur-diesel-new-york-harbor.m,monthly,"Ultra-low-sulfur diesel, New York Harbor",2015-04,1.843,1.843,ok,,
eia_spot.ultra-low-sulfur-diesel-new-york-harbor.m,monthly,"Ultra-low-sulfur diesel, New York Harbor",2015-05,1.965,1.965,ok,,
eia_spot.ultra-low-sulfur-diesel-new-york-harbor.m,monthly,"Ultra-low-sulfur diesel, New York Harbor",2015-06,1.888,1.888,ok,,
eia_spot.ultra-low-sulfur-diesel-new-york-harbor.m,monthly,"Ultra-low-sulfur diesel, New York Harbor",2015-07,1.677,1.677,ok,,
eia_spot.ultra-low-sulfur-diesel-new-york-harbor.m,monthly,"Ultra-low-sulfur diesel, New York Harbor",2015-08,1.516,1.516,ok,,
eia_spot.ultra-low-sulfur-diesel-new-york-harbor.m,monthly,"Ultra-low-sulfur diesel, New York Harbor",2015-09,1.513,1.513,ok,,
eia_spot.ultra-low-sulfur-diesel-new-york-harbor.m,monthly,"Ultra-low-sulfur diesel, New York Harbor",2015-10,1.472,1.472,ok,,
eia_spot.ultra-low-sulfur-diesel-new-york-harbor.m,monthly,"Ultra-low-sulfur diesel, New York Harbor",2015-11,1.414,1.414,ok,,
eia_spot.ultra-low-sulfur-diesel-new-york-harbor.m,monthly,"Ultra-low-sulfur diesel, New York Harbor",2015-12,1.141,1.141,ok,,
eia_spot.ultra-low-sulfur-diesel-new-york-harbor.m,monthly,"Ultra-low-sulfur diesel, New York Harbor",2016-01,0.98,0.98,ok,,
eia_spot.ultra-low-sulfur-diesel-new-york-harbor.m,monthly,"Ultra-low-sulfur diesel, New York Harbor",2016-02,1.035,1.035,ok,,
eia_spot.ultra-low-sulfur-diesel-new-york-harbor.m,monthly,"Ultra-low-sulfur diesel, New York Harbor",2016-03,1.19,1.19,ok,,
eia_spot.ultra-low-sulfur-diesel-new-york-harbor.m,monthly,"Ultra-low-sulfur diesel, New York Harbor",2016-04,1.247,1.247,ok,,
eia_spot.ultra-low-sulfur-diesel-new-york-harbor.m,monthly,"Ultra-low-sulfur diesel, New York Harbor",2016-05,1.419,1.419,ok,,
eia_spot.ultra-low-sulfur-diesel-new-york-harbor.m,monthly,"Ultra-low-sulfur diesel, New York Harbor",2016-06,1.491,1.491,ok,,
eia_spot.ultra-low-sulfur-diesel-new-york-harbor.m,monthly,"Ultra-low-sulfur diesel, New York Harbor",2016-07,1.364,1.364,ok,,
eia_spot.ultra-low-sulfur-diesel-new-york-harbor.m,monthly,"Ultra-low-sulfur diesel, New York Harbor",2016-08,1.399,1.399,ok,,
eia_spot.ultra-low-sulfur-diesel-new-york-harbor.m,monthly,"Ultra-low-sulfur diesel, New York Harbor",2016-09,1.419,1.419,ok,,
eia_spot.ultra-low-sulfur-diesel-new-york-harbor.m,monthly,"Ultra-low-sulfur diesel, New York Harbor",2016-10,1.559,1.559,ok,,
eia_spot.ultra-low-sulfur-diesel-new-york-harbor.m,monthly,"Ultra-low-sulfur diesel, New York Harbor",2016-11,1.461,1.461,ok,,
eia_spot.ultra-low-sulfur-diesel-new-york-harbor.m,monthly,"Ultra-low-sulfur diesel, New York Harbor",2016-12,1.641,1.641,ok,,
eia_spot.ultra-low-sulfur-diesel-new-york-harbor.m,monthly,"Ultra-low-sulfur diesel, New York Harbor",2017-01,1.618,1.618,ok,,
eia_spot.ultra-low-sulfur-diesel-new-york-harbor.m,monthly,"Ultra-low-sulfur diesel, New York Harbor",2017-02,1.625,1.625,ok,,
eia_spot.ultra-low-sulfur-diesel-new-york-harbor.m,monthly,"Ultra-low-sulfur diesel, New York Harbor",2017-03,1.529,1.529,ok,,
eia_spot.ultra-low-sulfur-diesel-new-york-harbor.m,monthly,"Ultra-low-sulfur diesel, New York Harbor",2017-04,1.583,1.583,ok,,
eia_spot.ultra-low-sulfur-diesel-new-york-harbor.m,monthly,"Ultra-low-sulfur diesel, New York Harbor",2017-05,1.512,1.512,ok,,
eia_spot.ultra-low-sulfur-diesel-new-york-harbor.m,monthly,"Ultra-low-sulfur diesel, New York Harbor",2017-06,1.417,1.417,ok,,
eia_spot.ultra-low-sulfur-diesel-new-york-harbor.m,monthly,"Ultra-low-sulfur diesel, New York Harbor",2017-07,1.526,1.526,ok,,
eia_spot.ultra-low-sulfur-diesel-new-york-harbor.m,monthly,"Ultra-low-sulfur diesel, New York Harbor",2017-08,1.631,1.631,ok,,
eia_spot.ultra-low-sulfur-diesel-new-york-harbor.m,monthly,"Ultra-low-sulfur diesel, New York Harbor",2017-09,1.792,1.792,ok,,
eia_spot.ultra-low-sulfur-diesel-new-york-harbor.m,monthly,"Ultra-low-sulfur diesel, New York Harbor",2017-10,1.799,1.799,ok,,
eia_spot.ultra-low-sulfur-diesel-new-york-harbor.m,monthly,"Ultra-low-sulfur diesel, New York Harbor",2017-11,1.916,1.916,ok,,
eia_spot.ultra-low-sulfur-diesel-new-york-harbor.m,monthly,"Ultra-low-sulfur diesel, New York Harbor",2017-12,1.943,1.943,ok,,
eia_spot.ultra-low-sulfur-diesel-new-york-harbor.m,monthly,"Ultra-low-sulfur diesel, New York Harbor",2018-01,2.074,2.074,ok,,
eia_spot.ultra-low-sulfur-diesel-new-york-harbor.m,monthly,"Ultra-low-sulfur diesel, New York Harbor",2018-02,1.939,1.939,ok,,
eia_spot.ultra-low-sulfur-diesel-new-york-harbor.m,monthly,"Ultra-low-sulfur diesel, New York Harbor",2018-03,1.926,1.926,ok,,
eia_spot.ultra-low-sulfur-diesel-new-york-harbor.m,monthly,"Ultra-low-sulfur diesel, New York Harbor",2018-04,2.079,2.079,ok,,
eia_spot.ultra-low-sulfur-diesel-new-york-harbor.m,monthly,"Ultra-low-sulfur diesel, New York Harbor",2018-05,2.231,2.231,ok,,
eia_spot.ultra-low-sulfur-diesel-new-york-harbor.m,monthly,"Ultra-low-sulfur diesel, New York Harbor",2018-06,2.146,2.146,ok,,
eia_spot.ultra-low-sulfur-diesel-new-york-harbor.m,monthly,"Ultra-low-sulfur diesel, New York Harbor",2018-07,2.139,2.139,ok,,
eia_spot.ultra-low-sulfur-diesel-new-york-harbor.m,monthly,"Ultra-low-sulfur diesel, New York Harbor",2018-08,2.153,2.153,ok,,
eia_spot.ultra-low-sulfur-diesel-new-york-harbor.m,monthly,"Ultra-low-sulfur diesel, New York Harbor",2018-09,2.252,2.252,ok,,
eia_spot.ultra-low-sulfur-diesel-new-york-harbor.m,monthly,"Ultra-low-sulfur diesel, New York Harbor",2018-10,2.333,2.333,ok,,
eia_spot.ultra-low-sulfur-diesel-new-york-harbor.m,monthly,"Ultra-low-sulfur diesel, New York Harbor",2018-11,2.055,2.055,ok,,
eia_spot.ultra-low-sulfur-diesel-new-york-harbor.m,monthly,"Ultra-low-sulfur diesel, New York Harbor",2018-12,1.816,1.816,ok,,
eia_spot.ultra-low-sulfur-diesel-new-york-harbor.m,monthly,"Ultra-low-sulfur diesel, New York Harbor",2019-01,1.853,1.853,ok,,
eia_spot.ultra-low-sulfur-diesel-new-york-harbor.m,monthly,"Ultra-low-sulfur diesel, New York Harbor",2019-02,1.959,1.959,ok,,
eia_spot.ultra-low-sulfur-diesel-new-york-harbor.m,monthly,"Ultra-low-sulfur diesel, New York Harbor",2019-03,1.989,1.989,ok,,
eia_spot.ultra-low-sulfur-diesel-new-york-harbor.m,monthly,"Ultra-low-sulfur diesel, New York Harbor",2019-04,2.062,2.062,ok,,
eia_spot.ultra-low-sulfur-diesel-new-york-harbor.m,monthly,"Ultra-low-sulfur diesel, New York Harbor",2019-05,2.033,2.033,ok,,
eia_spot.ultra-low-sulfur-diesel-new-york-harbor.m,monthly,"Ultra-low-sulfur diesel, New York Harbor",2019-06,1.846,1.846,ok,,
eia_spot.ultra-low-sulfur-diesel-new-york-harbor.m,monthly,"Ultra-low-sulfur diesel, New York Harbor",2019-07,1.921,1.921,ok,,
eia_spot.ultra-low-sulfur-diesel-new-york-harbor.m,monthly,"Ultra-low-sulfur diesel, New York Harbor",2019-08,1.824,1.824,ok,,
eia_spot.ultra-low-sulfur-diesel-new-york-harbor.m,monthly,"Ultra-low-sulfur diesel, New York Harbor",2019-09,1.94,1.94,ok,,
eia_spot.ultra-low-sulfur-diesel-new-york-harbor.m,monthly,"Ultra-low-sulfur diesel, New York Harbor",2019-10,1.937,1.937,ok,,
eia_spot.ultra-low-sulfur-diesel-new-york-harbor.m,monthly,"Ultra-low-sulfur diesel, New York Harbor",2019-11,1.932,1.932,ok,,
eia_spot.ultra-low-sulfur-diesel-new-york-harbor.m,monthly,"Ultra-low-sulfur diesel, New York Harbor",2019-12,1.986,1.986,ok,,
eia_spot.ultra-low-sulfur-diesel-new-york-harbor.m,monthly,"Ultra-low-sulfur diesel, New York Harbor",2020-01,1.848,1.848,ok,,
eia_spot.ultra-low-sulfur-diesel-new-york-harbor.m,monthly,"Ultra-low-sulfur diesel, New York Harbor",2020-02,1.622,1.622,ok,,
eia_spot.ultra-low-sulfur-diesel-new-york-harbor.m,monthly,"Ultra-low-sulfur diesel, New York Harbor",2020-03,1.19,1.19,ok,,
eia_spot.ultra-low-sulfur-diesel-new-york-harbor.m,monthly,"Ultra-low-sulfur diesel, New York Harbor",2020-04,0.88,0.88,ok,,
eia_spot.ultra-low-sulfur-diesel-new-york-harbor.m,monthly,"Ultra-low-sulfur diesel, New York Harbor",2020-05,0.887,0.887,ok,,
eia_spot.ultra-low-sulfur-diesel-new-york-harbor.m,monthly,"Ultra-low-sulfur diesel, New York Harbor",2020-06,1.124,1.124,ok,,
eia_spot.ultra-low-sulfur-diesel-new-york-harbor.m,monthly,"Ultra-low-sulfur diesel, New York Harbor",2020-07,1.24,1.24,ok,,
eia_spot.ultra-low-sulfur-diesel-new-york-harbor.m,monthly,"Ultra-low-sulfur diesel, New York Harbor",2020-08,1.226,1.226,ok,,
eia_spot.ultra-low-sulfur-diesel-new-york-harbor.m,monthly,"Ultra-low-sulfur diesel, New York Harbor",2020-09,1.122,1.122,ok,,
eia_spot.ultra-low-sulfur-diesel-new-york-harbor.m,monthly,"Ultra-low-sulfur diesel, New York Harbor",2020-10,1.154,1.154,ok,,
eia_spot.ultra-low-sulfur-diesel-new-york-harbor.m,monthly,"Ultra-low-sulfur diesel, New York Harbor",2020-11,1.241,1.241,ok,,
eia_spot.ultra-low-sulfur-diesel-new-york-harbor.m,monthly,"Ultra-low-sulfur diesel, New York Harbor",2020-12,1.444,1.444,ok,,
eia_spot.ultra-low-sulfur-diesel-new-york-harbor.m,monthly,"Ultra-low-sulfur diesel, New York Harbor",2021-01,1.575,1.575,ok,,
eia_spot.ultra-low-sulfur-diesel-new-york-harbor.m,monthly,"Ultra-low-sulfur diesel, New York Harbor",2021-02,1.788,1.788,ok,,
eia_spot.ultra-low-sulfur-diesel-new-york-harbor.m,monthly,"Ultra-low-sulfur diesel, New York Harbor",2021-03,1.853,1.853,ok,,
eia_spot.ultra-low-sulfur-diesel-new-york-harbor.m,monthly,"Ultra-low-sulfur diesel, New York Harbor",2021-04,1.861,1.861,ok,,
eia_spot.ultra-low-sulfur-diesel-new-york-harbor.m,monthly,"Ultra-low-sulfur diesel, New York Harbor",2021-05,2.024,2.024,ok,,
eia_spot.ultra-low-sulfur-diesel-new-york-harbor.m,monthly,"Ultra-low-sulfur diesel, New York Harbor",2021-06,2.121,2.121,ok,,
eia_spot.ultra-low-sulfur-diesel-new-york-harbor.m,monthly,"Ultra-low-sulfur diesel, New York Harbor",2021-07,2.127,2.127,ok,,
eia_spot.ultra-low-sulfur-diesel-new-york-harbor.m,monthly,"Ultra-low-sulfur diesel, New York Harbor",2021-08,2.068,2.068,ok,,
eia_spot.ultra-low-sulfur-diesel-new-york-harbor.m,monthly,"Ultra-low-sulfur diesel, New York Harbor",2021-09,2.201,2.201,ok,,
eia_spot.ultra-low-sulfur-diesel-new-york-harbor.m,monthly,"Ultra-low-sulfur diesel, New York Harbor",2021-10,2.523,2.523,ok,,
eia_spot.ultra-low-sulfur-diesel-new-york-harbor.m,monthly,"Ultra-low-sulfur diesel, New York Harbor",2021-11,2.391,2.391,ok,,
eia_spot.ultra-low-sulfur-diesel-new-york-harbor.m,monthly,"Ultra-low-sulfur diesel, New York Harbor",2021-12,2.251,2.251,ok,,
eia_spot.ultra-low-sulfur-diesel-new-york-harbor.m,monthly,"Ultra-low-sulfur diesel, New York Harbor",2022-01,2.616,2.616,ok,,
eia_spot.ultra-low-sulfur-diesel-new-york-harbor.m,monthly,"Ultra-low-sulfur diesel, New York Harbor",2022-02,2.872,2.872,ok,,
eia_spot.ultra-low-sulfur-diesel-new-york-harbor.m,monthly,"Ultra-low-sulfur diesel, New York Harbor",2022-03,3.78,3.78,ok,,
eia_spot.ultra-low-sulfur-diesel-new-york-harbor.m,monthly,"Ultra-low-sulfur diesel, New York Harbor",2022-04,4.042,4.042,ok,,
eia_spot.ultra-low-sulfur-diesel-new-york-harbor.m,monthly,"Ultra-low-sulfur diesel, New York Harbor",2022-05,4.646,4.646,ok,,
eia_spot.ultra-low-sulfur-diesel-new-york-harbor.m,monthly,"Ultra-low-sulfur diesel, New York Harbor",2022-06,4.362,4.362,ok,,
eia_spot.ultra-low-sulfur-diesel-new-york-harbor.m,monthly,"Ultra-low-sulfur diesel, New York Harbor",2022-07,3.696,3.696,ok,,
eia_spot.ultra-low-sulfur-diesel-new-york-harbor.m,monthly,"Ultra-low-sulfur diesel, New York Harbor",2022-08,3.596,3.596,ok,,
eia_spot.ultra-low-sulfur-diesel-new-york-harbor.m,monthly,"Ultra-low-sulfur diesel, New York Harbor",2022-09,3.435,3.435,ok,,
eia_spot.ultra-low-sulfur-diesel-new-york-harbor.m,monthly,"Ultra-low-sulfur diesel, New York Harbor",2022-10,4.345,4.345,ok,,
eia_spot.ultra-low-sulfur-diesel-new-york-harbor.m,monthly,"Ultra-low-sulfur diesel, New York Harbor",2022-11,4.063,4.063,ok,,
eia_spot.ultra-low-sulfur-diesel-new-york-harbor.m,monthly,"Ultra-low-sulfur diesel, New York Harbor",2022-12,3.117,3.117,ok,,
eia_spot.ultra-low-sulfur-diesel-new-york-harbor.m,monthly,"Ultra-low-sulfur diesel, New York Harbor",2023-01,3.267,3.267,ok,,
eia_spot.ultra-low-sulfur-diesel-new-york-harbor.m,monthly,"Ultra-low-sulfur diesel, New York Harbor",2023-02,2.832,2.832,ok,,
eia_spot.ultra-low-sulfur-diesel-new-york-harbor.m,monthly,"Ultra-low-sulfur diesel, New York Harbor",2023-03,2.747,2.747,ok,,
eia_spot.ultra-low-sulfur-diesel-new-york-harbor.m,monthly,"Ultra-low-sulfur diesel, New York Harbor",2023-04,2.593,2.593,ok,,
eia_spot.ultra-low-sulfur-diesel-new-york-harbor.m,monthly,"Ultra-low-sulfur diesel, New York Harbor",2023-05,2.346,2.346,ok,,
eia_spot.ultra-low-sulfur-diesel-new-york-harbor.m,monthly,"Ultra-low-sulfur diesel, New York Harbor",2023-06,2.432,2.432,ok,,
eia_spot.ultra-low-sulfur-diesel-new-york-harbor.m,monthly,"Ultra-low-sulfur diesel, New York Harbor",2023-07,2.671,2.671,ok,,
eia_spot.ultra-low-sulfur-diesel-new-york-harbor.m,monthly,"Ultra-low-sulfur diesel, New York Harbor",2023-08,3.117,3.117,ok,,
eia_spot.ultra-low-sulfur-diesel-new-york-harbor.m,monthly,"Ultra-low-sulfur diesel, New York Harbor",2023-09,3.325,3.325,ok,,
eia_spot.ultra-low-sulfur-diesel-new-york-harbor.m,monthly,"Ultra-low-sulfur diesel, New York Harbor",2023-10,3.114,3.114,ok,,
eia_spot.ultra-low-sulfur-diesel-new-york-harbor.m,monthly,"Ultra-low-sulfur diesel, New York Harbor",2023-11,2.905,2.905,ok,,
eia_spot.ultra-low-sulfur-diesel-new-york-harbor.m,monthly,"Ultra-low-sulfur diesel, New York Harbor",2023-12,2.632,2.632,ok,,
eia_spot.ultra-low-sulfur-diesel-new-york-harbor.m,monthly,"Ultra-low-sulfur diesel, New York Harbor",2024-01,2.681,2.681,ok,,
eia_spot.ultra-low-sulfur-diesel-new-york-harbor.m,monthly,"Ultra-low-sulfur diesel, New York Harbor",2024-02,2.771,2.771,ok,,
eia_spot.ultra-low-sulfur-diesel-new-york-harbor.m,monthly,"Ultra-low-sulfur diesel, New York Harbor",2024-03,2.674,2.674,ok,,
eia_spot.ultra-low-sulfur-diesel-new-york-harbor.m,monthly,"Ultra-low-sulfur diesel, New York Harbor",2024-04,2.62,2.62,ok,,
eia_spot.ultra-low-sulfur-diesel-new-york-harbor.m,monthly,"Ultra-low-sulfur diesel, New York Harbor",2024-05,2.43,2.43,ok,,
eia_spot.ultra-low-sulfur-diesel-new-york-harbor.m,monthly,"Ultra-low-sulfur diesel, New York Harbor",2024-06,2.426,2.426,ok,,
eia_spot.ultra-low-sulfur-diesel-new-york-harbor.m,monthly,"Ultra-low-sulfur diesel, New York Harbor",2024-07,2.473,2.473,ok,,
eia_spot.ultra-low-sulfur-diesel-new-york-harbor.m,monthly,"Ultra-low-sulfur diesel, New York Harbor",2024-08,2.28,2.28,ok,,
eia_spot.ultra-low-sulfur-diesel-new-york-harbor.m,monthly,"Ultra-low-sulfur diesel, New York Harbor",2024-09,2.11,2.11,ok,,
eia_spot.ultra-low-sulfur-diesel-new-york-harbor.m,monthly,"Ultra-low-sulfur diesel, New York Harbor",2024-10,2.217,2.217,ok,,
eia_spot.ultra-low-sulfur-diesel-new-york-harbor.m,monthly,"Ultra-low-sulfur diesel, New York Harbor",2024-11,2.226,2.226,ok,,
eia_spot.ultra-low-sulfur-diesel-new-york-harbor.m,monthly,"Ultra-low-sulfur diesel, New York Harbor",2024-12,2.202,2.202,ok,,
eia_spot.ultra-low-sulfur-diesel-new-york-harbor.m,monthly,"Ultra-low-sulfur diesel, New York Harbor",2025-01,2.484,2.484,ok,,
eia_spot.ultra-low-sulfur-diesel-new-york-harbor.m,monthly,"Ultra-low-sulfur diesel, New York Harbor",2025-02,2.471,2.471,ok,,
eia_spot.ultra-low-sulfur-diesel-new-york-harbor.m,monthly,"Ultra-low-sulfur diesel, New York Harbor",2025-03,2.246,2.246,ok,,
eia_spot.ultra-low-sulfur-diesel-new-york-harbor.m,monthly,"Ultra-low-sulfur diesel, New York Harbor",2025-04,2.131,2.131,ok,,
eia_spot.ultra-low-sulfur-diesel-new-york-harbor.m,monthly,"Ultra-low-sulfur diesel, New York Harbor",2025-05,2.082,2.082,ok,,
eia_spot.ultra-low-sulfur-diesel-new-york-harbor.m,monthly,"Ultra-low-sulfur diesel, New York Harbor",2025-06,2.281,2.281,ok,,
eia_spot.ultra-low-sulfur-diesel-new-york-harbor.m,monthly,"Ultra-low-sulfur diesel, New York Harbor",2025-07,2.453,2.453,ok,,
eia_spot.ultra-low-sulfur-diesel-new-york-harbor.m,monthly,"Ultra-low-sulfur diesel, New York Harbor",2025-08,2.325,2.325,ok,,
eia_spot.ultra-low-sulfur-diesel-new-york-harbor.m,monthly,"Ultra-low-sulfur diesel, New York Harbor",2025-09,2.39,2.39,ok,,
eia_spot.ultra-low-sulfur-diesel-new-york-harbor.m,monthly,"Ultra-low-sulfur diesel, New York Harbor",2025-10,2.338,2.338,ok,,
eia_spot.ultra-low-sulfur-diesel-new-york-harbor.m,monthly,"Ultra-low-sulfur diesel, New York Harbor",2025-11,2.523,2.523,ok,,
eia_spot.ultra-low-sulfur-diesel-new-york-harbor.m,monthly,"Ultra-low-sulfur diesel, New York Harbor",2025-12,2.26,2.26,ok,,
eia_spot.ultra-low-sulfur-diesel-new-york-harbor.m,monthly,"Ultra-low-sulfur diesel, New York Harbor",2026-01,2.258,2.258,ok,,
eia_spot.ultra-low-sulfur-diesel-new-york-harbor.m,monthly,"Ultra-low-sulfur diesel, New York Harbor",2026-02,2.501,2.501,ok,,
eia_spot.ultra-low-sulfur-diesel-new-york-harbor.m,monthly,"Ultra-low-sulfur diesel, New York Harbor",2026-03,3.955,3.955,ok,,
eia_spot.ultra-low-sulfur-diesel-new-york-harbor.m,monthly,"Ultra-low-sulfur diesel, New York Harbor",2026-04,3.988,3.988,ok,,
eia_spot.ultra-low-sulfur-diesel-new-york-harbor.m,monthly,"Ultra-low-sulfur diesel, New York Harbor",2026-05,3.969,3.969,ok,,
eia_spot.ultra-low-sulfur-diesel-new-york-harbor.m,monthly,"Ultra-low-sulfur diesel, New York Harbor",2026-06,3.401,3.401,ok,,
eia_spot.ultra-low-sulfur-diesel-new-york-harbor.m,monthly,"Ultra-low-sulfur diesel, New York Harbor",2026-07,3.913,3.913,ok,,
eia_spot.ultra-low-sulfur-diesel-new-york-harbor.m,monthly,"Ultra-low-sulfur diesel, New York Harbor",2026-08,4.253,4.253,ok,,
eia_spot.ultra-low-sulfur-diesel-new-york-harbor.m,monthly,"Ultra-low-sulfur diesel, New York Harbor",2026-09,4.956,4.956,ok,,
eia_spot.no-2-heating-oil-new-york-harbor.m,monthly,"No. 2 heating oil, New York Harbor",1986-06,0.38,0.38,ok,,
eia_spot.no-2-heating-oil-new-york-harbor.m,monthly,"No. 2 heating oil, New York Harbor",1986-07,0.334,0.334,ok,,
eia_spot.no-2-heating-oil-new-york-harbor.m,monthly,"No. 2 heating oil, New York Harbor",1986-08,0.407,0.407,ok,,
eia_spot.no-2-heating-oil-new-york-harbor.m,monthly,"No. 2 heating oil, New York Harbor",1986-09,0.402,0.402,ok,,
eia_spot.no-2-heating-oil-new-york-harbor.m,monthly,"No. 2 heating oil, New York Harbor",1986-10,0.394,0.394,ok,,
eia_spot.no-2-heating-oil-new-york-harbor.m,monthly,"No. 2 heating oil, New York Harbor",1986-11,0.422,0.422,ok,,
eia_spot.no-2-heating-oil-new-york-harbor.m,monthly,"No. 2 heating oil, New York Harbor",1986-12,0.447,0.447,ok,,
eia_spot.no-2-heating-oil-new-york-harbor.m,monthly,"No. 2 heating oil, New York Harbor",1987-01,0.521,0.521,ok,,
eia_spot.no-2-heating-oil-new-york-harbor.m,monthly,"No. 2 heating oil, New York Harbor",1987-02,0.475,0.475,ok,,
eia_spot.no-2-heating-oil-new-york-harbor.m,monthly,"No. 2 heating oil, New York Harbor",1987-03,0.493,0.493,ok,,
eia_spot.no-2-heating-oil-new-york-harbor.m,monthly,"No. 2 heating oil, New York Harbor",1987-04,0.485,0.485,ok,,
eia_spot.no-2-heating-oil-new-york-harbor.m,monthly,"No. 2 heating oil, New York Harbor",1987-05,0.517,0.517,ok,,
eia_spot.no-2-heating-oil-new-york-harbor.m,monthly,"No. 2 heating oil, New York Harbor",1987-06,0.523,0.523,ok,,
eia_spot.no-2-heating-oil-new-york-harbor.m,monthly,"No. 2 heating oil, New York Harbor",1987-07,0.546,0.546,ok,,
eia_spot.no-2-heating-oil-new-york-harbor.m,monthly,"No. 2 heating oil, New York Harbor",1987-08,0.525,0.525,ok,,
eia_spot.no-2-heating-oil-new-york-harbor.m,monthly,"No. 2 heating oil, New York Harbor",1987-09,0.523,0.523,ok,,
eia_spot.no-2-heating-oil-new-york-harbor.m,monthly,"No. 2 heating oil, New York Harbor",1987-10,0.563,0.563,ok,,
eia_spot.no-2-heating-oil-new-york-harbor.m,monthly,"No. 2 heating oil, New York Harbor",1987-11,0.559,0.559,ok,,
eia_spot.no-2-heating-oil-new-york-harbor.m,monthly,"No. 2 heating oil, New York Harbor",1987-12,0.536,0.536,ok,,
eia_spot.no-2-heating-oil-new-york-harbor.m,monthly,"No. 2 heating oil, New York Harbor",1988-01,0.519,0.519,ok,,
eia_spot.no-2-heating-oil-new-york-harbor.m,monthly,"No. 2 heating oil, New York Harbor",1988-02,0.481,0.481,ok,,
eia_spot.no-2-heating-oil-new-york-harbor.m,monthly,"No. 2 heating oil, New York Harbor",1988-03,0.477,0.477,ok,,
eia_spot.no-2-heating-oil-new-york-harbor.m,monthly,"No. 2 heating oil, New York Harbor",1988-04,0.517,0.517,ok,,
eia_spot.no-2-heating-oil-new-york-harbor.m,monthly,"No. 2 heating oil, New York Harbor",1988-05,0.508,0.508,ok,,
eia_spot.no-2-heating-oil-new-york-harbor.m,monthly,"No. 2 heating oil, New York Harbor",1988-06,0.448,0.448,ok,,
eia_spot.no-2-heating-oil-new-york-harbor.m,monthly,"No. 2 heating oil, New York Harbor",1988-07,0.426,0.426,ok,,
eia_spot.no-2-heating-oil-new-york-harbor.m,monthly,"No. 2 heating oil, New York Harbor",1988-08,0.434,0.434,ok,,
eia_spot.no-2-heating-oil-new-york-harbor.m,monthly,"No. 2 heating oil, New York Harbor",1988-09,0.404,0.404,ok,,
eia_spot.no-2-heating-oil-new-york-harbor.m,monthly,"No. 2 heating oil, New York Harbor",1988-10,0.403,0.403,ok,,
eia_spot.no-2-heating-oil-new-york-harbor.m,monthly,"No. 2 heating oil, New York Harbor",1988-11,0.449,0.449,ok,,
eia_spot.no-2-heating-oil-new-york-harbor.m,monthly,"No. 2 heating oil, New York Harbor",1988-12,0.511,0.511,ok,,
eia_spot.no-2-heating-oil-new-york-harbor.m,monthly,"No. 2 heating oil, New York Harbor",1989-01,0.544,0.544,ok,,
eia_spot.no-2-heating-oil-new-york-harbor.m,monthly,"No. 2 heating oil, New York Harbor",1989-02,0.513,0.513,ok,,
eia_spot.no-2-heating-oil-new-york-harbor.m,monthly,"No. 2 heating oil, New York Harbor",1989-03,0.57,0.57,ok,,
eia_spot.no-2-heating-oil-new-york-harbor.m,monthly,"No. 2 heating oil, New York Harbor",1989-04,0.54,0.54,ok,,
eia_spot.no-2-heating-oil-new-york-harbor.m,monthly,"No. 2 heating oil, New York Harbor",1989-05,0.508,0.508,ok,,
eia_spot.no-2-heating-oil-new-york-harbor.m,monthly,"No. 2 heating oil, New York Harbor",1989-06,0.483,0.483,ok,,
eia_spot.no-2-heating-oil-new-york-harbor.m,monthly,"No. 2 heating oil, New York Harbor",1989-07,0.494,0.494,ok,,
eia_spot.no-2-heating-oil-new-york-harbor.m,monthly,"No. 2 heating oil, New York Harbor",1989-08,0.499,0.499,ok,,
eia_spot.no-2-heating-oil-new-york-harbor.m,monthly,"No. 2 heating oil, New York Harbor",1989-09,0.557,0.557,ok,,
eia_spot.no-2-heating-oil-new-york-harbor.m,monthly,"No. 2 heating oil, New York Harbor",1989-10,0.588,0.588,ok,,
eia_spot.no-2-heating-oil-new-york-harbor.m,monthly,"No. 2 heating oil, New York Harbor",1989-11,0.593,0.593,ok,,
eia_spot.no-2-heating-oil-new-york-harbor.m,monthly,"No. 2 heating oil, New York Harbor",1989-12,0.803,0.803,ok,,
eia_spot.no-2-heating-oil-new-york-harbor.m,monthly,"No. 2 heating oil, New York Harbor",1990-01,0.711,0.711,ok,,
eia_spot.no-2-heating-oil-new-york-harbor.m,monthly,"No. 2 heating oil, New York Harbor",1990-02,0.576,0.576,ok,,
eia_spot.no-2-heating-oil-new-york-harbor.m,monthly,"No. 2 heating oil, New York Harbor",1990-03,0.58,0.58,ok,,
eia_spot.no-2-heating-oil-new-york-harbor.m,monthly,"No. 2 heating oil, New York Harbor",1990-04,0.586,0.586,ok,,
eia_spot.no-2-heating-oil-new-york-harbor.m,monthly,"No. 2 heating oil, New York Harbor",1990-05,0.542,0.542,ok,,
eia_spot.no-2-heating-oil-new-york-harbor.m,monthly,"No. 2 heating oil, New York Harbor",1990-06,0.481,0.481,ok,,
eia_spot.no-2-heating-oil-new-york-harbor.m,monthly,"No. 2 heating oil, New York Harbor",1990-07,0.53,0.53,ok,,
eia_spot.no-2-heating-oil-new-york-harbor.m,monthly,"No. 2 heating oil, New York Harbor",1990-08,0.755,0.755,ok,,
eia_spot.no-2-heating-oil-new-york-harbor.m,monthly,"No. 2 heating oil, New York Harbor",1990-09,0.888,0.888,ok,,
eia_spot.no-2-heating-oil-new-york-harbor.m,monthly,"No. 2 heating oil, New York Harbor",1990-10,0.942,0.942,ok,,
eia_spot.no-2-heating-oil-new-york-harbor.m,monthly,"No. 2 heating oil, New York Harbor",1990-11,0.873,0.873,ok,,
eia_spot.no-2-heating-oil-new-york-harbor.m,monthly,"No. 2 heating oil, New York Harbor",1990-12,0.796,0.796,ok,,
eia_spot.no-2-heating-oil-new-york-harbor.m,monthly,"No. 2 heating oil, New York Harbor",1991-01,0.753,0.753,ok,,
eia_spot.no-2-heating-oil-new-york-harbor.m,monthly,"No. 2 heating oil, New York Harbor",1991-02,0.706,0.706,ok,,
eia_spot.no-2-heating-oil-new-york-harbor.m,monthly,"No. 2 heating oil, New York Harbor",1991-03,0.618,0.618,ok,,
eia_spot.no-2-heating-oil-new-york-harbor.m,monthly,"No. 2 heating oil, New York Harbor",1991-04,0.562,0.562,ok,,
eia_spot.no-2-heating-oil-new-york-harbor.m,monthly,"No. 2 heating oil, New York Harbor",1991-05,0.55,0.55,ok,,
eia_spot.no-2-heating-oil-new-york-harbor.m,monthly,"No. 2 heating oil, New York Harbor",1991-06,0.535,0.535,ok,,
eia_spot.no-2-heating-oil-new-york-harbor.m,monthly,"No. 2 heating oil, New York Harbor",1991-07,0.577,0.577,ok,,
eia_spot.no-2-heating-oil-new-york-harbor.m,monthly,"No. 2 heating oil, New York Harbor",1991-08,0.606,0.606,ok,,
eia_spot.no-2-heating-oil-new-york-harbor.m,monthly,"No. 2 heating oil, New York Harbor",1991-09,0.615,0.615,ok,,
eia_spot.no-2-heating-oil-new-york-harbor.m,monthly,"No. 2 heating oil, New York Harbor",1991-10,0.667,0.667,ok,,
eia_spot.no-2-heating-oil-new-york-harbor.m,monthly,"No. 2 heating oil, New York Harbor",1991-11,0.643,0.643,ok,,
eia_spot.no-2-heating-oil-new-york-harbor.m,monthly,"No. 2 heating oil, New York Harbor",1991-12,0.525,0.525,ok,,
eia_spot.no-2-heating-oil-new-york-harbor.m,monthly,"No. 2 heating oil, New York Harbor",1992-01,0.516,0.516,ok,,
eia_spot.no-2-heating-oil-new-york-harbor.m,monthly,"No. 2 heating oil, New York Harbor",1992-02,0.531,0.531,ok,,
eia_spot.no-2-heating-oil-new-york-harbor.m,monthly,"No. 2 heating oil, New York Harbor",1992-03,0.525,0.525,ok,,
eia_spot.no-2-heating-oil-new-york-harbor.m,monthly,"No. 2 heating oil, New York Harbor",1992-04,0.562,0.562,ok,,
eia_spot.no-2-heating-oil-new-york-harbor.m,monthly,"No. 2 heating oil, New York Harbor",1992-05,0.576,0.576,ok,,
eia_spot.no-2-heating-oil-new-york-harbor.m,monthly,"No. 2 heating oil, New York Harbor",1992-06,0.612,0.612,ok,,
eia_spot.no-2-heating-oil-new-york-harbor.m,monthly,"No. 2 heating oil, New York Harbor",1992-07,0.603,0.603,ok,,
eia_spot.no-2-heating-oil-new-york-harbor.m,monthly,"No. 2 heating oil, New York Harbor",1992-08,0.584,0.584,ok,,
eia_spot.no-2-heating-oil-new-york-harbor.m,monthly,"No. 2 heating oil, New York Harbor",1992-09,0.617,0.617,ok,,
eia_spot.no-2-heating-oil-new-york-harbor.m,monthly,"No. 2 heating oil, New York Harbor",1992-10,0.625,0.625,ok,,
eia_spot.no-2-heating-oil-new-york-harbor.m,monthly,"No. 2 heating oil, New York Harbor",1992-11,0.566,0.566,ok,,
eia_spot.no-2-heating-oil-new-york-harbor.m,monthly,"No. 2 heating oil, New York Harbor",1992-12,0.547,0.547,ok,,
eia_spot.no-2-heating-oil-new-york-harbor.m,monthly,"No. 2 heating oil, New York Harbor",1993-01,0.53,0.53,ok,,
eia_spot.no-2-heating-oil-new-york-harbor.m,monthly,"No. 2 heating oil, New York Harbor",1993-02,0.559,0.559,ok,,
eia_spot.no-2-heating-oil-new-york-harbor.m,monthly,"No. 2 heating oil, New York Harbor",1993-03,0.579,0.579,ok,,
eia_spot.no-2-heating-oil-new-york-harbor.m,monthly,"No. 2 heating oil, New York Harbor",1993-04,0.556,0.556,ok,,
eia_spot.no-2-heating-oil-new-york-harbor.m,monthly,"No. 2 heating oil, New York Harbor",1993-05,0.545,0.545,ok,,
eia_spot.no-2-heating-oil-new-york-harbor.m,monthly,"No. 2 heating oil, New York Harbor",1993-06,0.526,0.526,ok,,
eia_spot.no-2-heating-oil-new-york-harbor.m,monthly,"No. 2 heating oil, New York Harbor",1993-07,0.497,0.497,ok,,
eia_spot.no-2-heating-oil-new-york-harbor.m,monthly,"No. 2 heating oil, New York Harbor",1993-08,0.507,0.507,ok,,
eia_spot.no-2-heating-oil-new-york-harbor.m,monthly,"No. 2 heating oil, New York Harbor",1993-09,0.526,0.526,ok,,
eia_spot.no-2-heating-oil-new-york-harbor.m,monthly,"No. 2 heating oil, New York Harbor",1993-10,0.546,0.546,ok,,
eia_spot.no-2-heating-oil-new-york-harbor.m,monthly,"No. 2 heating oil, New York Harbor",1993-11,0.507,0.507,ok,,
eia_spot.no-2-heating-oil-new-york-harbor.m,monthly,"No. 2 heating oil, New York Harbor",1993-12,0.435,0.435,ok,,
eia_spot.no-2-heating-oil-new-york-harbor.m,monthly,"No. 2 heating oil, New York Harbor",1994-01,0.491,0.491,ok,,
eia_spot.no-2-heating-oil-new-york-harbor.m,monthly,"No. 2 heating oil, New York Harbor",1994-02,0.556,0.556,ok,,
eia_spot.no-2-heating-oil-new-york-harbor.m,monthly,"No. 2 heating oil, New York Harbor",1994-03,0.494,0.494,ok,,
eia_spot.no-2-heating-oil-new-york-harbor.m,monthly,"No. 2 heating oil, New York Harbor",1994-04,0.479,0.479,ok,,
eia_spot.no-2-heating-oil-new-york-harbor.m,monthly,"No. 2 heating oil, New York Harbor",1994-05,0.476,0.476,ok,,
eia_spot.no-2-heating-oil-new-york-harbor.m,monthly,"No. 2 heating oil, New York Harbor",1994-06,0.499,0.499,ok,,
eia_spot.no-2-heating-oil-new-york-harbor.m,monthly,"No. 2 heating oil, New York Harbor",1994-07,0.502,0.502,ok,,
eia_spot.no-2-heating-oil-new-york-harbor.m,monthly,"No. 2 heating oil, New York Harbor",1994-08,0.493,0.493,ok,,
eia_spot.no-2-heating-oil-new-york-harbor.m,monthly,"No. 2 heating oil, New York Harbor",1994-09,0.476,0.476,ok,,
eia_spot.no-2-heating-oil-new-york-harbor.m,monthly,"No. 2 heating oil, New York Harbor",1994-10,0.479,0.479,ok,,
eia_spot.no-2-heating-oil-new-york-harbor.m,monthly,"No. 2 heating oil, New York Harbor",1994-11,0.493,0.493,ok,,
eia_spot.no-2-heating-oil-new-york-harbor.m,monthly,"No. 2 heating oil, New York Harbor",1994-12,0.477,0.477,ok,,
eia_spot.no-2-heating-oil-new-york-harbor.m,monthly,"No. 2 heating oil, New York Harbor",1995-01,0.479,0.479,ok,,
eia_spot.no-2-heating-oil-new-york-harbor.m,monthly,"No. 2 heating oil, New York Harbor",1995-02,0.474,0.474,ok,,
eia_spot.no-2-heating-oil-new-york-harbor.m,monthly,"No. 2 heating oil, New York Harbor",1995-03,0.456,0.456,ok,,
eia_spot.no-2-heating-oil-new-york-harbor.m,monthly,"No. 2 heating oil, New York Harbor",1995-04,0.489,0.489,ok,,
eia_spot.no-2-heating-oil-new-york-harbor.m,monthly,"No. 2 heating oil, New York Harbor",1995-05,0.498,0.498,ok,,
eia_spot.no-2-heating-oil-new-york-harbor.m,monthly,"No. 2 heating oil, New York Harbor",1995-06,0.467,0.467,ok,,
eia_spot.no-2-heating-oil-new-york-harbor.m,monthly,"No. 2 heating oil, New York Harbor",1995-07,0.465,0.465,ok,,
eia_spot.no-2-heating-oil-new-york-harbor.m,monthly,"No. 2 heating oil, New York Harbor",1995-08,0.489,0.489,ok,,
eia_spot.no-2-heating-oil-new-york-harbor.m,monthly,"No. 2 heating oil, New York Harbor",1995-09,0.508,0.508,ok,,
eia_spot.no-2-heating-oil-new-york-harbor.m,monthly,"No. 2 heating oil, New York Harbor",1995-10,0.49,0.49,ok,,
eia_spot.no-2-heating-oil-new-york-harbor.m,monthly,"No. 2 heating oil, New York Harbor",1995-11,0.514,0.514,ok,,
eia_spot.no-2-heating-oil-new-york-harbor.m,monthly,"No. 2 heating oil, New York Harbor",1995-12,0.579,0.579,ok,,
eia_spot.no-2-heating-oil-new-york-harbor.m,monthly,"No. 2 heating oil, New York Harbor",1996-01,0.559,0.559,ok,,
eia_spot.no-2-heating-oil-new-york-harbor.m,monthly,"No. 2 heating oil, New York Harbor",1996-02,0.612,0.612,ok,,
eia_spot.no-2-heating-oil-new-york-harbor.m,monthly,"No. 2 heating oil, New York Harbor",1996-03,0.659,0.659,ok,,
eia_spot.no-2-heating-oil-new-york-harbor.m,monthly,"No. 2 heating oil, New York Harbor",1996-04,0.68,0.68,ok,,
eia_spot.no-2-heating-oil-new-york-harbor.m,monthly,"No. 2 heating oil, New York Harbor",1996-05,0.579,0.579,ok,,
eia_spot.no-2-heating-oil-new-york-harbor.m,monthly,"No. 2 heating oil, New York Harbor",1996-06,0.515,0.515,ok,,
eia_spot.no-2-heating-oil-new-york-harbor.m,monthly,"No. 2 heating oil, New York Harbor",1996-07,0.557,0.557,ok,,
eia_spot.no-2-heating-oil-new-york-harbor.m,monthly,"No. 2 heating oil, New York Harbor",1996-08,0.606,0.606,ok,,
eia_spot.no-2-heating-oil-new-york-harbor.m,monthly,"No. 2 heating oil, New York Harbor",1996-09,0.665,0.665,ok,,
eia_spot.no-2-heating-oil-new-york-harbor.m,monthly,"No. 2 heating oil, New York Harbor",1996-10,0.727,0.727,ok,,
eia_spot.no-2-heating-oil-new-york-harbor.m,monthly,"No. 2 heating oil, New York Harbor",1996-11,0.703,0.703,ok,,
eia_spot.no-2-heating-oil-new-york-harbor.m,monthly,"No. 2 heating oil, New York Harbor",1996-12,0.714,0.714,ok,,
eia_spot.no-2-heating-oil-new-york-harbor.m,monthly,"No. 2 heating oil, New York Harbor",1997-01,0.695,0.695,ok,,
eia_spot.no-2-heating-oil-new-york-harbor.m,monthly,"No. 2 heating oil, New York Harbor",1997-02,0.632,0.632,ok,,
eia_spot.no-2-heating-oil-new-york-harbor.m,monthly,"No. 2 heating oil, New York Harbor",1997-03,0.543,0.543,ok,,
eia_spot.no-2-heating-oil-new-york-harbor.m,monthly,"No. 2 heating oil, New York Harbor",1997-04,0.576,0.576,ok,,
eia_spot.no-2-heating-oil-new-york-harbor.m,monthly,"No. 2 heating oil, New York Harbor",1997-05,0.561,0.561,ok,,
eia_spot.no-2-heating-oil-new-york-harbor.m,monthly,"No. 2 heating oil, New York Harbor",1997-06,0.524,0.524,ok,,
eia_spot.no-2-heating-oil-new-york-harbor.m,monthly,"No. 2 heating oil, New York Harbor",1997-07,0.528,0.528,ok,,
eia_spot.no-2-heating-oil-new-york-harbor.m,monthly,"No. 2 heating oil, New York Harbor",1997-08,0.549,0.549,ok,,
eia_spot.no-2-heating-oil-new-york-harbor.m,monthly,"No. 2 heating oil, New York Harbor",1997-09,0.528,0.528,ok,,
eia_spot.no-2-heating-oil-new-york-harbor.m,monthly,"No. 2 heating oil, New York Harbor",1997-10,0.573,0.573,ok,,
eia_spot.no-2-heating-oil-new-york-harbor.m,monthly,"No. 2 heating oil, New York Harbor",1997-11,0.563,0.563,ok,,
eia_spot.no-2-heating-oil-new-york-harbor.m,monthly,"No. 2 heating oil, New York Harbor",1997-12,0.513,0.513,ok,,
eia_spot.no-2-heating-oil-new-york-harbor.m,monthly,"No. 2 heating oil, New York Harbor",1998-01,0.463,0.463,ok,,
eia_spot.no-2-heating-oil-new-york-harbor.m,monthly,"No. 2 heating oil, New York Harbor",1998-02,0.439,0.439,ok,,
eia_spot.no-2-heating-oil-new-york-harbor.m,monthly,"No. 2 heating oil, New York Harbor",1998-03,0.427,0.427,ok,,
eia_spot.no-2-heating-oil-new-york-harbor.m,monthly,"No. 2 heating oil, New York Harbor",1998-04,0.43,0.43,ok,,
eia_spot.no-2-heating-oil-new-york-harbor.m,monthly,"No. 2 heating oil, New York Harbor",1998-05,0.411,0.411,ok,,
eia_spot.no-2-heating-oil-new-york-harbor.m,monthly,"No. 2 heating oil, New York Harbor",1998-06,0.377,0.377,ok,,
eia_spot.no-2-heating-oil-new-york-harbor.m,monthly,"No. 2 heating oil, New York Harbor",1998-07,0.362,0.362,ok,,
eia_spot.no-2-heating-oil-new-york-harbor.m,monthly,"No. 2 heating oil, New York Harbor",1998-08,0.346,0.346,ok,,
eia_spot.no-2-heating-oil-new-york-harbor.m,monthly,"No. 2 heating oil, New York Harbor",1998-09,0.405,0.405,ok,,
eia_spot.no-2-heating-oil-new-york-harbor.m,monthly,"No. 2 heating oil, New York Harbor",1998-10,0.388,0.388,ok,,
eia_spot.no-2-heating-oil-new-york-harbor.m,monthly,"No. 2 heating oil, New York Harbor",1998-11,0.355,0.355,ok,,
eia_spot.no-2-heating-oil-new-york-harbor.m,monthly,"No. 2 heating oil, New York Harbor",1998-12,0.313,0.313,ok,,
eia_spot.no-2-heating-oil-new-york-harbor.m,monthly,"No. 2 heating oil, New York Harbor",1999-01,0.335,0.335,ok,,
eia_spot.no-2-heating-oil-new-york-harbor.m,monthly,"No. 2 heating oil, New York Harbor",1999-02,0.303,0.303,ok,,
eia_spot.no-2-heating-oil-new-york-harbor.m,monthly,"No. 2 heating oil, New York Harbor",1999-03,0.396,0.396,ok,,
eia_spot.no-2-heating-oil-new-york-harbor.m,monthly,"No. 2 heating oil, New York Harbor",1999-04,0.425,0.425,ok,,
eia_spot.no-2-heating-oil-new-york-harbor.m,monthly,"No. 2 heating oil, New York Harbor",1999-05,0.422,0.422,ok,,
eia_spot.no-2-heating-oil-new-york-harbor.m,monthly,"No. 2 heating oil, New York Harbor",1999-06,0.426,0.426,ok,,
eia_spot.no-2-heating-oil-new-york-harbor.m,monthly,"No. 2 heating oil, New York Harbor",1999-07,0.5,0.5,ok,,
eia_spot.no-2-heating-oil-new-york-harbor.m,monthly,"No. 2 heating oil, New York Harbor",1999-08,0.553,0.553,ok,,
eia_spot.no-2-heating-oil-new-york-harbor.m,monthly,"No. 2 heating oil, New York Harbor",1999-09,0.604,0.604,ok,,
eia_spot.no-2-heating-oil-new-york-harbor.m,monthly,"No. 2 heating oil, New York Harbor",1999-10,0.591,0.591,ok,,
eia_spot.no-2-heating-oil-new-york-harbor.m,monthly,"No. 2 heating oil, New York Harbor",1999-11,0.657,0.657,ok,,
eia_spot.no-2-heating-oil-new-york-harbor.m,monthly,"No. 2 heating oil, New York Harbor",1999-12,0.665,0.665,ok,,
eia_spot.no-2-heating-oil-new-york-harbor.m,monthly,"No. 2 heating oil, New York Harbor",2000-01,0.923,0.923,ok,,
eia_spot.no-2-heating-oil-new-york-harbor.m,monthly,"No. 2 heating oil, New York Harbor",2000-02,0.957,0.957,ok,,
eia_spot.no-2-heating-oil-new-york-harbor.m,monthly,"No. 2 heating oil, New York Harbor",2000-03,0.77,0.77,ok,,
eia_spot.no-2-heating-oil-new-york-harbor.m,monthly,"No. 2 heating oil, New York Harbor",2000-04,0.75,0.75,ok,,
eia_spot.no-2-heating-oil-new-york-harbor.m,monthly,"No. 2 heating oil, New York Harbor",2000-05,0.743,0.743,ok,,
eia_spot.no-2-heating-oil-new-york-harbor.m,monthly,"No. 2 heating oil, New York Harbor",2000-06,0.783,0.783,ok,,
eia_spot.no-2-heating-oil-new-york-harbor.m,monthly,"No. 2 heating oil, New York Harbor",2000-07,0.779,0.779,ok,,
eia_spot.no-2-heating-oil-new-york-harbor.m,monthly,"No. 2 heating oil, New York Harbor",2000-08,0.918,0.918,ok,,
eia_spot.no-2-heating-oil-new-york-harbor.m,monthly,"No. 2 heating oil, New York Harbor",2000-09,0.996,0.996,ok,,
eia_spot.no-2-heating-oil-new-york-harbor.m,monthly,"No. 2 heating oil, New York Harbor",2000-10,0.996,0.996,ok,,
eia_spot.no-2-heating-oil-new-york-harbor.m,monthly,"No. 2 heating oil, New York Harbor",2000-11,1.032,1.032,ok,,
eia_spot.no-2-heating-oil-new-york-harbor.m,monthly,"No. 2 heating oil, New York Harbor",2000-12,0.948,0.948,ok,,
eia_spot.no-2-heating-oil-new-york-harbor.m,monthly,"No. 2 heating oil, New York Harbor",2001-01,0.839,0.839,ok,,
eia_spot.no-2-heating-oil-new-york-harbor.m,monthly,"No. 2 heating oil, New York Harbor",2001-02,0.797,0.797,ok,,
eia_spot.no-2-heating-oil-new-york-harbor.m,monthly,"No. 2 heating oil, New York Harbor",2001-03,0.746,0.746,ok,,
eia_spot.no-2-heating-oil-new-york-harbor.m,monthly,"No. 2 heating oil, New York Harbor",2001-04,0.783,0.783,ok,,
eia_spot.no-2-heating-oil-new-york-harbor.m,monthly,"No. 2 heating oil, New York Harbor",2001-05,0.774,0.774,ok,,
eia_spot.no-2-heating-oil-new-york-harbor.m,monthly,"No. 2 heating oil, New York Harbor",2001-06,0.759,0.759,ok,,
eia_spot.no-2-heating-oil-new-york-harbor.m,monthly,"No. 2 heating oil, New York Harbor",2001-07,0.696,0.696,ok,,
eia_spot.no-2-heating-oil-new-york-harbor.m,monthly,"No. 2 heating oil, New York Harbor",2001-08,0.735,0.735,ok,,
eia_spot.no-2-heating-oil-new-york-harbor.m,monthly,"No. 2 heating oil, New York Harbor",2001-09,0.727,0.727,ok,,
eia_spot.no-2-heating-oil-new-york-harbor.m,monthly,"No. 2 heating oil, New York Harbor",2001-10,0.628,0.628,ok,,
eia_spot.no-2-heating-oil-new-york-harbor.m,monthly,"No. 2 heating oil, New York Harbor",2001-11,0.544,0.544,ok,,
eia_spot.no-2-heating-oil-new-york-harbor.m,monthly,"No. 2 heating oil, New York Harbor",2001-12,0.513,0.513,ok,,
eia_spot.no-2-heating-oil-new-york-harbor.m,monthly,"No. 2 heating oil, New York Harbor",2002-01,0.536,0.536,ok,,
eia_spot.no-2-heating-oil-new-york-harbor.m,monthly,"No. 2 heating oil, New York Harbor",2002-02,0.542,0.542,ok,,
eia_spot.no-2-heating-oil-new-york-harbor.m,monthly,"No. 2 heating oil, New York Harbor",2002-03,0.637,0.637,ok,,
eia_spot.no-2-heating-oil-new-york-harbor.m,monthly,"No. 2 heating oil, New York Harbor",2002-04,0.67,0.67,ok,,
eia_spot.no-2-heating-oil-new-york-harbor.m,monthly,"No. 2 heating oil, New York Harbor",2002-05,0.665,0.665,ok,,
eia_spot.no-2-heating-oil-new-york-harbor.m,monthly,"No. 2 heating oil, New York Harbor",2002-06,0.647,0.647,ok,,
eia_spot.no-2-heating-oil-new-york-harbor.m,monthly,"No. 2 heating oil, New York Harbor",2002-07,0.68,0.68,ok,,
eia_spot.no-2-heating-oil-new-york-harbor.m,monthly,"No. 2 heating oil, New York Harbor",2002-08,0.7,0.7,ok,,
eia_spot.no-2-heating-oil-new-york-harbor.m,monthly,"No. 2 heating oil, New York Harbor",2002-09,0.773,0.773,ok,,
eia_spot.no-2-heating-oil-new-york-harbor.m,monthly,"No. 2 heating oil, New York Harbor",2002-10,0.767,0.767,ok,,
eia_spot.no-2-heating-oil-new-york-harbor.m,monthly,"No. 2 heating oil, New York Harbor",2002-11,0.722,0.722,ok,,
eia_spot.no-2-heating-oil-new-york-harbor.m,monthly,"No. 2 heating oil, New York Harbor",2002-12,0.819,0.819,ok,,
eia_spot.no-2-heating-oil-new-york-harbor.m,monthly,"No. 2 heating oil, New York Harbor",2003-01,0.897,0.897,ok,,
eia_spot.no-2-heating-oil-new-york-harbor.m,monthly,"No. 2 heating oil, New York Harbor",2003-02,1.125,1.125,ok,,
eia_spot.no-2-heating-oil-new-york-harbor.m,monthly,"No. 2 heating oil, New York Harbor",2003-03,1.007,1.007,ok,,
eia_spot.no-2-heating-oil-new-york-harbor.m,monthly,"No. 2 heating oil, New York Harbor",2003-04,0.795,0.795,ok,,
eia_spot.no-2-heating-oil-new-york-harbor.m,monthly,"No. 2 heating oil, New York Harbor",2003-05,0.738,0.738,ok,,
eia_spot.no-2-heating-oil-new-york-harbor.m,monthly,"No. 2 heating oil, New York Harbor",2003-06,0.76,0.76,ok,,
eia_spot.no-2-heating-oil-new-york-harbor.m,monthly,"No. 2 heating oil, New York Harbor",2003-07,0.786,0.786,ok,,
eia_spot.no-2-heating-oil-new-york-harbor.m,monthly,"No. 2 heating oil, New York Harbor",2003-08,0.815,0.815,ok,,
eia_spot.no-2-heating-oil-new-york-harbor.m,monthly,"No. 2 heating oil, New York Harbor",2003-09,0.735,0.735,ok,,
eia_spot.no-2-heating-oil-new-york-harbor.m,monthly,"No. 2 heating oil, New York Harbor",2003-10,0.819,0.819,ok,,
eia_spot.no-2-heating-oil-new-york-harbor.m,monthly,"No. 2 heating oil, New York Harbor",2003-11,0.832,0.832,ok,,
eia_spot.no-2-heating-oil-new-york-harbor.m,monthly,"No. 2 heating oil, New York Harbor",2003-12,0.894,0.894,ok,,
eia_spot.no-2-heating-oil-new-york-harbor.m,monthly,"No. 2 heating oil, New York Harbor",2004-01,0.992,0.992,ok,,
eia_spot.no-2-heating-oil-new-york-harbor.m,monthly,"No. 2 heating oil, New York Harbor",2004-02,0.908,0.908,ok,,
eia_spot.no-2-heating-oil-new-york-harbor.m,monthly,"No. 2 heating oil, New York Harbor",2004-03,0.907,0.907,ok,,
eia_spot.no-2-heating-oil-new-york-harbor.m,monthly,"No. 2 heating oil, New York Harbor",2004-04,0.927,0.927,ok,,
eia_spot.no-2-heating-oil-new-york-harbor.m,monthly,"No. 2 heating oil, New York Harbor",2004-05,1.016,1.016,ok,,
eia_spot.no-2-heating-oil-new-york-harbor.m,monthly,"No. 2 heating oil, New York Harbor",2004-06,0.993,0.993,ok,,
eia_spot.no-2-heating-oil-new-york-harbor.m,monthly,"No. 2 heating oil, New York Harbor",2004-07,1.083,1.083,ok,,
eia_spot.no-2-heating-oil-new-york-harbor.m,monthly,"No. 2 heating oil, New York Harbor",2004-08,1.169,1.169,ok,,
eia_spot.no-2-heating-oil-new-york-harbor.m,monthly,"No. 2 heating oil, New York Harbor",2004-09,1.237,1.237,ok,,
eia_spot.no-2-heating-oil-new-york-harbor.m,monthly,"No. 2 heating oil, New York Harbor",2004-10,1.479,1.479,ok,,
eia_spot.no-2-heating-oil-new-york-harbor.m,monthly,"No. 2 heating oil, New York Harbor",2004-11,1.399,1.399,ok,,
eia_spot.no-2-heating-oil-new-york-harbor.m,monthly,"No. 2 heating oil, New York Harbor",2004-12,1.28,1.28,ok,,
eia_spot.no-2-heating-oil-new-york-harbor.m,monthly,"No. 2 heating oil, New York Harbor",2005-01,1.316,1.316,ok,,
eia_spot.no-2-heating-oil-new-york-harbor.m,monthly,"No. 2 heating oil, New York Harbor",2005-02,1.356,1.356,ok,,
eia_spot.no-2-heating-oil-new-york-harbor.m,monthly,"No. 2 heating oil, New York Harbor",2005-03,1.557,1.557,ok,,
eia_spot.no-2-heating-oil-new-york-harbor.m,monthly,"No. 2 heating oil, New York Harbor",2005-04,1.522,1.522,ok,,
eia_spot.no-2-heating-oil-new-york-harbor.m,monthly,"No. 2 heating oil, New York Harbor",2005-05,1.413,1.413,ok,,
eia_spot.no-2-heating-oil-new-york-harbor.m,monthly,"No. 2 heating oil, New York Harbor",2005-06,1.606,1.606,ok,,
eia_spot.no-2-heating-oil-new-york-harbor.m,monthly,"No. 2 heating oil, New York Harbor",2005-07,1.654,1.654,ok,,
eia_spot.no-2-heating-oil-new-york-harbor.m,monthly,"No. 2 heating oil, New York Harbor",2005-08,1.796,1.796,ok,,
eia_spot.no-2-heating-oil-new-york-harbor.m,monthly,"No. 2 heating oil, New York Harbor",2005-09,1.953,1.953,ok,,
eia_spot.no-2-heating-oil-new-york-harbor.m,monthly,"No. 2 heating oil, New York Harbor",2005-10,1.893,1.893,ok,,
eia_spot.no-2-heating-oil-new-york-harbor.m,monthly,"No. 2 heating oil, New York Harbor",2005-11,1.7,1.7,ok,,
eia_spot.no-2-heating-oil-new-york-harbor.m,monthly,"No. 2 heating oil, New York Harbor",2005-12,1.713,1.713,ok,,
eia_spot.no-2-heating-oil-new-york-harbor.m,monthly,"No. 2 heating oil, New York Harbor",2006-01,1.738,1.738,ok,,
eia_spot.no-2-heating-oil-new-york-harbor.m,monthly,"No. 2 heating oil, New York Harbor",2006-02,1.635,1.635,ok,,
eia_spot.no-2-heating-oil-new-york-harbor.m,monthly,"No. 2 heating oil, New York Harbor",2006-03,1.772,1.772,ok,,
eia_spot.no-2-heating-oil-new-york-harbor.m,monthly,"No. 2 heating oil, New York Harbor",2006-04,1.962,1.962,ok,,
eia_spot.no-2-heating-oil-new-york-harbor.m,monthly,"No. 2 heating oil, New York Harbor",2006-05,1.973,1.973,ok,,
eia_spot.no-2-heating-oil-new-york-harbor.m,monthly,"No. 2 heating oil, New York Harbor",2006-06,1.925,1.925,ok,,
eia_spot.no-2-heating-oil-new-york-harbor.m,monthly,"No. 2 heating oil, New York Harbor",2006-07,1.94,1.94,ok,,
eia_spot.no-2-heating-oil-new-york-harbor.m,monthly,"No. 2 heating oil, New York Harbor",2006-08,1.989,1.989,ok,,
eia_spot.no-2-heating-oil-new-york-harbor.m,monthly,"No. 2 heating oil, New York Harbor",2006-09,1.707,1.707,ok,,
eia_spot.no-2-heating-oil-new-york-harbor.m,monthly,"No. 2 heating oil, New York Harbor",2006-10,1.65,1.65,ok,,
eia_spot.no-2-heating-oil-new-york-harbor.m,monthly,"No. 2 heating oil, New York Harbor",2006-11,1.65,1.65,ok,,
eia_spot.no-2-heating-oil-new-york-harbor.m,monthly,"No. 2 heating oil, New York Harbor",2006-12,1.701,1.701,ok,,
eia_spot.no-2-heating-oil-new-york-harbor.m,monthly,"No. 2 heating oil, New York Harbor",2007-01,1.522,1.522,ok,,
eia_spot.no-2-heating-oil-new-york-harbor.m,monthly,"No. 2 heating oil, New York Harbor",2007-02,1.695,1.695,ok,,
eia_spot.no-2-heating-oil-new-york-harbor.m,monthly,"No. 2 heating oil, New York Harbor",2007-03,1.742,1.742,ok,,
eia_spot.no-2-heating-oil-new-york-harbor.m,monthly,"No. 2 heating oil, New York Harbor",2007-04,1.864,1.864,ok,,
eia_spot.no-2-heating-oil-new-york-harbor.m,monthly,"No. 2 heating oil, New York Harbor",2007-05,1.884,1.884,ok,,
eia_spot.no-2-heating-oil-new-york-harbor.m,monthly,"No. 2 heating oil, New York Harbor",2007-06,1.991,1.991,ok,,
eia_spot.no-2-heating-oil-new-york-harbor.m,monthly,"No. 2 heating oil, New York Harbor",2007-07,2.072,2.072,ok,,
eia_spot.no-2-heating-oil-new-york-harbor.m,monthly,"No. 2 heating oil, New York Harbor",2007-08,1.985,1.985,ok,,
eia_spot.no-2-heating-oil-new-york-harbor.m,monthly,"No. 2 heating oil, New York Harbor",2007-09,2.179,2.179,ok,,
eia_spot.no-2-heating-oil-new-york-harbor.m,monthly,"No. 2 heating oil, New York Harbor",2007-10,2.282,2.282,ok,,
eia_spot.no-2-heating-oil-new-york-harbor.m,monthly,"No. 2 heating oil, New York Harbor",2007-11,2.587,2.587,ok,,
eia_spot.no-2-heating-oil-new-york-harbor.m,monthly,"No. 2 heating oil, New York Harbor",2007-12,2.574,2.574,ok,,
eia_spot.no-2-heating-oil-new-york-harbor.m,monthly,"No. 2 heating oil, New York Harbor",2008-01,2.558,2.558,ok,,
eia_spot.no-2-heating-oil-new-york-harbor.m,monthly,"No. 2 heating oil, New York Harbor",2008-02,2.644,2.644,ok,,
eia_spot.no-2-heating-oil-new-york-harbor.m,monthly,"No. 2 heating oil, New York Harbor",2008-03,3.066,3.066,ok,,
eia_spot.no-2-heating-oil-new-york-harbor.m,monthly,"No. 2 heating oil, New York Harbor",2008-04,3.226,3.226,ok,,
eia_spot.no-2-heating-oil-new-york-harbor.m,monthly,"No. 2 heating oil, New York Harbor",2008-05,3.615,3.615,ok,,
eia_spot.no-2-heating-oil-new-york-harbor.m,monthly,"No. 2 heating oil, New York Harbor",2008-06,3.801,3.801,ok,,
eia_spot.no-2-heating-oil-new-york-harbor.m,monthly,"No. 2 heating oil, New York Harbor",2008-07,3.759,3.759,ok,,
eia_spot.no-2-heating-oil-new-york-harbor.m,monthly,"No. 2 heating oil, New York Harbor",2008-08,3.169,3.169,ok,,
eia_spot.no-2-heating-oil-new-york-harbor.m,monthly,"No. 2 heating oil, New York Harbor",2008-09,2.911,2.911,ok,,
eia_spot.no-2-heating-oil-new-york-harbor.m,monthly,"No. 2 heating oil, New York Harbor",2008-10,2.239,2.239,ok,,
eia_spot.no-2-heating-oil-new-york-harbor.m,monthly,"No. 2 heating oil, New York Harbor",2008-11,1.843,1.843,ok,,
eia_spot.no-2-heating-oil-new-york-harbor.m,monthly,"No. 2 heating oil, New York Harbor",2008-12,1.402,1.402,ok,,
eia_spot.no-2-heating-oil-new-york-harbor.m,monthly,"No. 2 heating oil, New York Harbor",2009-01,1.466,1.466,ok,,
eia_spot.no-2-heating-oil-new-york-harbor.m,monthly,"No. 2 heating oil, New York Harbor",2009-02,1.28,1.28,ok,,
eia_spot.no-2-heating-oil-new-york-harbor.m,monthly,"No. 2 heating oil, New York Harbor",2009-03,1.277,1.277,ok,,
eia_spot.no-2-heating-oil-new-york-harbor.m,monthly,"No. 2 heating oil, New York Harbor",2009-04,1.358,1.358,ok,,
eia_spot.no-2-heating-oil-new-york-harbor.m,monthly,"No. 2 heating oil, New York Harbor",2009-05,1.473,1.473,ok,,
eia_spot.no-2-heating-oil-new-york-harbor.m,monthly,"No. 2 heating oil, New York Harbor",2009-06,1.748,1.748,ok,,
eia_spot.no-2-heating-oil-new-york-harbor.m,monthly,"No. 2 heating oil, New York Harbor",2009-07,1.628,1.628,ok,,
eia_spot.no-2-heating-oil-new-york-harbor.m,monthly,"No. 2 heating oil, New York Harbor",2009-08,1.865,1.865,ok,,
eia_spot.no-2-heating-oil-new-york-harbor.m,monthly,"No. 2 heating oil, New York Harbor",2009-09,1.728,1.728,ok,,
eia_spot.no-2-heating-oil-new-york-harbor.m,monthly,"No. 2 heating oil, New York Harbor",2009-10,1.929,1.929,ok,,
eia_spot.no-2-heating-oil-new-york-harbor.m,monthly,"No. 2 heating oil, New York Harbor",2009-11,1.981,1.981,ok,,
eia_spot.no-2-heating-oil-new-york-harbor.m,monthly,"No. 2 heating oil, New York Harbor",2009-12,1.968,1.968,ok,,
eia_spot.no-2-heating-oil-new-york-harbor.m,monthly,"No. 2 heating oil, New York Harbor",2010-01,2.046,2.046,ok,,
eia_spot.no-2-heating-oil-new-york-harbor.m,monthly,"No. 2 heating oil, New York Harbor",2010-02,1.979,1.979,ok,,
eia_spot.no-2-heating-oil-new-york-harbor.m,monthly,"No. 2 heating oil, New York Harbor",2010-03,2.083,2.083,ok,,
eia_spot.no-2-heating-oil-new-york-harbor.m,monthly,"No. 2 heating oil, New York Harbor",2010-04,2.204,2.204,ok,,
eia_spot.no-2-heating-oil-new-york-harbor.m,monthly,"No. 2 heating oil, New York Harbor",2010-05,2.04,2.04,ok,,
eia_spot.no-2-heating-oil-new-york-harbor.m,monthly,"No. 2 heating oil, New York Harbor",2010-06,2.032,2.032,ok,,
eia_spot.no-2-heating-oil-new-york-harbor.m,monthly,"No. 2 heating oil, New York Harbor",2010-07,1.98,1.98,ok,,
eia_spot.no-2-heating-oil-new-york-harbor.m,monthly,"No. 2 heating oil, New York Harbor",2010-08,2.016,2.016,ok,,
eia_spot.no-2-heating-oil-new-york-harbor.m,monthly,"No. 2 heating oil, New York Harbor",2010-09,2.09,2.09,ok,,
eia_spot.no-2-heating-oil-new-york-harbor.m,monthly,"No. 2 heating oil, New York Harbor",2010-10,2.242,2.242,ok,,
eia_spot.no-2-heating-oil-new-york-harbor.m,monthly,"No. 2 heating oil, New York Harbor",2010-11,2.32,2.32,ok,,
eia_spot.no-2-heating-oil-new-york-harbor.m,monthly,"No. 2 heating oil, New York Harbor",2010-12,2.469,2.469,ok,,
eia_spot.no-2-heating-oil-new-york-harbor.m,monthly,"No. 2 heating oil, New York Harbor",2011-01,2.604,2.604,ok,,
eia_spot.no-2-heating-oil-new-york-harbor.m,monthly,"No. 2 heating oil, New York Harbor",2011-02,2.77,2.77,ok,,
eia_spot.no-2-heating-oil-new-york-harbor.m,monthly,"No. 2 heating oil, New York Harbor",2011-03,3.034,3.034,ok,,
eia_spot.no-2-heating-oil-new-york-harbor.m,monthly,"No. 2 heating oil, New York Harbor",2011-04,3.196,3.196,ok,,
eia_spot.no-2-heating-oil-new-york-harbor.m,monthly,"No. 2 heating oil, New York Harbor",2011-05,2.952,2.952,ok,,
eia_spot.no-2-heating-oil-new-york-harbor.m,monthly,"No. 2 heating oil, New York Harbor",2011-06,2.977,2.977,ok,,
eia_spot.no-2-heating-oil-new-york-harbor.m,monthly,"No. 2 heating oil, New York Harbor",2011-07,3.075,3.075,ok,,
eia_spot.no-2-heating-oil-new-york-harbor.m,monthly,"No. 2 heating oil, New York Harbor",2011-08,2.946,2.946,ok,,
eia_spot.no-2-heating-oil-new-york-harbor.m,monthly,"No. 2 heating oil, New York Harbor",2011-09,2.921,2.921,ok,,
eia_spot.no-2-heating-oil-new-york-harbor.m,monthly,"No. 2 heating oil, New York Harbor",2011-10,2.953,2.953,ok,,
eia_spot.no-2-heating-oil-new-york-harbor.m,monthly,"No. 2 heating oil, New York Harbor",2011-11,3.054,3.054,ok,,
eia_spot.no-2-heating-oil-new-york-harbor.m,monthly,"No. 2 heating oil, New York Harbor",2011-12,2.891,2.891,ok,,
eia_spot.no-2-heating-oil-new-york-harbor.m,monthly,"No. 2 heating oil, New York Harbor",2012-01,3.054,3.054,ok,,
eia_spot.no-2-heating-oil-new-york-harbor.m,monthly,"No. 2 heating oil, New York Harbor",2012-02,3.196,3.196,ok,,
eia_spot.no-2-heating-oil-new-york-harbor.m,monthly,"No. 2 heating oil, New York Harbor",2012-03,3.217,3.217,ok,,
eia_spot.no-2-heating-oil-new-york-harbor.m,monthly,"No. 2 heating oil, New York Harbor",2012-04,3.151,3.151,ok,,
eia_spot.no-2-heating-oil-new-york-harbor.m,monthly,"No. 2 heating oil, New York Harbor",2012-05,2.913,2.913,ok,,
eia_spot.no-2-heating-oil-new-york-harbor.m,monthly,"No. 2 heating oil, New York Harbor",2012-06,2.619,2.619,ok,,
eia_spot.no-2-heating-oil-new-york-harbor.m,monthly,"No. 2 heating oil, New York Harbor",2012-07,2.813,2.813,ok,,
eia_spot.no-2-heating-oil-new-york-harbor.m,monthly,"No. 2 heating oil, New York Harbor",2012-08,3.045,3.045,ok,,
eia_spot.no-2-heating-oil-new-york-harbor.m,monthly,"No. 2 heating oil, New York Harbor",2012-09,3.134,3.134,ok,,
eia_spot.no-2-heating-oil-new-york-harbor.m,monthly,"No. 2 heating oil, New York Harbor",2012-10,3.141,3.141,ok,,
eia_spot.no-2-heating-oil-new-york-harbor.m,monthly,"No. 2 heating oil, New York Harbor",2012-11,3.009,3.009,ok,,
eia_spot.no-2-heating-oil-new-york-harbor.m,monthly,"No. 2 heating oil, New York Harbor",2012-12,2.995,2.995,ok,,
eia_spot.no-2-heating-oil-new-york-harbor.m,monthly,"No. 2 heating oil, New York Harbor",2013-01,3.068,3.068,ok,,
eia_spot.no-2-heating-oil-new-york-harbor.m,monthly,"No. 2 heating oil, New York Harbor",2013-02,3.168,3.168,ok,,
eia_spot.no-2-heating-oil-new-york-harbor.m,monthly,"No. 2 heating oil, New York Harbor",2013-03,2.943,2.943,ok,,
eia_spot.no-2-heating-oil-new-york-harbor.m,monthly,"No. 2 heating oil, New York Harbor",2013-04,2.743,2.743,ok,,
eia_spot.no-2-heating-oil-new-york-harbor.m,monthly,"No. 2 heating oil, New York Harbor",2013-05,2.739,2.739,ok,,
eia_spot.no-2-heating-oil-new-york-harbor.m,monthly,"No. 2 heating oil, New York Harbor",2013-06,2.752,2.752,ok,,
eia_spot.no-2-heating-oil-new-york-harbor.m,monthly,"No. 2 heating oil, New York Harbor",2013-07,2.885,2.885,ok,,
eia_spot.no-2-heating-oil-new-york-harbor.m,monthly,"No. 2 heating oil, New York Harbor",2013-08,2.958,2.958,ok,,
eia_spot.no-2-heating-oil-new-york-harbor.m,monthly,"No. 2 heating oil, New York Harbor",2013-09,2.961,2.961,ok,,
eia_spot.no-2-heating-oil-new-york-harbor.m,monthly,"No. 2 heating oil, New York Harbor",2013-10,2.94,2.94,ok,,
eia_spot.no-2-heating-oil-new-york-harbor.m,monthly,"No. 2 heating oil, New York Harbor",2013-11,2.923,2.923,ok,,
eia_spot.no-2-heating-oil-new-york-harbor.m,monthly,"No. 2 heating oil, New York Harbor",2013-12,3.033,3.033,ok,,
eia_spot.no-2-heating-oil-new-york-harbor.m,monthly,"No. 2 heating oil, New York Harbor",2014-01,3.063,3.063,ok,,
eia_spot.no-2-heating-oil-new-york-harbor.m,monthly,"No. 2 heating oil, New York Harbor",2014-02,3.061,3.061,ok,,
eia_spot.no-2-heating-oil-new-york-harbor.m,monthly,"No. 2 heating oil, New York Harbor",2014-03,2.912,2.912,ok,,
eia_spot.no-2-heating-oil-new-york-harbor.m,monthly,"No. 2 heating oil, New York Harbor",2014-04,2.888,2.888,ok,,
eia_spot.no-2-heating-oil-new-york-harbor.m,monthly,"No. 2 heating oil, New York Harbor",2014-05,2.86,2.86,ok,,
eia_spot.no-2-heating-oil-new-york-harbor.m,monthly,"No. 2 heating oil, New York Harbor",2014-06,2.882,2.882,ok,,
eia_spot.no-2-heating-oil-new-york-harbor.m,monthly,"No. 2 heating oil, New York Harbor",2014-07,2.776,2.776,ok,,
eia_spot.no-2-heating-oil-new-york-harbor.m,monthly,"No. 2 heating oil, New York Harbor",2014-08,2.754,2.754,ok,,
eia_spot.no-2-heating-oil-new-york-harbor.m,monthly,"No. 2 heating oil, New York Harbor",2014-09,2.633,2.633,ok,,
eia_spot.no-2-heating-oil-new-york-harbor.m,monthly,"No. 2 heating oil, New York Harbor",2014-10,2.424,2.424,ok,,
eia_spot.no-2-heating-oil-new-york-harbor.m,monthly,"No. 2 heating oil, New York Harbor",2014-11,2.249,2.249,ok,,
eia_spot.no-2-heating-oil-new-york-harbor.m,monthly,"No. 2 heating oil, New York Harbor",2014-12,1.856,1.856,ok,,
eia_spot.no-2-heating-oil-new-york-harbor.m,monthly,"No. 2 heating oil, New York Harbor",2015-01,1.616,1.616,ok,,
eia_spot.no-2-heating-oil-new-york-harbor.m,monthly,"No. 2 heating oil, New York Harbor",2015-02,1.873,1.873,ok,,
eia_spot.no-2-heating-oil-new-york-harbor.m,monthly,"No. 2 heating oil, New York Harbor",2015-03,1.632,1.632,ok,,
eia_spot.no-2-heating-oil-new-york-harbor.m,monthly,"No. 2 heating oil, New York Harbor",2015-04,1.723,1.723,ok,,
eia_spot.no-2-heating-oil-new-york-harbor.m,monthly,"No. 2 heating oil, New York Harbor",2015-05,1.832,1.832,ok,,
eia_spot.no-2-heating-oil-new-york-harbor.m,monthly,"No. 2 heating oil, New York Harbor",2015-06,1.762,1.762,ok,,
eia_spot.no-2-heating-oil-new-york-harbor.m,monthly,"No. 2 heating oil, New York Harbor",2015-07,1.551,1.551,ok,,
eia_spot.no-2-heating-oil-new-york-harbor.m,monthly,"No. 2 heating oil, New York Harbor",2015-08,1.388,1.388,ok,,
eia_spot.no-2-heating-oil-new-york-harbor.m,monthly,"No. 2 heating oil, New York Harbor",2015-09,1.422,1.422,ok,,
eia_spot.no-2-heating-oil-new-york-harbor.m,monthly,"No. 2 heating oil, New York Harbor",2015-10,1.404,1.404,ok,,
eia_spot.no-2-heating-oil-new-york-harbor.m,monthly,"No. 2 heating oil, New York Harbor",2015-11,1.32,1.32,ok,,
eia_spot.no-2-heating-oil-new-york-harbor.m,monthly,"No. 2 heating oil, New York Harbor",2015-12,1.039,1.039,ok,,
eia_spot.no-2-heating-oil-new-york-harbor.m,monthly,"No. 2 heating oil, New York Harbor",2016-01,0.94,0.94,ok,,
eia_spot.no-2-heating-oil-new-york-harbor.m,monthly,"No. 2 heating oil, New York Harbor",2016-02,0.972,0.972,ok,,
eia_spot.no-2-heating-oil-new-york-harbor.m,monthly,"No. 2 heating oil, New York Harbor",2016-03,1.129,1.129,ok,,
eia_spot.no-2-heating-oil-new-york-harbor.m,monthly,"No. 2 heating oil, New York Harbor",2016-04,1.188,1.188,ok,,
eia_spot.no-2-heating-oil-new-york-harbor.m,monthly,"No. 2 heating oil, New York Harbor",2016-05,1.353,1.353,ok,,
eia_spot.no-2-heating-oil-new-york-harbor.m,monthly,"No. 2 heating oil, New York Harbor",2016-06,1.416,1.416,ok,,
eia_spot.no-2-heating-oil-new-york-harbor.m,monthly,"No. 2 heating oil, New York Harbor",2016-07,1.285,1.285,ok,,
eia_spot.no-2-heating-oil-new-york-harbor.m,monthly,"No. 2 heating oil, New York Harbor",2016-08,1.325,1.325,ok,,
eia_spot.no-2-heating-oil-new-york-harbor.m,monthly,"No. 2 heating oil, New York Harbor",2016-09,1.352,1.352,ok,,
eia_spot.no-2-heating-oil-new-york-harbor.m,monthly,"No. 2 heating oil, New York Harbor",2016-10,1.488,1.488,ok,,
eia_spot.no-2-heating-oil-new-york-harbor.m,monthly,"No. 2 heating oil, New York Harbor",2016-11,1.387,1.387,ok,,
eia_spot.no-2-heating-oil-new-york-harbor.m,monthly,"No. 2 heating oil, New York Harbor",2016-12,1.552,1.552,ok,,
eia_spot.no-2-heating-oil-new-york-harbor.m,monthly,"No. 2 heating oil, New York Harbor",2017-01,1.547,1.547,ok,,
eia_spot.no-2-heating-oil-new-york-harbor.m,monthly,"No. 2 heating oil, New York Harbor",2017-02,1.562,1.562,ok,,
eia_spot.no-2-heating-oil-new-york-harbor.m,monthly,"No. 2 heating oil, New York Harbor",2017-03,1.492,1.492,ok,,
eia_spot.no-2-heating-oil-new-york-harbor.m,monthly,"No. 2 heating oil, New York Harbor",2017-04,1.52,1.52,ok,,
eia_spot.no-2-heating-oil-new-york-harbor.m,monthly,"No. 2 heating oil, New York Harbor",2017-05,1.452,1.452,ok,,
eia_spot.no-2-heating-oil-new-york-harbor.m,monthly,"No. 2 heating oil, New York Harbor",2017-06,1.332,1.332,ok,,
eia_spot.no-2-heating-oil-new-york-harbor.m,monthly,"No. 2 heating oil, New York Harbor",2017-07,1.427,1.427,ok,,
eia_spot.no-2-heating-oil-new-york-harbor.m,monthly,"No. 2 heating oil, New York Harbor",2017-08,1.519,1.519,ok,,
eia_spot.no-2-heating-oil-new-york-harbor.m,monthly,"No. 2 heating oil, New York Harbor",2017-09,1.709,1.709,ok,,
eia_spot.no-2-heating-oil-new-york-harbor.m,monthly,"No. 2 heating oil, New York Harbor",2017-10,1.707,1.707,ok,,
eia_spot.no-2-heating-oil-new-york-harbor.m,monthly,"No. 2 heating oil, New York Harbor",2017-11,1.822,1.822,ok,,
eia_spot.no-2-heating-oil-new-york-harbor.m,monthly,"No. 2 heating oil, New York Harbor",2017-12,1.862,1.862,ok,,
eia_spot.no-2-heating-oil-new-york-harbor.m,monthly,"No. 2 heating oil, New York Harbor",2018-01,2.018,2.018,ok,,
eia_spot.no-2-heating-oil-new-york-harbor.m,monthly,"No. 2 heating oil, New York Harbor",2018-02,1.854,1.854,ok,,
eia_spot.no-2-heating-oil-new-york-harbor.m,monthly,"No. 2 heating oil, New York Harbor",2018-03,1.87,1.87,ok,,
eia_spot.no-2-heating-oil-new-york-harbor.m,monthly,"No. 2 heating oil, New York Harbor",2018-04,2.037,2.037,ok,,
eia_spot.no-2-heating-oil-new-york-harbor.m,monthly,"No. 2 heating oil, New York Harbor",2018-05,2.188,2.188,ok,,
eia_spot.no-2-heating-oil-new-york-harbor.m,monthly,"No. 2 heating oil, New York Harbor",2018-06,2.112,2.112,ok,,
eia_spot.no-2-heating-oil-new-york-harbor.m,monthly,"No. 2 heating oil, New York Harbor",2018-07,2.107,2.107,ok,,
eia_spot.no-2-heating-oil-new-york-harbor.m,monthly,"No. 2 heating oil, New York Harbor",2018-08,2.125,2.125,ok,,
eia_spot.no-2-heating-oil-new-york-harbor.m,monthly,"No. 2 heating oil, New York Harbor",2018-09,2.226,2.226,ok,,
eia_spot.no-2-heating-oil-new-york-harbor.m,monthly,"No. 2 heating oil, New York Harbor",2018-10,2.313,2.313,ok,,
eia_spot.no-2-heating-oil-new-york-harbor.m,monthly,"No. 2 heating oil, New York Harbor",2018-11,2.04,2.04,ok,,
eia_spot.no-2-heating-oil-new-york-harbor.m,monthly,"No. 2 heating oil, New York Harbor",2018-12,1.8,1.8,ok,,
eia_spot.no-2-heating-oil-new-york-harbor.m,monthly,"No. 2 heating oil, New York Harbor",2019-01,1.826,1.826,ok,,
eia_spot.no-2-heating-oil-new-york-harbor.m,monthly,"No. 2 heating oil, New York Harbor",2019-02,1.928,1.928,ok,,
eia_spot.no-2-heating-oil-new-york-harbor.m,monthly,"No. 2 heating oil, New York Harbor",2019-03,1.965,1.965,ok,,
eia_spot.no-2-heating-oil-new-york-harbor.m,monthly,"No. 2 heating oil, New York Harbor",2019-04,2.036,2.036,ok,,
eia_spot.no-2-heating-oil-new-york-harbor.m,monthly,"No. 2 heating oil, New York Harbor",2019-05,2.009,2.009,ok,,
eia_spot.no-2-heating-oil-new-york-harbor.m,monthly,"No. 2 heating oil, New York Harbor",2019-06,1.82,1.82,ok,,
eia_spot.no-2-heating-oil-new-york-harbor.m,monthly,"No. 2 heating oil, New York Harbor",2019-07,1.891,1.891,ok,,
eia_spot.no-2-heating-oil-new-york-harbor.m,monthly,"No. 2 heating oil, New York Harbor",2019-08,1.795,1.795,ok,,
eia_spot.no-2-heating-oil-new-york-harbor.m,monthly,"No. 2 heating oil, New York Harbor",2019-09,1.925,1.925,ok,,
eia_spot.no-2-heating-oil-new-york-harbor.m,monthly,"No. 2 heating oil, New York Harbor",2019-10,1.92,1.92,ok,,
eia_spot.no-2-heating-oil-new-york-harbor.m,monthly,"No. 2 heating oil, New York Harbor",2019-11,1.914,1.914,ok,,
eia_spot.no-2-heating-oil-new-york-harbor.m,monthly,"No. 2 heating oil, New York Harbor",2019-12,1.964,1.964,ok,,
eia_spot.no-2-heating-oil-new-york-harbor.m,monthly,"No. 2 heating oil, New York Harbor",2020-01,1.829,1.829,ok,,
eia_spot.no-2-heating-oil-new-york-harbor.m,monthly,"No. 2 heating oil, New York Harbor",2020-02,1.589,1.589,ok,,
eia_spot.no-2-heating-oil-new-york-harbor.m,monthly,"No. 2 heating oil, New York Harbor",2020-03,1.156,1.156,ok,,
eia_spot.no-2-heating-oil-new-york-harbor.m,monthly,"No. 2 heating oil, New York Harbor",2020-04,0.852,0.852,ok,,
eia_spot.no-2-heating-oil-new-york-harbor.m,monthly,"No. 2 heating oil, New York Harbor",2020-05,0.843,0.843,ok,,
eia_spot.no-2-heating-oil-new-york-harbor.m,monthly,"No. 2 heating oil, New York Harbor",2020-06,1.073,1.073,ok,,
eia_spot.no-2-heating-oil-new-york-harbor.m,monthly,"No. 2 heating oil, New York Harbor",2020-07,1.187,1.187,ok,,
eia_spot.no-2-heating-oil-new-york-harbor.m,monthly,"No. 2 heating oil, New York Harbor",2020-08,1.18,1.18,ok,,
eia_spot.no-2-heating-oil-new-york-harbor.m,monthly,"No. 2 heating oil, New York Harbor",2020-09,1.069,1.069,ok,,
eia_spot.no-2-heating-oil-new-york-harbor.m,monthly,"No. 2 heating oil, New York Harbor",2020-10,1.099,1.099,ok,,
eia_spot.no-2-heating-oil-new-york-harbor.m,monthly,"No. 2 heating oil, New York Harbor",2020-11,1.16,1.16,ok,,
eia_spot.no-2-heating-oil-new-york-harbor.m,monthly,"No. 2 heating oil, New York Harbor",2020-12,1.366,1.366,ok,,
eia_spot.no-2-heating-oil-new-york-harbor.m,monthly,"No. 2 heating oil, New York Harbor",2021-01,1.477,1.477,ok,,
eia_spot.no-2-heating-oil-new-york-harbor.m,monthly,"No. 2 heating oil, New York Harbor",2021-02,1.67,1.67,ok,,
eia_spot.no-2-heating-oil-new-york-harbor.m,monthly,"No. 2 heating oil, New York Harbor",2021-03,1.704,1.704,ok,,
eia_spot.no-2-heating-oil-new-york-harbor.m,monthly,"No. 2 heating oil, New York Harbor",2021-04,1.704,1.704,ok,,
eia_spot.no-2-heating-oil-new-york-harbor.m,monthly,"No. 2 heating oil, New York Harbor",2021-05,1.834,1.834,ok,,
eia_spot.no-2-heating-oil-new-york-harbor.m,monthly,"No. 2 heating oil, New York Harbor",2021-06,1.911,1.911,ok,,
eia_spot.no-2-heating-oil-new-york-harbor.m,monthly,"No. 2 heating oil, New York Harbor",2021-07,1.947,1.947,ok,,
eia_spot.no-2-heating-oil-new-york-harbor.m,monthly,"No. 2 heating oil, New York Harbor",2021-08,1.878,1.878,ok,,
eia_spot.no-2-heating-oil-new-york-harbor.m,monthly,"No. 2 heating oil, New York Harbor",2021-09,2.053,2.053,ok,,
eia_spot.no-2-heating-oil-new-york-harbor.m,monthly,"No. 2 heating oil, New York Harbor",2021-10,2.382,2.382,ok,,
eia_spot.no-2-heating-oil-new-york-harbor.m,monthly,"No. 2 heating oil, New York Harbor",2021-11,2.253,2.253,ok,,
eia_spot.no-2-heating-oil-new-york-harbor.m,monthly,"No. 2 heating oil, New York Harbor",2021-12,2.118,2.118,ok,,
eia_spot.no-2-heating-oil-new-york-harbor.m,monthly,"No. 2 heating oil, New York Harbor",2022-01,2.481,2.481,ok,,
eia_spot.no-2-heating-oil-new-york-harbor.m,monthly,"No. 2 heating oil, New York Harbor",2022-02,2.737,2.737,ok,,
eia_spot.no-2-heating-oil-new-york-harbor.m,monthly,"No. 2 heating oil, New York Harbor",2022-03,3.635,3.635,ok,,
eia_spot.no-2-heating-oil-new-york-harbor.m,monthly,"No. 2 heating oil, New York Harbor",2022-04,3.952,3.952,ok,,
eia_spot.no-2-heating-oil-new-york-harbor.m,monthly,"No. 2 heating oil, New York Harbor",2022-05,4.497,4.497,ok,,
eia_spot.no-2-heating-oil-new-york-harbor.m,monthly,"No. 2 heating oil, New York Harbor",2022-06,4.246,4.246,ok,,
eia_spot.no-2-heating-oil-new-york-harbor.m,monthly,"No. 2 heating oil, New York Harbor",2022-07,3.552,3.552,ok,,
eia_spot.no-2-heating-oil-new-york-harbor.m,monthly,"No. 2 heating oil, New York Harbor",2022-08,3.437,3.437,ok,,
eia_spot.no-2-heating-oil-new-york-harbor.m,monthly,"No. 2 heating oil, New York Harbor",2022-09,3.257,3.257,ok,,
eia_spot.no-2-heating-oil-new-york-harbor.m,monthly,"No. 2 heating oil, New York Harbor",2022-10,4.163,4.163,ok,,
eia_spot.no-2-heating-oil-new-york-harbor.m,monthly,"No. 2 heating oil, New York Harbor",2022-11,3.821,3.821,ok,,
eia_spot.no-2-heating-oil-new-york-harbor.m,monthly,"No. 2 heating oil, New York Harbor",2022-12,2.937,2.937,ok,,
eia_spot.no-2-heating-oil-new-york-harbor.m,monthly,"No. 2 heating oil, New York Harbor",2023-01,3.085,3.085,ok,,
eia_spot.no-2-heating-oil-new-york-harbor.m,monthly,"No. 2 heating oil, New York Harbor",2023-02,2.645,2.645,ok,,
eia_spot.no-2-heating-oil-new-york-harbor.m,monthly,"No. 2 heating oil, New York Harbor",2023-03,2.571,2.571,ok,,
eia_spot.no-2-heating-oil-new-york-harbor.m,monthly,"No. 2 heating oil, New York Harbor",2023-04,2.424,2.424,ok,,
eia_spot.no-2-heating-oil-new-york-harbor.m,monthly,"No. 2 heating oil, New York Harbor",2023-05,2.181,2.181,ok,,
eia_spot.no-2-heating-oil-new-york-harbor.m,monthly,"No. 2 heating oil, New York Harbor",2023-06,2.278,2.278,ok,,
eia_spot.no-2-heating-oil-new-york-harbor.m,monthly,"No. 2 heating oil, New York Harbor",2023-07,2.498,2.498,ok,,
eia_spot.no-2-heating-oil-new-york-harbor.m,monthly,"No. 2 heating oil, New York Harbor",2023-08,2.939,2.939,ok,,
eia_spot.no-2-heating-oil-new-york-harbor.m,monthly,"No. 2 heating oil, New York Harbor",2023-09,3.168,3.168,ok,,
eia_spot.no-2-heating-oil-new-york-harbor.m,monthly,"No. 2 heating oil, New York Harbor",2023-10,3.002,3.002,ok,,
eia_spot.no-2-heating-oil-new-york-harbor.m,monthly,"No. 2 heating oil, New York Harbor",2023-11,2.811,2.811,ok,,
eia_spot.no-2-heating-oil-new-york-harbor.m,monthly,"No. 2 heating oil, New York Harbor",2023-12,2.54,2.54,ok,,
eia_spot.no-2-heating-oil-new-york-harbor.m,monthly,"No. 2 heating oil, New York Harbor",2024-01,2.59,2.59,ok,,
eia_spot.no-2-heating-oil-new-york-harbor.m,monthly,"No. 2 heating oil, New York Harbor",2024-02,2.703,2.703,ok,,
eia_spot.no-2-heating-oil-new-york-harbor.m,monthly,"No. 2 heating oil, New York Harbor",2024-03,2.601,2.601,ok,,
eia_spot.no-2-heating-oil-new-york-harbor.m,monthly,"No. 2 heating oil, New York Harbor",2024-04,2.536,2.536,ok,,
eia_spot.no-2-heating-oil-new-york-harbor.m,monthly,"No. 2 heating oil, New York Harbor",2024-05,2.345,2.345,ok,,
eia_spot.no-2-heating-oil-new-york-harbor.m,monthly,"No. 2 heating oil, New York Harbor",2024-06,2.351,2.351,ok,,
eia_spot.no-2-heating-oil-new-york-harbor.m,monthly,"No. 2 heating oil, New York Harbor",2024-07,2.351,2.351,ok,,
eia_spot.no-2-heating-oil-new-york-harbor.m,monthly,"No. 2 heating oil, New York Harbor",2024-08,2.163,2.163,ok,,
eia_spot.no-2-heating-oil-new-york-harbor.m,monthly,"No. 2 heating oil, New York Harbor",2024-09,1.693,1.693,warn,W5_diesel_pair,
eia_spot.no-2-heating-oil-new-york-harbor.m,monthly,"No. 2 heating oil, New York Harbor",2024-10,1.905,1.905,warn,W5_diesel_pair,
eia_spot.no-2-heating-oil-new-york-harbor.m,monthly,"No. 2 heating oil, New York Harbor",2024-11,2.14,2.14,ok,,
eia_spot.no-2-heating-oil-new-york-harbor.m,monthly,"No. 2 heating oil, New York Harbor",2024-12,2.134,2.134,ok,,
eia_spot.no-2-heating-oil-new-york-harbor.m,monthly,"No. 2 heating oil, New York Harbor",2025-01,2.407,2.407,ok,,
eia_spot.no-2-heating-oil-new-york-harbor.m,monthly,"No. 2 heating oil, New York Harbor",2025-02,2.346,2.346,ok,,
eia_spot.no-2-heating-oil-new-york-harbor.m,monthly,"No. 2 heating oil, New York Harbor",2025-03,2.148,2.148,ok,,
eia_spot.no-2-heating-oil-new-york-harbor.m,monthly,"No. 2 heating oil, New York Harbor",2025-04,2.031,2.031,ok,,
eia_spot.no-2-heating-oil-new-york-harbor.m,monthly,"No. 2 heating oil, New York Harbor",2025-05,1.984,1.984,ok,,
eia_spot.no-2-heating-oil-new-york-harbor.m,monthly,"No. 2 heating oil, New York Harbor",2025-06,2.174,2.174,ok,,
eia_spot.no-2-heating-oil-new-york-harbor.m,monthly,"No. 2 heating oil, New York Harbor",2025-07,2.324,2.324,ok,,
eia_spot.no-2-heating-oil-new-york-harbor.m,monthly,"No. 2 heating oil, New York Harbor",2025-08,2.178,2.178,ok,,
eia_spot.no-2-heating-oil-new-york-harbor.m,monthly,"No. 2 heating oil, New York Harbor",2025-09,2.243,2.243,ok,,
eia_spot.no-2-heating-oil-new-york-harbor.m,monthly,"No. 2 heating oil, New York Harbor",2025-10,2.19,2.19,ok,,
eia_spot.no-2-heating-oil-new-york-harbor.m,monthly,"No. 2 heating oil, New York Harbor",2025-11,2.376,2.376,ok,,
eia_spot.no-2-heating-oil-new-york-harbor.m,monthly,"No. 2 heating oil, New York Harbor",2025-12,2.112,2.112,ok,,
eia_spot.no-2-heating-oil-new-york-harbor.m,monthly,"No. 2 heating oil, New York Harbor",2026-01,2.111,2.111,ok,,
eia_spot.no-2-heating-oil-new-york-harbor.m,monthly,"No. 2 heating oil, New York Harbor",2026-02,2.354,2.354,ok,,
eia_spot.no-2-heating-oil-new-york-harbor.m,monthly,"No. 2 heating oil, New York Harbor",2026-03,3.807,3.807,ok,,
eia_spot.no-2-heating-oil-new-york-harbor.m,monthly,"No. 2 heating oil, New York Harbor",2026-04,3.84,3.84,ok,,
eia_spot.no-2-heating-oil-new-york-harbor.m,monthly,"No. 2 heating oil, New York Harbor",2026-05,3.803,3.803,ok,,
eia_spot.no-2-heating-oil-new-york-harbor.m,monthly,"No. 2 heating oil, New York Harbor",2026-06,3.302,3.302,ok,,
eia_spot.no-2-heating-oil-new-york-harbor.m,monthly,"No. 2 heating oil, New York Harbor",2026-07,3.803,3.803,ok,,
eia_spot.no-2-heating-oil-new-york-harbor.m,monthly,"No. 2 heating oil, New York Harbor",2026-08,4.119,4.119,ok,,
eia_spot.no-2-heating-oil-new-york-harbor.m,monthly,"No. 2 heating oil, New York Harbor",2026-09,4.786,4.786,ok,,
