series,frequency,item,period,value,published,status,rules,flags
external.balance-of-payments-overall-balance.q,quarterly,"Balance of payments, overall balance",2003-Q1,210810000,210810000,ok,,
external.balance-of-payments-overall-balance.q,quarterly,"Balance of payments, overall balance",2003-Q2,-442670000,-442670000,ok,,
external.balance-of-payments-overall-balance.q,quarterly,"Balance of payments, overall balance",2003-Q3,980090000,980090000,ok,,
external.balance-of-payments-overall-balance.q,quarterly,"Balance of payments, overall balance",2003-Q4,413110000,413110000,ok,,
external.balance-of-payments-overall-balance.q,quarterly,"Balance of payments, overall balance",2004-Q1,-261900000,-261900000,ok,,
external.balance-of-payments-overall-balance.q,quarterly,"Balance of payments, overall balance",2004-Q2,-520770000,-520770000,ok,,
external.balance-of-payments-overall-balance.q,quarterly,"Balance of payments, overall balance",2004-Q3,65850000,65850000,ok,,
external.balance-of-payments-overall-balance.q,quarterly,"Balance of payments, overall balance",2004-Q4,-223930000,-223930000,ok,,
external.balance-of-payments-overall-balance.q,quarterly,"Balance of payments, overall balance",2005-Q1,,-940750000,held,G5_total_in_slot,
external.balance-of-payments-overall-balance.q,quarterly,"Balance of payments, overall balance",2005-Q2,-404270000,-404270000,ok,,
external.balance-of-payments-overall-balance.q,quarterly,"Balance of payments, overall balance",2005-Q3,-221710000,-221710000,ok,,
external.balance-of-payments-overall-balance.q,quarterly,"Balance of payments, overall balance",2005-Q4,596520000,596520000,ok,,
external.balance-of-payments-overall-balance.q,quarterly,"Balance of payments, overall balance",2006-Q1,1188240000,1188240000,ok,,
external.balance-of-payments-overall-balance.q,quarterly,"Balance of payments, overall balance",2006-Q2,1158780000,1158780000,ok,,
external.balance-of-payments-overall-balance.q,quarterly,"Balance of payments, overall balance",2006-Q3,152020000,152020000,ok,,
external.balance-of-payments-overall-balance.q,quarterly,"Balance of payments, overall balance",2006-Q4,44830000,44830000,ok,,
external.balance-of-payments-overall-balance.q,quarterly,"Balance of payments, overall balance",2007-Q1,-98020000,-98020000,ok,,
external.balance-of-payments-overall-balance.q,quarterly,"Balance of payments, overall balance",2007-Q2,1363840000,1363840000,ok,,
external.balance-of-payments-overall-balance.q,quarterly,"Balance of payments, overall balance",2007-Q3,1462670000,1462670000,ok,,
external.balance-of-payments-overall-balance.q,quarterly,"Balance of payments, overall balance",2007-Q4,-154210000,-154210000,ok,,
external.balance-of-payments-overall-balance.q,quarterly,"Balance of payments, overall balance",2008-Q1,144730000,144730000,ok,,
external.balance-of-payments-overall-balance.q,quarterly,"Balance of payments, overall balance",2008-Q2,-278670000,-278670000,ok,,
external.balance-of-payments-overall-balance.q,quarterly,"Balance of payments, overall balance",2008-Q3,834680000,834680000,ok,,
external.balance-of-payments-overall-balance.q,quarterly,"Balance of payments, overall balance",2008-Q4,546530000,546530000,ok,,
external.balance-of-payments-overall-balance.q,quarterly,"Balance of payments, overall balance",2009-Q1,-477250000,-477250000,ok,,
external.balance-of-payments-overall-balance.q,quarterly,"Balance of payments, overall balance",2009-Q2,-771730000,-771730000,ok,,
external.balance-of-payments-overall-balance.q,quarterly,"Balance of payments, overall balance",2009-Q3,-293350000,-293350000,ok,,
external.balance-of-payments-overall-balance.q,quarterly,"Balance of payments, overall balance",2009-Q4,1088120000,1088120000,ok,,
external.balance-of-payments-overall-balance.q,quarterly,"Balance of payments, overall balance",2010-Q1,,-454210000,held,G5_total_in_slot,
external.balance-of-payments-overall-balance.q,quarterly,"Balance of payments, overall balance",2010-Q2,-681420000,-681420000,ok,,
external.balance-of-payments-overall-balance.q,quarterly,"Balance of payments, overall balance",2010-Q3,-618090000,-618090000,ok,,
external.balance-of-payments-overall-balance.q,quarterly,"Balance of payments, overall balance",2010-Q4,-99550000,-99550000,ok,,
external.balance-of-payments-overall-balance.q,quarterly,"Balance of payments, overall balance",2011-Q1,699850000,699850000,ok,,
external.balance-of-payments-overall-balance.q,quarterly,"Balance of payments, overall balance",2011-Q2,-699210000,-699210000,ok,,
external.balance-of-payments-overall-balance.q,quarterly,"Balance of payments, overall balance",2011-Q3,-894950000,-894950000,warn,G4_adds_up,
external.balance-of-payments-overall-balance.q,quarterly,"Balance of payments, overall balance",2011-Q4,-522360000,-522360000,warn,G4_adds_up,
external.balance-of-payments-overall-balance.q,quarterly,"Balance of payments, overall balance",2012-Q1,935000000,935000000,warn,G4_adds_up,
external.balance-of-payments-overall-balance.q,quarterly,"Balance of payments, overall balance",2012-Q2,396240000,396240000,warn,G4_adds_up,
external.balance-of-payments-overall-balance.q,quarterly,"Balance of payments, overall balance",2012-Q3,-86070000,-86070000,warn,G4_adds_up,
external.balance-of-payments-overall-balance.q,quarterly,"Balance of payments, overall balance",2012-Q4,-848570000,-848570000,ok,,
external.balance-of-payments-overall-balance.q,quarterly,"Balance of payments, overall balance",2013-Q1,-757800000,-757800000,ok,,
external.balance-of-payments-overall-balance.q,quarterly,"Balance of payments, overall balance",2013-Q2,-284640000,-284640000,ok,,
external.balance-of-payments-overall-balance.q,quarterly,"Balance of payments, overall balance",2013-Q3,1875130000,1875130000,warn,G4_adds_up,
external.balance-of-payments-overall-balance.q,quarterly,"Balance of payments, overall balance",2013-Q4,-15880000,-15880000,warn,G4_adds_up,
external.balance-of-payments-overall-balance.q,quarterly,"Balance of payments, overall balance",2014-Q1,-448900000,-448900000,ok,,
external.balance-of-payments-overall-balance.q,quarterly,"Balance of payments, overall balance",2014-Q2,-397220000,-397220000,ok,,
external.balance-of-payments-overall-balance.q,quarterly,"Balance of payments, overall balance",2014-Q3,-522390000,-522390000,ok,,
external.balance-of-payments-overall-balance.q,quarterly,"Balance of payments, overall balance",2014-Q4,1615940000,1615940000,ok,,
external.balance-of-payments-overall-balance.q,quarterly,"Balance of payments, overall balance",2015-Q1,,247430000,held,G5_total_in_slot,
external.balance-of-payments-overall-balance.q,quarterly,"Balance of payments, overall balance",2015-Q2,-408320000,-408320000,ok,,
external.balance-of-payments-overall-balance.q,quarterly,"Balance of payments, overall balance",2015-Q3,1626100000,1626100000,ok,,
external.balance-of-payments-overall-balance.q,quarterly,"Balance of payments, overall balance",2015-Q4,-838520000,-838520000,ok,,
external.balance-of-payments-overall-balance.q,quarterly,"Balance of payments, overall balance",2016-Q1,712180000,712180000,ok,,
external.balance-of-payments-overall-balance.q,quarterly,"Balance of payments, overall balance",2016-Q2,1091440000,1091440000,ok,,
external.balance-of-payments-overall-balance.q,quarterly,"Balance of payments, overall balance",2016-Q3,-613530000,-613530000,ok,,
external.balance-of-payments-overall-balance.q,quarterly,"Balance of payments, overall balance",2016-Q4,241910000,241910000,ok,,
external.balance-of-payments-overall-balance.q,quarterly,"Balance of payments, overall balance",2017-Q1,-385760000,-385760000,ok,,
external.balance-of-payments-overall-balance.q,quarterly,"Balance of payments, overall balance",2017-Q2,85860000,85860000,ok,,
external.balance-of-payments-overall-balance.q,quarterly,"Balance of payments, overall balance",2017-Q3,-671520000,-671520000,ok,,
external.balance-of-payments-overall-balance.q,quarterly,"Balance of payments, overall balance",2017-Q4,2997310000,2997310000,ok,,
external.balance-of-payments-overall-balance.q,quarterly,"Balance of payments, overall balance",2018-Q1,-1674000000,-1674000000,ok,,
external.balance-of-payments-overall-balance.q,quarterly,"Balance of payments, overall balance",2018-Q2,-444440000,-444440000,ok,,
external.balance-of-payments-overall-balance.q,quarterly,"Balance of payments, overall balance",2018-Q3,462130000,462130000,ok,,
external.balance-of-payments-overall-balance.q,quarterly,"Balance of payments, overall balance",2018-Q4,1341000000,1341000000,ok,,
external.balance-of-payments-overall-balance.q,quarterly,"Balance of payments, overall balance",2019-Q1,1476460000,1476460000,ok,,
external.balance-of-payments-overall-balance.q,quarterly,"Balance of payments, overall balance",2019-Q2,-466580000,-466580000,ok,,
external.balance-of-payments-overall-balance.q,quarterly,"Balance of payments, overall balance",2019-Q3,-675680000,-675680000,ok,,
external.balance-of-payments-overall-balance.q,quarterly,"Balance of payments, overall balance",2019-Q4,43260000,43260000,ok,,
external.balance-of-payments-overall-balance.q,quarterly,"Balance of payments, overall balance",2020-Q1,,377460000,held,G5_total_in_slot,
external.balance-of-payments-overall-balance.q,quarterly,"Balance of payments, overall balance",2020-Q2,-429930000,-429930000,ok,,
external.balance-of-payments-overall-balance.q,quarterly,"Balance of payments, overall balance",2020-Q3,2799680000,2799680000,ok,,
external.balance-of-payments-overall-balance.q,quarterly,"Balance of payments, overall balance",2020-Q4,-685050000,-685050000,ok,,
external.balance-of-payments-overall-balance.q,quarterly,"Balance of payments, overall balance",2021-Q1,-1174570000,-1174570000,ok,,
external.balance-of-payments-overall-balance.q,quarterly,"Balance of payments, overall balance",2021-Q2,510130000,510130000,ok,,
external.balance-of-payments-overall-balance.q,quarterly,"Balance of payments, overall balance",2021-Q3,-934460000,-934460000,ok,,
external.balance-of-payments-overall-balance.q,quarterly,"Balance of payments, overall balance",2021-Q4,-1562610000,-1562610000,warn,G4_adds_up,
external.balance-of-payments-overall-balance.q,quarterly,"Balance of payments, overall balance",2022-Q1,-912680000,-912680000,ok,,
external.balance-of-payments-overall-balance.q,quarterly,"Balance of payments, overall balance",2022-Q2,3370000,3370000,ok,,
external.balance-of-payments-overall-balance.q,quarterly,"Balance of payments, overall balance",2022-Q3,-3406380000,-3406380000,warn,G4_adds_up,
external.balance-of-payments-overall-balance.q,quarterly,"Balance of payments, overall balance",2022-Q4,-586990000,-586990000,ok,,
external.balance-of-payments-overall-balance.q,quarterly,"Balance of payments, overall balance",2023-Q1,246030000,246030000,ok,,
external.balance-of-payments-overall-balance.q,quarterly,"Balance of payments, overall balance",2023-Q2,-276070000,-276070000,ok,,
external.balance-of-payments-overall-balance.q,quarterly,"Balance of payments, overall balance",2023-Q3,1135420000,1135420000,ok,,
external.balance-of-payments-overall-balance.q,quarterly,"Balance of payments, overall balance",2023-Q4,518390000,518390000,ok,,
external.balance-of-payments-overall-balance.q,quarterly,"Balance of payments, overall balance",2024-Q1,68350000,68350000,ok,,
external.balance-of-payments-overall-balance.q,quarterly,"Balance of payments, overall balance",2024-Q2,873910000,873910000,ok,,
external.capital-account-balance.q,quarterly,Capital account balance,2003-Q1,48560000,48560000,ok,,
external.capital-account-balance.q,quarterly,Capital account balance,2003-Q2,56800000,56800000,ok,,
external.capital-account-balance.q,quarterly,Capital account balance,2003-Q3,24540000,24540000,ok,,
external.capital-account-balance.q,quarterly,Capital account balance,2003-Q4,188140000,188140000,ok,,
external.capital-account-balance.q,quarterly,Capital account balance,2004-Q1,127110000,127110000,ok,,
external.capital-account-balance.q,quarterly,Capital account balance,2004-Q2,121120000,121120000,ok,,
external.capital-account-balance.q,quarterly,Capital account balance,2004-Q3,111270000,111270000,ok,,
external.capital-account-balance.q,quarterly,Capital account balance,2004-Q4,103810000,103810000,ok,,
external.capital-account-balance.q,quarterly,Capital account balance,2005-Q1,,463310000,held,G5_total_in_slot,
external.capital-account-balance.q,quarterly,Capital account balance,2005-Q2,149240000,149240000,ok,,
external.capital-account-balance.q,quarterly,Capital account balance,2005-Q3,166570000,166570000,ok,,
external.capital-account-balance.q,quarterly,Capital account balance,2005-Q4,121000000,121000000,ok,,
external.capital-account-balance.q,quarterly,Capital account balance,2006-Q1,127080000,127080000,ok,,
external.capital-account-balance.q,quarterly,Capital account balance,2006-Q2,563890000,563890000,ok,,
external.capital-account-balance.q,quarterly,Capital account balance,2006-Q3,147410000,147410000,ok,,
external.capital-account-balance.q,quarterly,Capital account balance,2006-Q4,85500000,85500000,ok,,
external.capital-account-balance.q,quarterly,Capital account balance,2007-Q1,15600000,15600000,ok,,
external.capital-account-balance.q,quarterly,Capital account balance,2007-Q2,88960000,88960000,ok,,
external.capital-account-balance.q,quarterly,Capital account balance,2007-Q3,337470000,337470000,ok,,
external.capital-account-balance.q,quarterly,Capital account balance,2007-Q4,127970000,127970000,ok,,
external.capital-account-balance.q,quarterly,Capital account balance,2008-Q1,164330000,164330000,ok,,
external.capital-account-balance.q,quarterly,Capital account balance,2008-Q2,152760000,152760000,ok,,
external.capital-account-balance.q,quarterly,Capital account balance,2008-Q3,0,0,ok,,
external.capital-account-balance.q,quarterly,Capital account balance,2008-Q4,445060000,445060000,ok,,
external.capital-account-balance.q,quarterly,Capital account balance,2009-Q1,79400000,79400000,ok,,
external.capital-account-balance.q,quarterly,Capital account balance,2009-Q2,58460000,58460000,ok,,
external.capital-account-balance.q,quarterly,Capital account balance,2009-Q3,75850000,75850000,ok,,
external.capital-account-balance.q,quarterly,Capital account balance,2009-Q4,69690000,69690000,ok,,
external.capital-account-balance.q,quarterly,Capital account balance,2010-Q1,,283400000,held,G5_total_in_slot,
external.capital-account-balance.q,quarterly,Capital account balance,2010-Q2,19630000,19630000,ok,,
external.capital-account-balance.q,quarterly,Capital account balance,2010-Q3,27860000,27860000,ok,,
external.capital-account-balance.q,quarterly,Capital account balance,2010-Q4,150880000,150880000,ok,,
external.capital-account-balance.q,quarterly,Capital account balance,2011-Q1,150880000,150880000,ok,,
external.capital-account-balance.q,quarterly,Capital account balance,2011-Q2,349250000,349250000,ok,,
external.capital-account-balance.q,quarterly,Capital account balance,2011-Q3,0,0,ok,,
external.capital-account-balance.q,quarterly,Capital account balance,2011-Q4,0,0,ok,,
external.capital-account-balance.q,quarterly,Capital account balance,2012-Q1,0,0,ok,,
external.capital-account-balance.q,quarterly,Capital account balance,2012-Q2,0,0,ok,,
external.capital-account-balance.q,quarterly,Capital account balance,2012-Q3,0,0,ok,,
external.capital-account-balance.q,quarterly,Capital account balance,2012-Q4,118470000,118470000,ok,,
external.capital-account-balance.q,quarterly,Capital account balance,2013-Q1,118470000,118470000,ok,,
external.capital-account-balance.q,quarterly,Capital account balance,2013-Q2,118470000,118470000,ok,,
external.capital-account-balance.q,quarterly,Capital account balance,2013-Q3,118470000,118470000,ok,,
external.capital-account-balance.q,quarterly,Capital account balance,2013-Q4,473880000,473880000,ok,,
external.capital-account-balance.q,quarterly,Capital account balance,2014-Q1,68580000,68580000,ok,,
external.capital-account-balance.q,quarterly,Capital account balance,2014-Q2,68580000,68580000,ok,,
external.capital-account-balance.q,quarterly,Capital account balance,2014-Q3,68580000,68580000,ok,,
external.capital-account-balance.q,quarterly,Capital account balance,2014-Q4,68580000,68580000,ok,,
external.capital-account-balance.q,quarterly,Capital account balance,2015-Q1,,274320000,held,G5_total_in_slot,
external.capital-account-balance.q,quarterly,Capital account balance,2015-Q2,107970000,107970000,ok,,
external.capital-account-balance.q,quarterly,Capital account balance,2015-Q3,64410000,64410000,ok,,
external.capital-account-balance.q,quarterly,Capital account balance,2015-Q4,34410000,34410000,ok,,
external.capital-account-balance.q,quarterly,Capital account balance,2016-Q1,35410000,35410000,ok,,
external.capital-account-balance.q,quarterly,Capital account balance,2016-Q2,242200000,242200000,ok,,
external.capital-account-balance.q,quarterly,Capital account balance,2016-Q3,83250000,83250000,ok,,
external.capital-account-balance.q,quarterly,Capital account balance,2016-Q4,75240000,75240000,ok,,
external.capital-account-balance.q,quarterly,Capital account balance,2017-Q1,67310000,67310000,ok,,
external.capital-account-balance.q,quarterly,Capital account balance,2017-Q2,31960000,31960000,ok,,
external.capital-account-balance.q,quarterly,Capital account balance,2017-Q3,257760000,257760000,ok,,
external.capital-account-balance.q,quarterly,Capital account balance,2017-Q4,40900000,40900000,ok,,
external.capital-account-balance.q,quarterly,Capital account balance,2018-Q1,67650000,67650000,ok,,
external.capital-account-balance.q,quarterly,Capital account balance,2018-Q2,79230000,79230000,ok,,
external.capital-account-balance.q,quarterly,Capital account balance,2018-Q3,69300000,69300000,ok,,
external.capital-account-balance.q,quarterly,Capital account balance,2018-Q4,257080000,257080000,ok,,
external.capital-account-balance.q,quarterly,Capital account balance,2019-Q1,77000000,77000000,ok,,
external.capital-account-balance.q,quarterly,Capital account balance,2019-Q2,62000000,62000000,ok,,
external.capital-account-balance.q,quarterly,Capital account balance,2019-Q3,38000000,38000000,ok,,
external.capital-account-balance.q,quarterly,Capital account balance,2019-Q4,73000000,73000000,ok,,
external.capital-account-balance.q,quarterly,Capital account balance,2020-Q1,250000000,250000000,ok,,
external.capital-account-balance.q,quarterly,Capital account balance,2020-Q2,97800000,97800000,ok,,
external.capital-account-balance.q,quarterly,Capital account balance,2020-Q3,27100000,27100000,ok,,
external.capital-account-balance.q,quarterly,Capital account balance,2020-Q4,34000000,34000000,ok,,
external.capital-account-balance.q,quarterly,Capital account balance,2021-Q1,45000000,45000000,ok,,
external.capital-account-balance.q,quarterly,Capital account balance,2021-Q2,203900000,203900000,ok,,
external.capital-account-balance.q,quarterly,Capital account balance,2021-Q3,30900000,30900000,ok,,
external.capital-account-balance.q,quarterly,Capital account balance,2021-Q4,60000000,60000000,ok,,
external.capital-account-balance.q,quarterly,Capital account balance,2022-Q1,25100000,25100000,ok,,
external.capital-account-balance.q,quarterly,Capital account balance,2022-Q2,26100000,26100000,ok,,
external.capital-account-balance.q,quarterly,Capital account balance,2022-Q3,142100000,142100000,ok,,
external.capital-account-balance.q,quarterly,Capital account balance,2022-Q4,40100000,40100000,ok,,
external.capital-account-balance.q,quarterly,Capital account balance,2023-Q1,25900000,25900000,ok,,
external.capital-account-balance.q,quarterly,Capital account balance,2023-Q2,21700000,21700000,ok,,
external.capital-account-balance.q,quarterly,Capital account balance,2023-Q3,41200000,41200000,ok,,
external.capital-account-balance.q,quarterly,Capital account balance,2023-Q4,128900000,128900000,ok,,
external.capital-account-balance.q,quarterly,Capital account balance,2024-Q1,13400000,13400000,ok,,
external.capital-account-balance.q,quarterly,Capital account balance,2024-Q2,20600000,20600000,ok,,
external.current-account-balance.q,quarterly,Current account balance,2003-Q1,-216840000,-216840000,ok,,
external.current-account-balance.q,quarterly,Current account balance,2003-Q2,-859030000,-859030000,ok,,
external.current-account-balance.q,quarterly,Current account balance,2003-Q3,-702690000,-702690000,ok,,
external.current-account-balance.q,quarterly,Current account balance,2003-Q4,-2201480000,-2201480000,ok,,
external.current-account-balance.q,quarterly,Current account balance,2004-Q1,-801050000,-801050000,ok,,
external.current-account-balance.q,quarterly,Current account balance,2004-Q2,-647960000,-647960000,ok,,
external.current-account-balance.q,quarterly,Current account balance,2004-Q3,-1280350000,-1280350000,ok,,
external.current-account-balance.q,quarterly,Current account balance,2004-Q4,-813780000,-813780000,ok,,
external.current-account-balance.q,quarterly,Current account balance,2005-Q1,,-3543140000,held,G5_total_in_slot,
external.current-account-balance.q,quarterly,Current account balance,2005-Q2,-601790000,-601790000,ok,,
external.current-account-balance.q,quarterly,Current account balance,2005-Q3,-352680000,-352680000,ok,,
external.current-account-balance.q,quarterly,Current account balance,2005-Q4,-536660000,-536660000,ok,,
external.current-account-balance.q,quarterly,Current account balance,2006-Q1,-205470000,-205470000,ok,,
external.current-account-balance.q,quarterly,Current account balance,2006-Q2,-1696600000,-1696600000,ok,,
external.current-account-balance.q,quarterly,Current account balance,2006-Q3,-609470000,-609470000,ok,,
external.current-account-balance.q,quarterly,Current account balance,2006-Q4,-671130000,-671130000,ok,,
external.current-account-balance.q,quarterly,Current account balance,2007-Q1,-691870000,-691870000,ok,,
external.current-account-balance.q,quarterly,Current account balance,2007-Q2,-986670000,-986670000,ok,,
external.current-account-balance.q,quarterly,Current account balance,2007-Q3,-2959140000,-2959140000,ok,,
external.current-account-balance.q,quarterly,Current account balance,2007-Q4,-534450000,-534450000,ok,,
external.current-account-balance.q,quarterly,Current account balance,2008-Q1,-412110000,-412110000,ok,,
external.current-account-balance.q,quarterly,Current account balance,2008-Q2,-802160000,-802160000,ok,,
external.current-account-balance.q,quarterly,Current account balance,2008-Q3,-1958270000,-1958270000,ok,,
external.current-account-balance.q,quarterly,Current account balance,2008-Q4,-3706990000,-3706990000,ok,,
external.current-account-balance.q,quarterly,Current account balance,2009-Q1,-1015780000,-1015780000,ok,,
external.current-account-balance.q,quarterly,Current account balance,2009-Q2,-1559720000,-1559720000,ok,,
external.current-account-balance.q,quarterly,Current account balance,2009-Q3,-1570640000,-1570640000,ok,,
external.current-account-balance.q,quarterly,Current account balance,2009-Q4,-895530000,-895530000,ok,,
external.current-account-balance.q,quarterly,Current account balance,2010-Q1,,-5041670000,held,G5_total_in_slot,
external.current-account-balance.q,quarterly,Current account balance,2010-Q2,-1151630000,-1151630000,ok,,
external.current-account-balance.q,quarterly,Current account balance,2010-Q3,-1097020000,-1097020000,ok,,
external.current-account-balance.q,quarterly,Current account balance,2010-Q4,-2226080000,-2226080000,ok,,
external.current-account-balance.q,quarterly,Current account balance,2011-Q1,-1395070000,-1395070000,ok,,
external.current-account-balance.q,quarterly,Current account balance,2011-Q2,-5869800000,-5869800000,ok,,
external.current-account-balance.q,quarterly,Current account balance,2011-Q3,-1082860000,-1082860000,ok,,
external.current-account-balance.q,quarterly,Current account balance,2011-Q4,-1007660000,-1007660000,ok,,
external.current-account-balance.q,quarterly,Current account balance,2012-Q1,-915820000,-915820000,ok,,
external.current-account-balance.q,quarterly,Current account balance,2012-Q2,-873180000,-873180000,ok,,
external.current-account-balance.q,quarterly,Current account balance,2012-Q3,-3879520000,-3879520000,ok,,
external.current-account-balance.q,quarterly,Current account balance,2012-Q4,-757100000,-757100000,ok,,
external.current-account-balance.q,quarterly,Current account balance,2013-Q1,-361870000,-361870000,ok,,
external.current-account-balance.q,quarterly,Current account balance,2013-Q2,-882970000,-882970000,ok,,
external.current-account-balance.q,quarterly,Current account balance,2013-Q3,-1030560000,-1030560000,ok,,
external.current-account-balance.q,quarterly,Current account balance,2013-Q4,-3032500000,-3032500000,ok,,
external.current-account-balance.q,quarterly,Current account balance,2014-Q1,-632440000,-632440000,ok,,
external.current-account-balance.q,quarterly,Current account balance,2014-Q2,-703090000,-703090000,ok,,
external.current-account-balance.q,quarterly,Current account balance,2014-Q3,-939370000,-939370000,ok,,
external.current-account-balance.q,quarterly,Current account balance,2014-Q4,-821300000,-821300000,ok,,
external.current-account-balance.q,quarterly,Current account balance,2015-Q1,,-3096200000,held,G5_total_in_slot,
external.current-account-balance.q,quarterly,Current account balance,2015-Q2,328150000,328150000,ok,,
external.current-account-balance.q,quarterly,Current account balance,2015-Q3,-509520000,-509520000,ok,,
external.current-account-balance.q,quarterly,Current account balance,2015-Q4,-1013010000,-1013010000,ok,,
external.current-account-balance.q,quarterly,Current account balance,2016-Q1,-808200000,-808200000,ok,,
external.current-account-balance.q,quarterly,Current account balance,2016-Q2,-2002580000,-2002580000,ok,,
external.current-account-balance.q,quarterly,Current account balance,2016-Q3,226830000,226830000,ok,,
external.current-account-balance.q,quarterly,Current account balance,2016-Q4,-636170000,-636170000,ok,,
external.current-account-balance.q,quarterly,Current account balance,2017-Q1,-592640000,-592640000,ok,,
external.current-account-balance.q,quarterly,Current account balance,2017-Q2,-1041940000,-1041940000,ok,,
external.current-account-balance.q,quarterly,Current account balance,2017-Q3,-2043920000,-2043920000,ok,,
external.current-account-balance.q,quarterly,Current account balance,2017-Q4,178010000,178010000,ok,,
external.current-account-balance.q,quarterly,Current account balance,2018-Q1,-839140000,-839140000,ok,,
external.current-account-balance.q,quarterly,Current account balance,2018-Q2,-836200000,-836200000,ok,,
external.current-account-balance.q,quarterly,Current account balance,2018-Q3,-366640000,-366640000,ok,,
external.current-account-balance.q,quarterly,Current account balance,2018-Q4,-1863970000,-1863970000,ok,,
external.current-account-balance.q,quarterly,Current account balance,2019-Q1,105930000,105930000,ok,,
external.current-account-balance.q,quarterly,Current account balance,2019-Q2,-654090000,-654090000,ok,,
external.current-account-balance.q,quarterly,Current account balance,2019-Q3,-689430000,-689430000,ok,,
external.current-account-balance.q,quarterly,Current account balance,2019-Q4,-896370000,-896370000,ok,,
external.current-account-balance.q,quarterly,Current account balance,2020-Q1,,-2133960000,held,G5_total_in_slot,
external.current-account-balance.q,quarterly,Current account balance,2020-Q2,-197000000,-197000000,ok,,
external.current-account-balance.q,quarterly,Current account balance,2020-Q3,-564850000,-564850000,ok,,
external.current-account-balance.q,quarterly,Current account balance,2020-Q4,-1098510000,-1098510000,ok,,
external.current-account-balance.q,quarterly,Current account balance,2021-Q1,-681120000,-681120000,ok,,
external.current-account-balance.q,quarterly,Current account balance,2021-Q2,-2541480000,-2541480000,ok,,
external.current-account-balance.q,quarterly,Current account balance,2021-Q3,-554390000,-554390000,ok,,
external.current-account-balance.q,quarterly,Current account balance,2021-Q4,-781200000,-781200000,ok,,
external.current-account-balance.q,quarterly,Current account balance,2022-Q1,-723280000,-723280000,ok,,
external.current-account-balance.q,quarterly,Current account balance,2022-Q2,318210000,318210000,ok,,
external.current-account-balance.q,quarterly,Current account balance,2022-Q3,-1740660000,-1740660000,ok,,
external.current-account-balance.q,quarterly,Current account balance,2022-Q4,629000000,629000000,ok,,
external.current-account-balance.q,quarterly,Current account balance,2023-Q1,234000000,234000000,ok,,
external.current-account-balance.q,quarterly,Current account balance,2023-Q2,48600000,48600000,ok,,
external.current-account-balance.q,quarterly,Current account balance,2023-Q3,495400000,495400000,ok,,
external.current-account-balance.q,quarterly,Current account balance,2023-Q4,1407000000,1407000000,ok,,
external.current-account-balance.q,quarterly,Current account balance,2024-Q1,280300000,280300000,ok,,
external.current-account-balance.q,quarterly,Current account balance,2024-Q2,998500000,998500000,ok,,
external.net-official-transfers.q,quarterly,Net official transfers,2003-Q1,86930000,86930000,ok,,
external.net-official-transfers.q,quarterly,Net official transfers,2003-Q2,5400000,5400000,ok,,
external.net-official-transfers.q,quarterly,Net official transfers,2003-Q3,40920000,40920000,ok,,
external.net-official-transfers.q,quarterly,Net official transfers,2003-Q4,209370000,209370000,ok,,
external.net-official-transfers.q,quarterly,Net official transfers,2004-Q1,137640000,137640000,ok,,
external.net-official-transfers.q,quarterly,Net official transfers,2004-Q2,85870000,85870000,ok,,
external.net-official-transfers.q,quarterly,Net official transfers,2004-Q3,3090000,3090000,ok,,
external.net-official-transfers.q,quarterly,Net official transfers,2004-Q4,14510000,14510000,ok,,
external.net-official-transfers.q,quarterly,Net official transfers,2005-Q1,,241110000,held,G5_total_in_slot,
external.net-official-transfers.q,quarterly,Net official transfers,2005-Q2,137190000,137190000,ok,,
external.net-official-transfers.q,quarterly,Net official transfers,2005-Q3,44170000,44170000,ok,,
external.net-official-transfers.q,quarterly,Net official transfers,2005-Q4,5720000,5720000,ok,,
external.net-official-transfers.q,quarterly,Net official transfers,2006-Q1,102540000,102540000,ok,,
external.net-official-transfers.q,quarterly,Net official transfers,2006-Q2,289620000,289620000,ok,,
external.net-official-transfers.q,quarterly,Net official transfers,2006-Q3,109910000,109910000,ok,,
external.net-official-transfers.q,quarterly,Net official transfers,2006-Q4,37830000,37830000,ok,,
external.net-official-transfers.q,quarterly,Net official transfers,2007-Q1,52000000,52000000,ok,,
external.net-official-transfers.q,quarterly,Net official transfers,2007-Q2,0,0,ok,,
external.net-official-transfers.q,quarterly,Net official transfers,2007-Q3,199740000,199740000,ok,,
external.net-official-transfers.q,quarterly,Net official transfers,2007-Q4,83600000,83600000,ok,,
external.net-official-transfers.q,quarterly,Net official transfers,2008-Q1,81060000,81060000,ok,,
external.net-official-transfers.q,quarterly,Net official transfers,2008-Q2,63990000,63990000,ok,,
external.net-official-transfers.q,quarterly,Net official transfers,2008-Q3,0,0,ok,,
external.net-official-transfers.q,quarterly,Net official transfers,2008-Q4,228650000,228650000,ok,,
external.net-official-transfers.q,quarterly,Net official transfers,2009-Q1,140280000,140280000,ok,,
external.net-official-transfers.q,quarterly,Net official transfers,2009-Q2,39480000,39480000,ok,,
external.net-official-transfers.q,quarterly,Net official transfers,2009-Q3,54140000,54140000,ok,,
external.net-official-transfers.q,quarterly,Net official transfers,2009-Q4,23920000,23920000,ok,,
external.net-official-transfers.q,quarterly,Net official transfers,2010-Q1,,257820000,held,G5_total_in_slot,
external.net-official-transfers.q,quarterly,Net official transfers,2010-Q2,7510000,7510000,ok,,
external.net-official-transfers.q,quarterly,Net official transfers,2010-Q3,16040000,16040000,ok,,
external.net-official-transfers.q,quarterly,Net official transfers,2010-Q4,0,0,ok,,
external.net-official-transfers.q,quarterly,Net official transfers,2011-Q1,56740000,56740000,ok,,
external.net-official-transfers.q,quarterly,Net official transfers,2011-Q2,80290000,80290000,ok,,
external.net-official-transfers.q,quarterly,Net official transfers,2011-Q3,1000000,1000000,ok,,
external.net-official-transfers.q,quarterly,Net official transfers,2011-Q4,0,0,ok,,
external.net-official-transfers.q,quarterly,Net official transfers,2012-Q1,8570000,8570000,ok,,
external.net-official-transfers.q,quarterly,Net official transfers,2012-Q2,0,0,ok,,
external.net-official-transfers.q,quarterly,Net official transfers,2012-Q3,9570000,9570000,ok,,
external.net-official-transfers.q,quarterly,Net official transfers,2012-Q4,0,0,ok,,
external.net-official-transfers.q,quarterly,Net official transfers,2013-Q1,97660000,97660000,ok,,
external.net-official-transfers.q,quarterly,Net official transfers,2013-Q2,102810000,102810000,ok,,
external.net-official-transfers.q,quarterly,Net official transfers,2013-Q3,21920000,21920000,ok,,
external.net-official-transfers.q,quarterly,Net official transfers,2013-Q4,222390000,222390000,ok,,
external.net-official-transfers.q,quarterly,Net official transfers,2014-Q1,3820000,3820000,ok,,
external.net-official-transfers.q,quarterly,Net official transfers,2014-Q2,3750000,3750000,ok,,
external.net-official-transfers.q,quarterly,Net official transfers,2014-Q3,13080000,13080000,ok,,
external.net-official-transfers.q,quarterly,Net official transfers,2014-Q4,4950000,4950000,ok,,
external.net-official-transfers.q,quarterly,Net official transfers,2015-Q1,25600000,25600000,ok,,
external.net-official-transfers.q,quarterly,Net official transfers,2015-Q2,0,0,ok,,
external.net-official-transfers.q,quarterly,Net official transfers,2015-Q3,0,0,ok,,
external.net-official-transfers.q,quarterly,Net official transfers,2015-Q4,0,0,ok,,
external.net-official-transfers.q,quarterly,Net official transfers,2016-Q1,0,0,ok,,
external.net-official-transfers.q,quarterly,Net official transfers,2016-Q2,0,0,ok,,
external.net-official-transfers.q,quarterly,Net official transfers,2016-Q3,0,0,ok,,
external.net-official-transfers.q,quarterly,Net official transfers,2016-Q4,18700000,18700000,ok,,
external.net-official-transfers.q,quarterly,Net official transfers,2017-Q1,0,0,ok,,
external.net-official-transfers.q,quarterly,Net official transfers,2017-Q2,0,0,ok,,
external.net-official-transfers.q,quarterly,Net official transfers,2017-Q3,18700000,18700000,ok,,
external.net-official-transfers.q,quarterly,Net official transfers,2017-Q4,0,0,ok,,
external.net-official-transfers.q,quarterly,Net official transfers,2018-Q1,0,0,ok,,
external.net-official-transfers.q,quarterly,Net official transfers,2018-Q2,0,0,ok,,
external.net-official-transfers.q,quarterly,Net official transfers,2018-Q3,17650000,17650000,ok,,
external.net-official-transfers.q,quarterly,Net official transfers,2018-Q4,17650000,17650000,ok,,
external.net-official-transfers.q,quarterly,Net official transfers,2019-Q1,0,0,ok,,
external.net-official-transfers.q,quarterly,Net official transfers,2019-Q2,0,0,ok,,
external.net-official-transfers.q,quarterly,Net official transfers,2019-Q3,68400000,68400000,ok,,
external.net-official-transfers.q,quarterly,Net official transfers,2019-Q4,99720000,99720000,ok,,
external.net-official-transfers.q,quarterly,Net official transfers,2020-Q1,168120000,168120000,ok,,
external.net-official-transfers.q,quarterly,Net official transfers,2020-Q2,0,0,ok,,
external.net-official-transfers.q,quarterly,Net official transfers,2020-Q3,0,0,ok,,
external.net-official-transfers.q,quarterly,Net official transfers,2020-Q4,0,0,ok,,
external.net-official-transfers.q,quarterly,Net official transfers,2021-Q1,0,0,ok,,
external.net-official-transfers.q,quarterly,Net official transfers,2021-Q2,0,0,ok,,
external.net-official-transfers.q,quarterly,Net official transfers,2021-Q3,100000,100000,ok,,
external.net-official-transfers.q,quarterly,Net official transfers,2021-Q4,0,0,ok,,
external.net-official-transfers.q,quarterly,Net official transfers,2022-Q1,0,0,ok,,
external.net-official-transfers.q,quarterly,Net official transfers,2022-Q2,100000,100000,ok,,
external.net-official-transfers.q,quarterly,Net official transfers,2022-Q3,200000,200000,ok,,
external.net-official-transfers.q,quarterly,Net official transfers,2022-Q4,8700000,8700000,ok,,
external.net-official-transfers.q,quarterly,Net official transfers,2023-Q1,6700000,6700000,ok,,
external.net-official-transfers.q,quarterly,Net official transfers,2023-Q2,8500000,8500000,ok,,
external.net-official-transfers.q,quarterly,Net official transfers,2023-Q3,84300000,84300000,ok,,
external.net-official-transfers.q,quarterly,Net official transfers,2023-Q4,108200000,108200000,ok,,
external.net-official-transfers.q,quarterly,Net official transfers,2024-Q1,0,0,ok,,
external.net-official-transfers.q,quarterly,Net official transfers,2024-Q2,0,0,ok,,
external.net-private-transfers.q,quarterly,Net private transfers,2003-Q1,380990000,380990000,ok,,
external.net-private-transfers.q,quarterly,Net private transfers,2003-Q2,508160000,508160000,ok,,
external.net-private-transfers.q,quarterly,Net private transfers,2003-Q3,583590000,583590000,ok,,
external.net-private-transfers.q,quarterly,Net private transfers,2003-Q4,1833810000,1833810000,ok,,
external.net-private-transfers.q,quarterly,Net private transfers,2004-Q1,507630000,507630000,ok,,
external.net-private-transfers.q,quarterly,Net private transfers,2004-Q2,486890000,486890000,ok,,
external.net-private-transfers.q,quarterly,Net private transfers,2004-Q3,495580000,495580000,ok,,
external.net-private-transfers.q,quarterly,Net private transfers,2004-Q4,480290000,480290000,ok,,
external.net-private-transfers.q,quarterly,Net private transfers,2005-Q1,,1970390000,held,G5_total_in_slot,
external.net-private-transfers.q,quarterly,Net private transfers,2005-Q2,400830000,400830000,ok,,
external.net-private-transfers.q,quarterly,Net private transfers,2005-Q3,424220000,424220000,ok,,
external.net-private-transfers.q,quarterly,Net private transfers,2005-Q4,468910000,468910000,ok,,
external.net-private-transfers.q,quarterly,Net private transfers,2006-Q1,494420000,494420000,ok,,
external.net-private-transfers.q,quarterly,Net private transfers,2006-Q2,1788380000,1788380000,ok,,
external.net-private-transfers.q,quarterly,Net private transfers,2006-Q3,449920000,449920000,ok,,
external.net-private-transfers.q,quarterly,Net private transfers,2006-Q4,500220000,500220000,ok,,
external.net-private-transfers.q,quarterly,Net private transfers,2007-Q1,641880000,641880000,ok,,
external.net-private-transfers.q,quarterly,Net private transfers,2007-Q2,530670000,530670000,ok,,
external.net-private-transfers.q,quarterly,Net private transfers,2007-Q3,2122690000,2122690000,ok,,
external.net-private-transfers.q,quarterly,Net private transfers,2007-Q4,673760000,673760000,ok,,
external.net-private-transfers.q,quarterly,Net private transfers,2008-Q1,595140000,595140000,ok,,
external.net-private-transfers.q,quarterly,Net private transfers,2008-Q2,507680000,507680000,ok,,
external.net-private-transfers.q,quarterly,Net private transfers,2008-Q3,592190000,592190000,ok,,
external.net-private-transfers.q,quarterly,Net private transfers,2008-Q4,2368770000,2368770000,ok,,
external.net-private-transfers.q,quarterly,Net private transfers,2009-Q1,866930000,866930000,ok,,
external.net-private-transfers.q,quarterly,Net private transfers,2009-Q2,476760000,476760000,ok,,
external.net-private-transfers.q,quarterly,Net private transfers,2009-Q3,372930000,372930000,ok,,
external.net-private-transfers.q,quarterly,Net private transfers,2009-Q4,430890000,430890000,ok,,
external.net-private-transfers.q,quarterly,Net private transfers,2010-Q1,,2147510000,held,G5_total_in_slot,
external.net-private-transfers.q,quarterly,Net private transfers,2010-Q2,429410000,429410000,ok,,
external.net-private-transfers.q,quarterly,Net private transfers,2010-Q3,541110000,541110000,ok,,
external.net-private-transfers.q,quarterly,Net private transfers,2010-Q4,459130000,459130000,ok,,
external.net-private-transfers.q,quarterly,Net private transfers,2011-Q1,429500000,429500000,ok,,
external.net-private-transfers.q,quarterly,Net private transfers,2011-Q2,1859150000,1859150000,ok,,
external.net-private-transfers.q,quarterly,Net private transfers,2011-Q3,493800000,493800000,ok,,
external.net-private-transfers.q,quarterly,Net private transfers,2011-Q4,438830000,438830000,ok,,
external.net-private-transfers.q,quarterly,Net private transfers,2012-Q1,420920000,420920000,ok,,
external.net-private-transfers.q,quarterly,Net private transfers,2012-Q2,645360000,645360000,ok,,
external.net-private-transfers.q,quarterly,Net private transfers,2012-Q3,1998910000,1998910000,ok,,
external.net-private-transfers.q,quarterly,Net private transfers,2012-Q4,409520000,409520000,ok,,
external.net-private-transfers.q,quarterly,Net private transfers,2013-Q1,598000000,598000000,ok,,
external.net-private-transfers.q,quarterly,Net private transfers,2013-Q2,870610000,870610000,ok,,
external.net-private-transfers.q,quarterly,Net private transfers,2013-Q3,497200000,497200000,ok,,
external.net-private-transfers.q,quarterly,Net private transfers,2013-Q4,2375330000,2375330000,ok,,
external.net-private-transfers.q,quarterly,Net private transfers,2014-Q1,453530000,453530000,ok,,
external.net-private-transfers.q,quarterly,Net private transfers,2014-Q2,334110000,334110000,ok,,
external.net-private-transfers.q,quarterly,Net private transfers,2014-Q3,413040000,413040000,ok,,
external.net-private-transfers.q,quarterly,Net private transfers,2014-Q4,230350000,230350000,ok,,
external.net-private-transfers.q,quarterly,Net private transfers,2015-Q1,,1431030000,held,G5_total_in_slot,
external.net-private-transfers.q,quarterly,Net private transfers,2015-Q2,663110000,663110000,ok,,
external.net-private-transfers.q,quarterly,Net private transfers,2015-Q3,568470000,568470000,ok,,
external.net-private-transfers.q,quarterly,Net private transfers,2015-Q4,552290000,552290000,ok,,
external.net-private-transfers.q,quarterly,Net private transfers,2016-Q1,640330000,640330000,ok,,
external.net-private-transfers.q,quarterly,Net private transfers,2016-Q2,2424200000,2424200000,ok,,
external.net-private-transfers.q,quarterly,Net private transfers,2016-Q3,556640000,556640000,ok,,
external.net-private-transfers.q,quarterly,Net private transfers,2016-Q4,719310000,719310000,ok,,
external.net-private-transfers.q,quarterly,Net private transfers,2017-Q1,657410000,657410000,ok,,
external.net-private-transfers.q,quarterly,Net private transfers,2017-Q2,630990000,630990000,ok,,
external.net-private-transfers.q,quarterly,Net private transfers,2017-Q3,2564350000,2564350000,ok,,
external.net-private-transfers.q,quarterly,Net private transfers,2017-Q4,794130000,794130000,ok,,
external.net-private-transfers.q,quarterly,Net private transfers,2018-Q1,884520000,884520000,ok,,
external.net-private-transfers.q,quarterly,Net private transfers,2018-Q2,812930000,812930000,ok,,
external.net-private-transfers.q,quarterly,Net private transfers,2018-Q3,894860000,894860000,ok,,
external.net-private-transfers.q,quarterly,Net private transfers,2018-Q4,3386440000,3386440000,ok,,
external.net-private-transfers.q,quarterly,Net private transfers,2019-Q1,768990000,768990000,ok,,
external.net-private-transfers.q,quarterly,Net private transfers,2019-Q2,956330000,956330000,ok,,
external.net-private-transfers.q,quarterly,Net private transfers,2019-Q3,865140000,865140000,ok,,
external.net-private-transfers.q,quarterly,Net private transfers,2019-Q4,974280000,974280000,ok,,
external.net-private-transfers.q,quarterly,Net private transfers,2020-Q1,,3564740000,held,G5_total_in_slot,
external.net-private-transfers.q,quarterly,Net private transfers,2020-Q2,907080000,907080000,ok,,
external.net-private-transfers.q,quarterly,Net private transfers,2020-Q3,807740000,807740000,ok,,
external.net-private-transfers.q,quarterly,Net private transfers,2020-Q4,846890000,846890000,ok,,
external.net-private-transfers.q,quarterly,Net private transfers,2021-Q1,793200000,793200000,ok,,
external.net-private-transfers.q,quarterly,Net private transfers,2021-Q2,3354910000,3354910000,ok,,
external.net-private-transfers.q,quarterly,Net private transfers,2021-Q3,880440000,880440000,ok,,
external.net-private-transfers.q,quarterly,Net private transfers,2021-Q4,691600000,691600000,ok,,
external.net-private-transfers.q,quarterly,Net private transfers,2022-Q1,910940000,910940000,ok,,
external.net-private-transfers.q,quarterly,Net private transfers,2022-Q2,1089760000,1089760000,ok,,
external.net-private-transfers.q,quarterly,Net private transfers,2022-Q3,3572740000,3572740000,ok,,
external.net-private-transfers.q,quarterly,Net private transfers,2022-Q4,970880000,970880000,ok,,
external.net-private-transfers.q,quarterly,Net private transfers,2023-Q1,1046880000,1046880000,ok,,
external.net-private-transfers.q,quarterly,Net private transfers,2023-Q2,1195320000,1195320000,ok,,
external.net-private-transfers.q,quarterly,Net private transfers,2023-Q3,827700000,827700000,ok,,
external.net-private-transfers.q,quarterly,Net private transfers,2023-Q4,4040780000,4040780000,ok,,
external.net-private-transfers.q,quarterly,Net private transfers,2024-Q1,1290000000,1290000000,ok,,
external.net-private-transfers.q,quarterly,Net private transfers,2024-Q2,1397700000,1397700000,ok,,
external.error-and-omission-net.q,quarterly,Error and omission (net),2003-Q1,109640000,109640000,ok,,
external.error-and-omission-net.q,quarterly,Error and omission (net),2003-Q2,47180000,47180000,ok,,
external.error-and-omission-net.q,quarterly,Error and omission (net),2003-Q3,27910000,27910000,ok,,
external.error-and-omission-net.q,quarterly,Error and omission (net),2003-Q4,211300000,211300000,ok,,
external.error-and-omission-net.q,quarterly,Error and omission (net),2004-Q1,-109354369,-109354369,ok,,
external.error-and-omission-net.q,quarterly,Error and omission (net),2004-Q2,178790000,178790000,ok,,
external.error-and-omission-net.q,quarterly,Error and omission (net),2004-Q3,205100000,205100000,ok,,
external.error-and-omission-net.q,quarterly,Error and omission (net),2004-Q4,-15250000,-15250000,ok,,
external.error-and-omission-net.q,quarterly,Error and omission (net),2005-Q1,,259285631,held,G5_total_in_slot,
external.error-and-omission-net.q,quarterly,Error and omission (net),2005-Q2,25990000,25990000,ok,,
external.error-and-omission-net.q,quarterly,Error and omission (net),2005-Q3,58110000,58110000,ok,,
external.error-and-omission-net.q,quarterly,Error and omission (net),2005-Q4,338890000,338890000,ok,,
external.error-and-omission-net.q,quarterly,Error and omission (net),2006-Q1,-70780000,-70780000,ok,,
external.error-and-omission-net.q,quarterly,Error and omission (net),2006-Q2,352210000,352210000,ok,,
external.error-and-omission-net.q,quarterly,Error and omission (net),2006-Q3,179360000,179360000,ok,,
external.error-and-omission-net.q,quarterly,Error and omission (net),2006-Q4,-137460000,-137460000,ok,,
external.error-and-omission-net.q,quarterly,Error and omission (net),2007-Q1,170350000,170350000,ok,,
external.error-and-omission-net.q,quarterly,Error and omission (net),2007-Q2,482490000,482490000,ok,,
external.error-and-omission-net.q,quarterly,Error and omission (net),2007-Q3,694740000,694740000,ok,,
external.error-and-omission-net.q,quarterly,Error and omission (net),2007-Q4,-8274403,-8274403,ok,,
external.error-and-omission-net.q,quarterly,Error and omission (net),2008-Q1,-26210000,-26210000,ok,,
external.error-and-omission-net.q,quarterly,Error and omission (net),2008-Q2,218980000,218980000,ok,,
external.error-and-omission-net.q,quarterly,Error and omission (net),2008-Q3,34770000,34770000,ok,,
external.error-and-omission-net.q,quarterly,Error and omission (net),2008-Q4,219265597,219265597,ok,,
external.error-and-omission-net.q,quarterly,Error and omission (net),2009-Q1,461227296,461227296,ok,,
external.error-and-omission-net.q,quarterly,Error and omission (net),2009-Q2,512017381,512017381,ok,,
external.error-and-omission-net.q,quarterly,Error and omission (net),2009-Q3,144349240,144349240,ok,,
external.error-and-omission-net.q,quarterly,Error and omission (net),2009-Q4,101997012,101997012,ok,,
external.error-and-omission-net.q,quarterly,Error and omission (net),2010-Q1,,1219590928,held,G5_total_in_slot,
external.error-and-omission-net.q,quarterly,Error and omission (net),2010-Q2,-580900835,-580900835,ok,,
external.error-and-omission-net.q,quarterly,Error and omission (net),2010-Q3,338823962,338823962,ok,,
external.error-and-omission-net.q,quarterly,Error and omission (net),2010-Q4,724426565,724426565,ok,,
external.error-and-omission-net.q,quarterly,Error and omission (net),2011-Q1,-330671881,-330671881,ok,,
external.error-and-omission-net.q,quarterly,Error and omission (net),2011-Q2,151677811,151677811,ok,,
external.error-and-omission-net.q,quarterly,Error and omission (net),2011-Q3,-810886882,-810886882,ok,,
external.error-and-omission-net.q,quarterly,Error and omission (net),2011-Q4,300101695,300101695,ok,,
external.error-and-omission-net.q,quarterly,Error and omission (net),2012-Q1,-1070580011,-1070580011,ok,,
external.error-and-omission-net.q,quarterly,Error and omission (net),2012-Q2,-2130780512,-2130780512,ok,,
external.error-and-omission-net.q,quarterly,Error and omission (net),2012-Q3,-3712145710,-3712145710,ok,,
external.error-and-omission-net.q,quarterly,Error and omission (net),2012-Q4,86784510,86784510,ok,,
external.error-and-omission-net.q,quarterly,Error and omission (net),2013-Q1,-8776263,-8776263,ok,,
external.error-and-omission-net.q,quarterly,Error and omission (net),2013-Q2,142614051,142614051,ok,,
external.error-and-omission-net.q,quarterly,Error and omission (net),2013-Q3,-2612432163,-2612432163,ok,,
external.error-and-omission-net.q,quarterly,Error and omission (net),2013-Q4,-2391809865,-2391809865,ok,,
external.error-and-omission-net.q,quarterly,Error and omission (net),2014-Q1,249982376,249982376,ok,,
external.error-and-omission-net.q,quarterly,Error and omission (net),2014-Q2,222378530,222378530,ok,,
external.error-and-omission-net.q,quarterly,Error and omission (net),2014-Q3,197076325,197076325,ok,,
external.error-and-omission-net.q,quarterly,Error and omission (net),2014-Q4,390638997,390638997,ok,,
external.error-and-omission-net.q,quarterly,Error and omission (net),2015-Q1,,1060076228,held,G5_total_in_slot,
external.error-and-omission-net.q,quarterly,Error and omission (net),2015-Q2,-114544416,-114544416,ok,,
external.error-and-omission-net.q,quarterly,Error and omission (net),2015-Q3,-126365336,-126365336,ok,,
external.error-and-omission-net.q,quarterly,Error and omission (net),2015-Q4,134265321,134265321,ok,,
external.error-and-omission-net.q,quarterly,Error and omission (net),2016-Q1,184945783,184945783,ok,,
external.error-and-omission-net.q,quarterly,Error and omission (net),2016-Q2,78301353,78301353,ok,,
external.error-and-omission-net.q,quarterly,Error and omission (net),2016-Q3,-260365098,-260365098,ok,,
external.error-and-omission-net.q,quarterly,Error and omission (net),2016-Q4,-67454181,-67454181,ok,,
external.error-and-omission-net.q,quarterly,Error and omission (net),2017-Q1,-9444992,-9444992,ok,,
external.error-and-omission-net.q,quarterly,Error and omission (net),2017-Q2,209252777,209252777,ok,,
external.error-and-omission-net.q,quarterly,Error and omission (net),2017-Q3,-128011494,-128011494,ok,,
external.error-and-omission-net.q,quarterly,Error and omission (net),2017-Q4,112636181,112636181,ok,,
external.error-and-omission-net.q,quarterly,Error and omission (net),2018-Q1,-99775795,-99775795,ok,,
external.error-and-omission-net.q,quarterly,Error and omission (net),2018-Q2,90145949,90145949,ok,,
external.error-and-omission-net.q,quarterly,Error and omission (net),2018-Q3,34333647,34333647,ok,,
external.error-and-omission-net.q,quarterly,Error and omission (net),2018-Q4,137339982,137339982,ok,,
external.error-and-omission-net.q,quarterly,Error and omission (net),2019-Q1,-162058848,-162058848,ok,,
external.error-and-omission-net.q,quarterly,Error and omission (net),2019-Q2,106175875,106175875,ok,,
external.error-and-omission-net.q,quarterly,Error and omission (net),2019-Q3,15137396,15137396,ok,,
external.error-and-omission-net.q,quarterly,Error and omission (net),2019-Q4,-335028481,-335028481,ok,,
external.error-and-omission-net.q,quarterly,Error and omission (net),2020-Q1,,-375774057,held,G5_total_in_slot,
external.error-and-omission-net.q,quarterly,Error and omission (net),2020-Q2,60236808,60236808,ok,,
external.error-and-omission-net.q,quarterly,Error and omission (net),2020-Q3,57043931,57043931,ok,,
external.error-and-omission-net.q,quarterly,Error and omission (net),2020-Q4,-63695651,-63695651,ok,,
external.error-and-omission-net.q,quarterly,Error and omission (net),2021-Q1,-305984057,-305984057,ok,,
external.error-and-omission-net.q,quarterly,Error and omission (net),2021-Q2,-252398968,-252398968,ok,,
external.error-and-omission-net.q,quarterly,Error and omission (net),2021-Q3,71300000,71300000,ok,,
external.error-and-omission-net.q,quarterly,Error and omission (net),2021-Q4,-150100000,-150100000,ok,,
external.error-and-omission-net.q,quarterly,Error and omission (net),2022-Q1,63000000,63000000,ok,,
external.error-and-omission-net.q,quarterly,Error and omission (net),2022-Q2,232800000,232800000,ok,,
external.error-and-omission-net.q,quarterly,Error and omission (net),2022-Q3,217000000,217000000,ok,,
external.error-and-omission-net.q,quarterly,Error and omission (net),2022-Q4,-217600000,-217600000,ok,,
external.error-and-omission-net.q,quarterly,Error and omission (net),2023-Q1,57800000,57800000,ok,,
external.error-and-omission-net.q,quarterly,Error and omission (net),2023-Q2,-1100000,-1100000,ok,,
external.error-and-omission-net.q,quarterly,Error and omission (net),2023-Q3,4800000,4800000,ok,,
external.error-and-omission-net.q,quarterly,Error and omission (net),2023-Q4,-156100000,-156100000,ok,,
external.error-and-omission-net.q,quarterly,Error and omission (net),2024-Q1,-89400000,-89400000,ok,,
external.error-and-omission-net.q,quarterly,Error and omission (net),2024-Q2,120500000,120500000,ok,,
external.financial-account-balance.q,quarterly,Financial account balance,2003-Q1,318010000,318010000,ok,,
external.financial-account-balance.q,quarterly,Financial account balance,2003-Q2,369180000,369180000,ok,,
external.financial-account-balance.q,quarterly,Financial account balance,2003-Q3,1654870000,1654870000,ok,,
external.financial-account-balance.q,quarterly,Financial account balance,2003-Q4,2403290000,2403290000,ok,,
external.financial-account-balance.q,quarterly,Financial account balance,2004-Q1,648500000,648500000,ok,,
external.financial-account-balance.q,quarterly,Financial account balance,2004-Q2,-51600000,-51600000,ok,,
external.financial-account-balance.q,quarterly,Financial account balance,2004-Q3,1141100000,1141100000,ok,,
external.financial-account-balance.q,quarterly,Financial account balance,2004-Q4,605100000,605100000,ok,,
external.financial-account-balance.q,quarterly,Financial account balance,2005-Q1,,2343100000,held,G5_total_in_slot,
external.financial-account-balance.q,quarterly,Financial account balance,2005-Q2,171530000,171530000,ok,,
external.financial-account-balance.q,quarterly,Financial account balance,2005-Q3,72860000,72860000,ok,,
external.financial-account-balance.q,quarterly,Financial account balance,2005-Q4,794290000,794290000,ok,,
external.financial-account-balance.q,quarterly,Financial account balance,2006-Q1,1464490000,1464490000,ok,,
external.financial-account-balance.q,quarterly,Financial account balance,2006-Q2,2503170000,2503170000,ok,,
external.financial-account-balance.q,quarterly,Financial account balance,2006-Q3,582130000,582130000,ok,,
external.financial-account-balance.q,quarterly,Financial account balance,2006-Q4,853420000,853420000,ok,,
external.financial-account-balance.q,quarterly,Financial account balance,2007-Q1,423500000,423500000,ok,,
external.financial-account-balance.q,quarterly,Financial account balance,2007-Q2,1868020000,1868020000,ok,,
external.financial-account-balance.q,quarterly,Financial account balance,2007-Q3,3727070000,3727070000,ok,,
external.financial-account-balance.q,quarterly,Financial account balance,2007-Q4,388510000,388510000,ok,,
external.financial-account-balance.q,quarterly,Financial account balance,2008-Q1,583050000,583050000,ok,,
external.financial-account-balance.q,quarterly,Financial account balance,2008-Q2,304510000,304510000,ok,,
external.financial-account-balance.q,quarterly,Financial account balance,2008-Q3,2758180000,2758180000,ok,,
external.financial-account-balance.q,quarterly,Financial account balance,2008-Q4,4034250000,4034250000,ok,,
external.financial-account-balance.q,quarterly,Financial account balance,2009-Q1,77300000,77300000,ok,,
external.financial-account-balance.q,quarterly,Financial account balance,2009-Q2,275970000,275970000,ok,,
external.financial-account-balance.q,quarterly,Financial account balance,2009-Q3,1132940000,1132940000,ok,,
external.financial-account-balance.q,quarterly,Financial account balance,2009-Q4,1881650000,1881650000,ok,,
external.financial-account-balance.q,quarterly,Financial account balance,2010-Q1,,3367860000,held,G5_total_in_slot,
external.financial-account-balance.q,quarterly,Financial account balance,2010-Q2,1051110000,1051110000,ok,,
external.financial-account-balance.q,quarterly,Financial account balance,2010-Q3,140110000,140110000,ok,,
external.financial-account-balance.q,quarterly,Financial account balance,2010-Q4,1402100000,1402100000,ok,,
external.financial-account-balance.q,quarterly,Financial account balance,2011-Q1,2425590000,2425590000,ok,,
external.financial-account-balance.q,quarterly,Financial account balance,2011-Q2,5018910000,5018910000,ok,,
external.financial-account-balance.q,quarterly,Financial account balance,2011-Q3,499400000,499400000,ok,,
external.financial-account-balance.q,quarterly,Financial account balance,2011-Q4,92600000,92600000,ok,,
external.financial-account-balance.q,quarterly,Financial account balance,2012-Q1,1460700000,1460700000,ok,,
external.financial-account-balance.q,quarterly,Financial account balance,2012-Q2,1700100000,1700100000,ok,,
external.financial-account-balance.q,quarterly,Financial account balance,2012-Q3,3752800000,3752800000,ok,,
external.financial-account-balance.q,quarterly,Financial account balance,2012-Q4,-178250000,-178250000,ok,,
external.financial-account-balance.q,quarterly,Financial account balance,2013-Q1,-387160000,-387160000,ok,,
external.financial-account-balance.q,quarterly,Financial account balance,2013-Q2,455720000,455720000,ok,,
external.financial-account-balance.q,quarterly,Financial account balance,2013-Q3,2759060000,2759060000,ok,,
external.financial-account-balance.q,quarterly,Financial account balance,2013-Q4,2649370000,2649370000,ok,,
external.financial-account-balance.q,quarterly,Financial account balance,2014-Q1,-66440000,-66440000,ok,,
external.financial-account-balance.q,quarterly,Financial account balance,2014-Q2,83490000,83490000,ok,,
external.financial-account-balance.q,quarterly,Financial account balance,2014-Q3,219900000,219900000,ok,,
external.financial-account-balance.q,quarterly,Financial account balance,2014-Q4,2046610000,2046610000,ok,,
external.financial-account-balance.q,quarterly,Financial account balance,2015-Q1,,2283560000,held,G5_total_in_slot,
external.financial-account-balance.q,quarterly,Financial account balance,2015-Q2,-729890000,-729890000,ok,,
external.financial-account-balance.q,quarterly,Financial account balance,2015-Q3,2197570000,2197570000,ok,,
external.financial-account-balance.q,quarterly,Financial account balance,2015-Q4,5820000,5820000,ok,,
external.financial-account-balance.q,quarterly,Financial account balance,2016-Q1,1300030000,1300030000,ok,,
external.financial-account-balance.q,quarterly,Financial account balance,2016-Q2,2773530000,2773530000,ok,,
external.financial-account-balance.q,quarterly,Financial account balance,2016-Q3,-663240000,-663240000,ok,,
external.financial-account-balance.q,quarterly,Financial account balance,2016-Q4,870300000,870300000,ok,,
external.financial-account-balance.q,quarterly,Financial account balance,2017-Q1,149010000,149010000,ok,,
external.financial-account-balance.q,quarterly,Financial account balance,2017-Q2,886590000,886590000,ok,,
external.financial-account-balance.q,quarterly,Financial account balance,2017-Q3,1242660000,1242660000,ok,,
external.financial-account-balance.q,quarterly,Financial account balance,2017-Q4,2665760000,2665760000,ok,,
external.financial-account-balance.q,quarterly,Financial account balance,2018-Q1,-802730000,-802730000,ok,,
external.financial-account-balance.q,quarterly,Financial account balance,2018-Q2,222390000,222390000,ok,,
external.financial-account-balance.q,quarterly,Financial account balance,2018-Q3,725130000,725130000,ok,,
external.financial-account-balance.q,quarterly,Financial account balance,2018-Q4,2810550000,2810550000,ok,,
external.financial-account-balance.q,quarterly,Financial account balance,2019-Q1,1455280000,1455280000,ok,,
external.financial-account-balance.q,quarterly,Financial account balance,2019-Q2,19380000,19380000,ok,,
external.financial-account-balance.q,quarterly,Financial account balance,2019-Q3,-39700000,-39700000,ok,,
external.financial-account-balance.q,quarterly,Financial account balance,2019-Q4,1202090000,1202090000,ok,,
external.financial-account-balance.q,quarterly,Financial account balance,2020-Q1,,2637050000,held,G5_total_in_slot,
external.financial-account-balance.q,quarterly,Financial account balance,2020-Q2,-391060000,-391060000,ok,,
external.financial-account-balance.q,quarterly,Financial account balance,2020-Q3,3280410000,3280410000,ok,,
external.financial-account-balance.q,quarterly,Financial account balance,2020-Q4,443140000,443140000,ok,,
external.financial-account-balance.q,quarterly,Financial account balance,2021-Q1,-232510000,-232510000,ok,,
external.financial-account-balance.q,quarterly,Financial account balance,2021-Q2,3099980000,3099980000,ok,,
external.financial-account-balance.q,quarterly,Financial account balance,2021-Q3,-482330000,-482330000,ok,,
external.financial-account-balance.q,quarterly,Financial account balance,2021-Q4,-949840000,-949840000,ok,,
external.financial-account-balance.q,quarterly,Financial account balance,2022-Q1,-277510000,-277510000,ok,,
external.financial-account-balance.q,quarterly,Financial account balance,2022-Q2,-573700000,-573700000,ok,,
external.financial-account-balance.q,quarterly,Financial account balance,2022-Q3,-2283380000,-2283380000,ok,,
external.financial-account-balance.q,quarterly,Financial account balance,2022-Q4,-1038490000,-1038490000,ok,,
external.financial-account-balance.q,quarterly,Financial account balance,2023-Q1,-71680000,-71680000,ok,,
external.financial-account-balance.q,quarterly,Financial account balance,2023-Q2,-345280000,-345280000,ok,,
external.financial-account-balance.q,quarterly,Financial account balance,2023-Q3,594020000,594020000,ok,,
external.financial-account-balance.q,quarterly,Financial account balance,2023-Q4,-861430000,-861430000,ok,,
external.financial-account-balance.q,quarterly,Financial account balance,2024-Q1,-135870000,-135870000,ok,,
external.financial-account-balance.q,quarterly,Financial account balance,2024-Q2,-265630000,-265630000,ok,,
external.foreign-direct-investments-net.q,quarterly,Foreign direct investments (net),2003-Q1,240190000,240190000,ok,,
external.foreign-direct-investments-net.q,quarterly,Foreign direct investments (net),2003-Q2,260620000,260620000,ok,,
external.foreign-direct-investments-net.q,quarterly,Foreign direct investments (net),2003-Q3,446000000,446000000,ok,,
external.foreign-direct-investments-net.q,quarterly,Foreign direct investments (net),2003-Q4,970380000,970380000,ok,,
external.foreign-direct-investments-net.q,quarterly,Foreign direct investments (net),2004-Q1,129930000,129930000,ok,,
external.foreign-direct-investments-net.q,quarterly,Foreign direct investments (net),2004-Q2,204870000,204870000,ok,,
external.foreign-direct-investments-net.q,quarterly,Foreign direct investments (net),2004-Q3,1355140000,1355140000,ok,,
external.foreign-direct-investments-net.q,quarterly,Foreign direct investments (net),2004-Q4,421650000,421650000,ok,,
external.foreign-direct-investments-net.q,quarterly,Foreign direct investments (net),2005-Q1,,2111590000,held,G5_total_in_slot,
external.foreign-direct-investments-net.q,quarterly,Foreign direct investments (net),2005-Q2,426000000,426000000,ok,,
external.foreign-direct-investments-net.q,quarterly,Foreign direct investments (net),2005-Q3,477450000,477450000,ok,,
external.foreign-direct-investments-net.q,quarterly,Foreign direct investments (net),2005-Q4,359950000,359950000,ok,,
external.foreign-direct-investments-net.q,quarterly,Foreign direct investments (net),2006-Q1,414440000,414440000,ok,,
external.foreign-direct-investments-net.q,quarterly,Foreign direct investments (net),2006-Q2,1677840000,1677840000,ok,,
external.foreign-direct-investments-net.q,quarterly,Foreign direct investments (net),2006-Q3,551430000,551430000,ok,,
external.foreign-direct-investments-net.q,quarterly,Foreign direct investments (net),2006-Q4,840140000,840140000,ok,,
external.foreign-direct-investments-net.q,quarterly,Foreign direct investments (net),2007-Q1,619690000,619690000,ok,,
external.foreign-direct-investments-net.q,quarterly,Foreign direct investments (net),2007-Q2,516100000,516100000,ok,,
external.foreign-direct-investments-net.q,quarterly,Foreign direct investments (net),2007-Q3,2527360000,2527360000,ok,,
external.foreign-direct-investments-net.q,quarterly,Foreign direct investments (net),2007-Q4,781560000,781560000,ok,,
external.foreign-direct-investments-net.q,quarterly,Foreign direct investments (net),2008-Q1,963580000,963580000,ok,,
external.foreign-direct-investments-net.q,quarterly,Foreign direct investments (net),2008-Q2,1047720000,1047720000,ok,,
external.foreign-direct-investments-net.q,quarterly,Foreign direct investments (net),2008-Q3,429390000,429390000,ok,,
external.foreign-direct-investments-net.q,quarterly,Foreign direct investments (net),2008-Q4,3222250000,3222250000,ok,,
external.foreign-direct-investments-net.q,quarterly,Foreign direct investments (net),2009-Q1,897520000,897520000,ok,,
external.foreign-direct-investments-net.q,quarterly,Foreign direct investments (net),2009-Q2,796250000,796250000,ok,,
external.foreign-direct-investments-net.q,quarterly,Foreign direct investments (net),2009-Q3,1249900000,1249900000,ok,,
external.foreign-direct-investments-net.q,quarterly,Foreign direct investments (net),2009-Q4,349760000,349760000,ok,,
external.foreign-direct-investments-net.q,quarterly,Foreign direct investments (net),2010-Q1,,3293430000,held,G5_total_in_slot,
external.foreign-direct-investments-net.q,quarterly,Foreign direct investments (net),2010-Q2,549720000,549720000,ok,,
external.foreign-direct-investments-net.q,quarterly,Foreign direct investments (net),2010-Q3,904910000,904910000,ok,,
external.foreign-direct-investments-net.q,quarterly,Foreign direct investments (net),2010-Q4,899800000,899800000,ok,,
external.foreign-direct-investments-net.q,quarterly,Foreign direct investments (net),2011-Q1,871900000,871900000,ok,,
external.foreign-direct-investments-net.q,quarterly,Foreign direct investments (net),2011-Q2,3226330000,3226330000,ok,,
external.foreign-direct-investments-net.q,quarterly,Foreign direct investments (net),2011-Q3,987500000,987500000,ok,,
external.foreign-direct-investments-net.q,quarterly,Foreign direct investments (net),2011-Q4,829490000,829490000,ok,,
external.foreign-direct-investments-net.q,quarterly,Foreign direct investments (net),2012-Q1,621250000,621250000,ok,,
external.foreign-direct-investments-net.q,quarterly,Foreign direct investments (net),2012-Q2,918750000,918750000,ok,,
external.foreign-direct-investments-net.q,quarterly,Foreign direct investments (net),2012-Q3,3356990000,3356990000,ok,,
external.foreign-direct-investments-net.q,quarterly,Foreign direct investments (net),2012-Q4,467500000,467500000,ok,,
external.foreign-direct-investments-net.q,quarterly,Foreign direct investments (net),2013-Q1,815870000,815870000,ok,,
external.foreign-direct-investments-net.q,quarterly,Foreign direct investments (net),2013-Q2,841310000,841310000,ok,,
external.foreign-direct-investments-net.q,quarterly,Foreign direct investments (net),2013-Q3,846210000,846210000,ok,,
external.foreign-direct-investments-net.q,quarterly,Foreign direct investments (net),2013-Q4,2970890000,2970890000,ok,,
external.foreign-direct-investments-net.q,quarterly,Foreign direct investments (net),2014-Q1,796320000,796320000,ok,,
external.foreign-direct-investments-net.q,quarterly,Foreign direct investments (net),2014-Q2,834160000,834160000,ok,,
external.foreign-direct-investments-net.q,quarterly,Foreign direct investments (net),2014-Q3,876320000,876320000,ok,,
external.foreign-direct-investments-net.q,quarterly,Foreign direct investments (net),2014-Q4,963860000,963860000,ok,,
external.foreign-direct-investments-net.q,quarterly,Foreign direct investments (net),2015-Q1,,3470660000,held,G5_total_in_slot,
external.foreign-direct-investments-net.q,quarterly,Foreign direct investments (net),2015-Q2,558300000,558300000,ok,,
external.foreign-direct-investments-net.q,quarterly,Foreign direct investments (net),2015-Q3,892900000,892900000,ok,,
external.foreign-direct-investments-net.q,quarterly,Foreign direct investments (net),2015-Q4,899120000,899120000,ok,,
external.foreign-direct-investments-net.q,quarterly,Foreign direct investments (net),2016-Q1,888760000,888760000,ok,,
external.foreign-direct-investments-net.q,quarterly,Foreign direct investments (net),2016-Q2,3239080000,3239080000,ok,,
external.foreign-direct-investments-net.q,quarterly,Foreign direct investments (net),2016-Q3,361240000,361240000,ok,,
external.foreign-direct-investments-net.q,quarterly,Foreign direct investments (net),2016-Q4,986070000,986070000,ok,,
external.foreign-direct-investments-net.q,quarterly,Foreign direct investments (net),2017-Q1,1063790000,1063790000,ok,,
external.foreign-direct-investments-net.q,quarterly,Foreign direct investments (net),2017-Q2,497080000,497080000,ok,,
external.foreign-direct-investments-net.q,quarterly,Foreign direct investments (net),2017-Q3,2908180000,2908180000,ok,,
external.foreign-direct-investments-net.q,quarterly,Foreign direct investments (net),2017-Q4,736960000,736960000,ok,,
external.foreign-direct-investments-net.q,quarterly,Foreign direct investments (net),2018-Q1,956810000,956810000,ok,,
external.foreign-direct-investments-net.q,quarterly,Foreign direct investments (net),2018-Q2,762690000,762690000,ok,,
external.foreign-direct-investments-net.q,quarterly,Foreign direct investments (net),2018-Q3,835610000,835610000,ok,,
external.foreign-direct-investments-net.q,quarterly,Foreign direct investments (net),2018-Q4,3292070000,3292070000,ok,,
external.foreign-direct-investments-net.q,quarterly,Foreign direct investments (net),2019-Q1,226050000,226050000,ok,,
external.foreign-direct-investments-net.q,quarterly,Foreign direct investments (net),2019-Q2,331130000,331130000,ok,,
external.foreign-direct-investments-net.q,quarterly,Foreign direct investments (net),2019-Q3,429250000,429250000,ok,,
external.foreign-direct-investments-net.q,quarterly,Foreign direct investments (net),2019-Q4,346930000,346930000,ok,,
external.foreign-direct-investments-net.q,quarterly,Foreign direct investments (net),2020-Q1,,1333360000,held,G5_total_in_slot,
external.foreign-direct-investments-net.q,quarterly,Foreign direct investments (net),2020-Q2,411250000,411250000,ok,,
external.foreign-direct-investments-net.q,quarterly,Foreign direct investments (net),2020-Q3,542910000,542910000,ok,,
external.foreign-direct-investments-net.q,quarterly,Foreign direct investments (net),2020-Q4,942550000,942550000,ok,,
external.foreign-direct-investments-net.q,quarterly,Foreign direct investments (net),2021-Q1,517180000,517180000,ok,,
external.foreign-direct-investments-net.q,quarterly,Foreign direct investments (net),2021-Q2,2413890000,2413890000,ok,,
external.foreign-direct-investments-net.q,quarterly,Foreign direct investments (net),2021-Q3,433300000,433300000,ok,,
external.foreign-direct-investments-net.q,quarterly,Foreign direct investments (net),2021-Q4,354100000,354100000,ok,,
external.foreign-direct-investments-net.q,quarterly,Foreign direct investments (net),2022-Q1,363100000,363100000,ok,,
external.foreign-direct-investments-net.q,quarterly,Foreign direct investments (net),2022-Q2,322100000,322100000,ok,,
external.foreign-direct-investments-net.q,quarterly,Foreign direct investments (net),2022-Q3,1472600000,1472600000,ok,,
external.foreign-direct-investments-net.q,quarterly,Foreign direct investments (net),2022-Q4,285500000,285500000,ok,,
external.foreign-direct-investments-net.q,quarterly,Foreign direct investments (net),2023-Q1,315300000,315300000,ok,,
external.foreign-direct-investments-net.q,quarterly,Foreign direct investments (net),2023-Q2,308800000,308800000,ok,,
external.foreign-direct-investments-net.q,quarterly,Foreign direct investments (net),2023-Q3,398700000,398700000,ok,,
external.foreign-direct-investments-net.q,quarterly,Foreign direct investments (net),2023-Q4,1308300000,1308300000,ok,,
external.foreign-direct-investments-net.q,quarterly,Foreign direct investments (net),2024-Q1,379400000,379400000,ok,,
external.foreign-direct-investments-net.q,quarterly,Foreign direct investments (net),2024-Q2,436300000,436300000,ok,,
external.balance-of-payments-overall-balance.a,annual,"Balance of payments, overall balance",2003,,-335120000,held,X1_time_sum,
external.balance-of-payments-overall-balance.a,annual,"Balance of payments, overall balance",2004,,415120000,held,X1_time_sum,
external.balance-of-payments-overall-balance.a,annual,"Balance of payments, overall balance",2005,,461880000,held,X1_time_sum,
external.balance-of-payments-overall-balance.a,annual,"Balance of payments, overall balance",2006,,-318970000,held,X1_time_sum,
external.balance-of-payments-overall-balance.a,annual,"Balance of payments, overall balance",2007,,5020000,held,X1_time_sum,
external.balance-of-payments-overall-balance.a,annual,"Balance of payments, overall balance",2008,,267190000,held,X1_time_sum,
external.balance-of-payments-overall-balance.a,annual,"Balance of payments, overall balance",2009,,84340000,held,X1_time_sum,
external.balance-of-payments-overall-balance.a,annual,"Balance of payments, overall balance",2010,,280130000,held,X1_time_sum,
external.balance-of-payments-overall-balance.a,annual,"Balance of payments, overall balance",2011,,87030000,held,X1_time_sum,
external.balance-of-payments-overall-balance.a,annual,"Balance of payments, overall balance",2012,,-128020000,held,X1_time_sum,
external.balance-of-payments-overall-balance.a,annual,"Balance of payments, overall balance",2013,,-154800000,held,X1_time_sum,
external.balance-of-payments-overall-balance.a,annual,"Balance of payments, overall balance",2014,,-10500000,held,X1_time_sum,
external.balance-of-payments-overall-balance.a,annual,"Balance of payments, overall balance",2015,,181020000,held,X1_time_sum,
external.balance-of-payments-overall-balance.a,annual,"Balance of payments, overall balance",2016,,32880000,held,X1_time_sum,
external.balance-of-payments-overall-balance.a,annual,"Balance of payments, overall balance",2017,,-72100000,held,X1_time_sum,
external.balance-of-payments-overall-balance.a,annual,"Balance of payments, overall balance",2018,,-152300000,held,X1_time_sum,
external.balance-of-payments-overall-balance.a,annual,"Balance of payments, overall balance",2019,,558300000,held,X1_time_sum,
external.balance-of-payments-overall-balance.a,annual,"Balance of payments, overall balance",2020,,336700000,held,X1_time_sum,
external.balance-of-payments-overall-balance.a,annual,"Balance of payments, overall balance",2021,,213700000,held,X1_time_sum,
external.balance-of-payments-overall-balance.a,annual,"Balance of payments, overall balance",2022,,82100000,held,X1_time_sum,
external.balance-of-payments-overall-balance.a,annual,"Balance of payments, overall balance",2023,,-74200000,held,X1_time_sum,
external.capital-account-balance.a,annual,Capital account balance,2003,,58240000,held,X1_time_sum,
external.capital-account-balance.a,annual,Capital account balance,2004,,229940000,held,X1_time_sum,
external.capital-account-balance.a,annual,Capital account balance,2005,,50330000,held,X1_time_sum,
external.capital-account-balance.a,annual,Capital account balance,2006,,70270000,held,X1_time_sum,
external.capital-account-balance.a,annual,Capital account balance,2007,,47810000,held,X1_time_sum,
external.capital-account-balance.a,annual,Capital account balance,2008,,61530000,held,X1_time_sum,
external.capital-account-balance.a,annual,Capital account balance,2009,,0,held,X1_time_sum,
external.capital-account-balance.a,annual,Capital account balance,2010,,0,held,X1_time_sum,
external.capital-account-balance.a,annual,Capital account balance,2011,,0,held,X1_time_sum,
external.capital-account-balance.a,annual,Capital account balance,2012,,0,held,X1_time_sum,
external.capital-account-balance.a,annual,Capital account balance,2013,,0,held,X1_time_sum,
external.capital-account-balance.a,annual,Capital account balance,2014,,0,held,X1_time_sum,
external.capital-account-balance.a,annual,Capital account balance,2015,,0,held,X1_time_sum,
external.capital-account-balance.a,annual,Capital account balance,2016,,0,held,X1_time_sum,
external.capital-account-balance.a,annual,Capital account balance,2017,,0,held,X1_time_sum,
external.capital-account-balance.a,annual,Capital account balance,2018,,0,held,X1_time_sum,
external.capital-account-balance.a,annual,Capital account balance,2019,,0,held,X1_time_sum,
external.capital-account-balance.a,annual,Capital account balance,2020,,0,held,X1_time_sum,
external.capital-account-balance.a,annual,Capital account balance,2021,,0,held,X1_time_sum,
external.capital-account-balance.a,annual,Capital account balance,2022,,0,held,X1_time_sum,
external.capital-account-balance.a,annual,Capital account balance,2023,,0,held,X1_time_sum,
external.current-account-balance.a,annual,Current account balance,2003,,-422920000,held,X1_time_sum,
external.current-account-balance.a,annual,Current account balance,2004,,-1040190000,held,X1_time_sum,
external.current-account-balance.a,annual,Current account balance,2005,,-473010000,held,X1_time_sum,
external.current-account-balance.a,annual,Current account balance,2006,,-531580000,held,X1_time_sum,
external.current-account-balance.a,annual,Current account balance,2007,,-174410000,held,X1_time_sum,
external.current-account-balance.a,annual,Current account balance,2008,,138810000,held,X1_time_sum,
external.current-account-balance.a,annual,Current account balance,2009,,-773410000,held,X1_time_sum,
external.current-account-balance.a,annual,Current account balance,2010,,-210270000,held,X1_time_sum,
external.current-account-balance.a,annual,Current account balance,2011,,-327290000,held,X1_time_sum,
external.current-account-balance.a,annual,Current account balance,2012,,-155500000,held,X1_time_sum,
external.current-account-balance.a,annual,Current account balance,2013,,-80350000,held,X1_time_sum,
external.current-account-balance.a,annual,Current account balance,2014,,-315830000,held,X1_time_sum,
external.current-account-balance.a,annual,Current account balance,2015,,-312900000,held,X1_time_sum,
external.current-account-balance.a,annual,Current account balance,2016,,-46010000,held,X1_time_sum,
external.current-account-balance.a,annual,Current account balance,2017,,27010000,held,X1_time_sum,
external.current-account-balance.a,annual,Current account balance,2018,,16070000,held,X1_time_sum,
external.current-account-balance.a,annual,Current account balance,2019,,278030000,held,X1_time_sum,
external.current-account-balance.a,annual,Current account balance,2020,,94390000,held,X1_time_sum,
external.current-account-balance.a,annual,Current account balance,2021,,79750000,held,X1_time_sum,
external.current-account-balance.a,annual,Current account balance,2022,,93210000,held,X1_time_sum,
external.current-account-balance.a,annual,Current account balance,2023,,10680000,held,X1_time_sum,
external.net-official-transfers.a,annual,Net official transfers,2003,,76120000,held,X1_time_sum,
external.net-official-transfers.a,annual,Net official transfers,2004,,603680000,held,X1_time_sum,
external.net-official-transfers.a,annual,Net official transfers,2005,,37370000,held,X1_time_sum,
external.net-official-transfers.a,annual,Net official transfers,2006,,70150000,held,X1_time_sum,
external.net-official-transfers.a,annual,Net official transfers,2007,,89390000,held,X1_time_sum,
external.net-official-transfers.a,annual,Net official transfers,2008,,406770000,held,X1_time_sum,
external.net-official-transfers.a,annual,Net official transfers,2009,,575660000,held,X1_time_sum,
external.net-official-transfers.a,annual,Net official transfers,2010,,124650000,held,X1_time_sum,
external.net-official-transfers.a,annual,Net official transfers,2011,,196650000,held,X1_time_sum,
external.net-official-transfers.a,annual,Net official transfers,2012,,169090000,held,X1_time_sum,
external.net-official-transfers.a,annual,Net official transfers,2013,,85270000,held,X1_time_sum,
external.net-official-transfers.a,annual,Net official transfers,2014,,543930000,held,X1_time_sum,
external.net-official-transfers.a,annual,Net official transfers,2015,,152420000,held,X1_time_sum,
external.net-official-transfers.a,annual,Net official transfers,2016,,148040000,held,X1_time_sum,
external.net-official-transfers.a,annual,Net official transfers,2017,,119010000,held,X1_time_sum,
external.net-official-transfers.a,annual,Net official transfers,2018,,124460000,held,X1_time_sum,
external.net-official-transfers.a,annual,Net official transfers,2019,,382000000,held,X1_time_sum,
external.net-official-transfers.a,annual,Net official transfers,2020,,80900000,held,X1_time_sum,
external.net-official-transfers.a,annual,Net official transfers,2021,,121400000,held,X1_time_sum,
external.net-official-transfers.a,annual,Net official transfers,2022,,115900000,held,X1_time_sum,
external.net-official-transfers.a,annual,Net official transfers,2023,,63800000,held,X1_time_sum,
external.net-private-transfers.a,annual,Net private transfers,2003,,361070000,held,X1_time_sum,
external.net-private-transfers.a,annual,Net private transfers,2004,,1644580000,held,X1_time_sum,
external.net-private-transfers.a,annual,Net private transfers,2005,,372520000,held,X1_time_sum,
external.net-private-transfers.a,annual,Net private transfers,2006,,363830000,held,X1_time_sum,
external.net-private-transfers.a,annual,Net private transfers,2007,,465230000,held,X1_time_sum,
external.net-private-transfers.a,annual,Net private transfers,2008,,443000000,held,X1_time_sum,
external.net-private-transfers.a,annual,Net private transfers,2009,,1549760000,held,X1_time_sum,
external.net-private-transfers.a,annual,Net private transfers,2010,,533970000,held,X1_time_sum,
external.net-private-transfers.a,annual,Net private transfers,2011,,348110000,held,X1_time_sum,
external.net-private-transfers.a,annual,Net private transfers,2012,,311710000,held,X1_time_sum,
external.net-private-transfers.a,annual,Net private transfers,2013,,355970000,held,X1_time_sum,
external.net-private-transfers.a,annual,Net private transfers,2014,,1287050000,held,X1_time_sum,
external.net-private-transfers.a,annual,Net private transfers,2015,,302190000,held,X1_time_sum,
external.net-private-transfers.a,annual,Net private transfers,2016,,257640000,held,X1_time_sum,
external.net-private-transfers.a,annual,Net private transfers,2017,,406210000,held,X1_time_sum,
external.net-private-transfers.a,annual,Net private transfers,2018,,321010000,held,X1_time_sum,
external.net-private-transfers.a,annual,Net private transfers,2019,,1017200000,held,X1_time_sum,
external.net-private-transfers.a,annual,Net private transfers,2020,,297400000,held,X1_time_sum,
external.net-private-transfers.a,annual,Net private transfers,2021,,294600000,held,X1_time_sum,
external.net-private-transfers.a,annual,Net private transfers,2022,,232200000,held,X1_time_sum,
external.net-private-transfers.a,annual,Net private transfers,2023,,193000000,held,X1_time_sum,
external.error-and-omission-net.a,annual,Error and omission (net),2003,,26570000,held,X1_time_sum,
external.error-and-omission-net.a,annual,Error and omission (net),2004,,200680000,held,X1_time_sum,
external.error-and-omission-net.a,annual,Error and omission (net),2005,,92040000,held,X1_time_sum,
external.error-and-omission-net.a,annual,Error and omission (net),2006,,17640000,held,X1_time_sum,
external.error-and-omission-net.a,annual,Error and omission (net),2007,,2740000,held,X1_time_sum,
external.error-and-omission-net.a,annual,Error and omission (net),2008,,88260000,held,X1_time_sum,
external.error-and-omission-net.a,annual,Error and omission (net),2009,,23257336,held,X1_time_sum,
external.error-and-omission-net.a,annual,Error and omission (net),2010,,-81837296,held,X1_time_sum,
external.error-and-omission-net.a,annual,Error and omission (net),2011,,132795391,held,X1_time_sum,
external.error-and-omission-net.a,annual,Error and omission (net),2012,,-4345706,held,X1_time_sum,
external.error-and-omission-net.a,annual,Error and omission (net),2013,,-23355053,held,X1_time_sum,
external.error-and-omission-net.a,annual,Error and omission (net),2014,,103799268,held,X1_time_sum,
external.error-and-omission-net.a,annual,Error and omission (net),2015,,171987770,held,X1_time_sum,
external.error-and-omission-net.a,annual,Error and omission (net),2016,,55325610,held,X1_time_sum,
external.error-and-omission-net.a,annual,Error and omission (net),2017,,15420519,held,X1_time_sum,
external.error-and-omission-net.a,annual,Error and omission (net),2018,,-138934632,held,X1_time_sum,
external.error-and-omission-net.a,annual,Error and omission (net),2019,,-60069841,held,X1_time_sum,
external.error-and-omission-net.a,annual,Error and omission (net),2020,,-106236333,held,X1_time_sum,
external.error-and-omission-net.a,annual,Error and omission (net),2021,,117154063,held,X1_time_sum,
external.error-and-omission-net.a,annual,Error and omission (net),2022,,8889885,held,X1_time_sum,
external.error-and-omission-net.a,annual,Error and omission (net),2023,,-79877455,held,X1_time_sum,
external.financial-account-balance.a,annual,Financial account balance,2003,,61230000,held,X1_time_sum,
external.financial-account-balance.a,annual,Financial account balance,2004,,1254630000,held,X1_time_sum,
external.financial-account-balance.a,annual,Financial account balance,2005,,842850000,held,X1_time_sum,
external.financial-account-balance.a,annual,Financial account balance,2006,,194970000,held,X1_time_sum,
external.financial-account-balance.a,annual,Financial account balance,2007,,176690000,held,X1_time_sum,
external.financial-account-balance.a,annual,Financial account balance,2008,,40120000,held,X1_time_sum,
external.financial-account-balance.a,annual,Financial account balance,2009,,834490000,held,X1_time_sum,
external.financial-account-balance.a,annual,Financial account balance,2010,,572240000,held,X1_time_sum,
external.financial-account-balance.a,annual,Financial account balance,2011,,281520000,held,X1_time_sum,
external.financial-account-balance.a,annual,Financial account balance,2012,,31830000,held,X1_time_sum,
external.financial-account-balance.a,annual,Financial account balance,2013,,-51100000,held,X1_time_sum,
external.financial-account-balance.a,annual,Financial account balance,2014,,201570000,held,X1_time_sum,
external.financial-account-balance.a,annual,Financial account balance,2015,,321930000,held,X1_time_sum,
external.financial-account-balance.a,annual,Financial account balance,2016,,23560000,held,X1_time_sum,
external.financial-account-balance.a,annual,Financial account balance,2017,,-114520000,held,X1_time_sum,
external.financial-account-balance.a,annual,Financial account balance,2018,,-29400000,held,X1_time_sum,
external.financial-account-balance.a,annual,Financial account balance,2019,,340350000,held,X1_time_sum,
external.financial-account-balance.a,annual,Financial account balance,2020,,348550000,held,X1_time_sum,
external.financial-account-balance.a,annual,Financial account balance,2021,,16800000,held,X1_time_sum,
external.financial-account-balance.a,annual,Financial account balance,2022,,-20000000,held,X1_time_sum,
external.financial-account-balance.a,annual,Financial account balance,2023,,-5000000,held,X1_time_sum,
external.foreign-direct-investments-net.a,annual,Foreign direct investments (net),2003,,23570000,held,X1_time_sum,
external.foreign-direct-investments-net.a,annual,Foreign direct investments (net),2004,,636010000,held,X1_time_sum,
external.foreign-direct-investments-net.a,annual,Foreign direct investments (net),2005,,72490000,held,X1_time_sum,
external.foreign-direct-investments-net.a,annual,Foreign direct investments (net),2006,,305540000,held,X1_time_sum,
external.foreign-direct-investments-net.a,annual,Foreign direct investments (net),2007,,59860000,held,X1_time_sum,
external.foreign-direct-investments-net.a,annual,Foreign direct investments (net),2008,,198120000,held,X1_time_sum,
external.foreign-direct-investments-net.a,annual,Foreign direct investments (net),2009,,144970000,held,X1_time_sum,
external.foreign-direct-investments-net.a,annual,Foreign direct investments (net),2010,,57660000,held,X1_time_sum,
external.foreign-direct-investments-net.a,annual,Foreign direct investments (net),2011,,37230000,held,X1_time_sum,
external.foreign-direct-investments-net.a,annual,Foreign direct investments (net),2012,,31490000,held,X1_time_sum,
external.foreign-direct-investments-net.a,annual,Foreign direct investments (net),2013,,18590000,held,X1_time_sum,
external.foreign-direct-investments-net.a,annual,Foreign direct investments (net),2014,,139270000,held,X1_time_sum,
external.foreign-direct-investments-net.a,annual,Foreign direct investments (net),2015,,53750000,held,X1_time_sum,
external.foreign-direct-investments-net.a,annual,Foreign direct investments (net),2016,,43000000,held,X1_time_sum,
external.foreign-direct-investments-net.a,annual,Foreign direct investments (net),2017,,22000000,held,X1_time_sum,
external.foreign-direct-investments-net.a,annual,Foreign direct investments (net),2018,,20520000,held,X1_time_sum,
external.foreign-direct-investments-net.a,annual,Foreign direct investments (net),2019,,105400000,held,X1_time_sum,
external.foreign-direct-investments-net.a,annual,Foreign direct investments (net),2020,,24000000,held,X1_time_sum,
external.foreign-direct-investments-net.a,annual,Foreign direct investments (net),2021,,27000000,held,X1_time_sum,
external.foreign-direct-investments-net.a,annual,Foreign direct investments (net),2022,,20300000,held,X1_time_sum,
external.foreign-direct-investments-net.a,annual,Foreign direct investments (net),2023,,34100000,held,X1_time_sum,
