series,frequency,series,item,period,value,published,status,rules,flags
mieg.mieg-index-value-2023-100-agriculture-mieg.m,monthly,MIEG Index Value (2023=100),Agriculture_MIEG,2023-01,102.6,102.6,ok,,
mieg.mieg-index-value-2023-100-agriculture-mieg.m,monthly,MIEG Index Value (2023=100),Agriculture_MIEG,2023-02,94.6,94.6,ok,,
mieg.mieg-index-value-2023-100-agriculture-mieg.m,monthly,MIEG Index Value (2023=100),Agriculture_MIEG,2023-03,117.7,117.7,ok,,
mieg.mieg-index-value-2023-100-agriculture-mieg.m,monthly,MIEG Index Value (2023=100),Agriculture_MIEG,2023-04,81.4,81.4,ok,,
mieg.mieg-index-value-2023-100-agriculture-mieg.m,monthly,MIEG Index Value (2023=100),Agriculture_MIEG,2023-05,100.3,100.3,ok,,
mieg.mieg-index-value-2023-100-agriculture-mieg.m,monthly,MIEG Index Value (2023=100),Agriculture_MIEG,2023-06,82.3,82.3,ok,,
mieg.mieg-index-value-2023-100-agriculture-mieg.m,monthly,MIEG Index Value (2023=100),Agriculture_MIEG,2023-07,100.6,100.6,ok,,
mieg.mieg-index-value-2023-100-agriculture-mieg.m,monthly,MIEG Index Value (2023=100),Agriculture_MIEG,2023-08,88,88,ok,,
mieg.mieg-index-value-2023-100-agriculture-mieg.m,monthly,MIEG Index Value (2023=100),Agriculture_MIEG,2023-09,81.2,81.2,ok,,
mieg.mieg-index-value-2023-100-agriculture-mieg.m,monthly,MIEG Index Value (2023=100),Agriculture_MIEG,2023-10,103.5,103.5,ok,,
mieg.mieg-index-value-2023-100-agriculture-mieg.m,monthly,MIEG Index Value (2023=100),Agriculture_MIEG,2023-11,128.4,128.4,ok,,
mieg.mieg-index-value-2023-100-agriculture-mieg.m,monthly,MIEG Index Value (2023=100),Agriculture_MIEG,2023-12,119.4,119.4,ok,,
mieg.mieg-index-value-2023-100-agriculture-mieg.m,monthly,MIEG Index Value (2023=100),Agriculture_MIEG,2024-01,107.5,107.5,ok,,
mieg.mieg-index-value-2023-100-agriculture-mieg.m,monthly,MIEG Index Value (2023=100),Agriculture_MIEG,2024-02,97.1,97.1,ok,,
mieg.mieg-index-value-2023-100-agriculture-mieg.m,monthly,MIEG Index Value (2023=100),Agriculture_MIEG,2024-03,116.6,116.6,ok,,
mieg.mieg-index-value-2023-100-agriculture-mieg.m,monthly,MIEG Index Value (2023=100),Agriculture_MIEG,2024-04,83.4,83.4,ok,,
mieg.mieg-index-value-2023-100-agriculture-mieg.m,monthly,MIEG Index Value (2023=100),Agriculture_MIEG,2024-05,104.3,104.3,ok,,
mieg.mieg-index-value-2023-100-agriculture-mieg.m,monthly,MIEG Index Value (2023=100),Agriculture_MIEG,2024-06,85,85,ok,,
mieg.mieg-index-value-2023-100-agriculture-mieg.m,monthly,MIEG Index Value (2023=100),Agriculture_MIEG,2024-07,101.3,101.3,ok,,
mieg.mieg-index-value-2023-100-agriculture-mieg.m,monthly,MIEG Index Value (2023=100),Agriculture_MIEG,2024-08,89.7,89.7,ok,,
mieg.mieg-index-value-2023-100-agriculture-mieg.m,monthly,MIEG Index Value (2023=100),Agriculture_MIEG,2024-09,84.6,84.6,ok,,
mieg.mieg-index-value-2023-100-agriculture-mieg.m,monthly,MIEG Index Value (2023=100),Agriculture_MIEG,2024-10,108.8,108.8,ok,,
mieg.mieg-index-value-2023-100-agriculture-mieg.m,monthly,MIEG Index Value (2023=100),Agriculture_MIEG,2024-11,135.5,135.5,ok,,
mieg.mieg-index-value-2023-100-agriculture-mieg.m,monthly,MIEG Index Value (2023=100),Agriculture_MIEG,2024-12,118.7,118.7,ok,,
mieg.mieg-index-value-2023-100-agriculture-mieg.m,monthly,MIEG Index Value (2023=100),Agriculture_MIEG,2025-01,117.5,117.5,ok,,
mieg.mieg-index-value-2023-100-agriculture-mieg.m,monthly,MIEG Index Value (2023=100),Agriculture_MIEG,2025-02,106.2,106.2,ok,,
mieg.mieg-index-value-2023-100-agriculture-mieg.m,monthly,MIEG Index Value (2023=100),Agriculture_MIEG,2025-03,118.3,118.3,ok,,
mieg.mieg-index-value-2023-100-agriculture-mieg.m,monthly,MIEG Index Value (2023=100),Agriculture_MIEG,2025-04,77.6,77.6,ok,,
mieg.mieg-index-value-2023-100-agriculture-mieg.m,monthly,MIEG Index Value (2023=100),Agriculture_MIEG,2025-05,114.6,114.6,ok,,
mieg.mieg-index-value-2023-100-agriculture-mieg.m,monthly,MIEG Index Value (2023=100),Agriculture_MIEG,2025-06,100.9,100.9,ok,,
mieg.mieg-index-value-2023-100-agriculture-mieg.m,monthly,MIEG Index Value (2023=100),Agriculture_MIEG,2025-07,116.2,116.2,ok,,
mieg.mieg-index-value-2023-100-agriculture-mieg.m,monthly,MIEG Index Value (2023=100),Agriculture_MIEG,2025-08,92.7,92.7,ok,,
mieg.mieg-index-value-2023-100-agriculture-mieg.m,monthly,MIEG Index Value (2023=100),Agriculture_MIEG,2025-09,91.1,91.1,ok,,
mieg.mieg-index-value-2023-100-agriculture-mieg.m,monthly,MIEG Index Value (2023=100),Agriculture_MIEG,2025-10,121.7,121.7,ok,,
mieg.mieg-index-value-2023-100-agriculture-mieg.m,monthly,MIEG Index Value (2023=100),Agriculture_MIEG,2025-11,133.1,133.1,ok,,
mieg.mieg-index-value-2023-100-agriculture-mieg.m,monthly,MIEG Index Value (2023=100),Agriculture_MIEG,2025-12,125.4,125.4,ok,,
mieg.mieg-index-value-2023-100-agriculture-mieg.m,monthly,MIEG Index Value (2023=100),Agriculture_MIEG,2026-01,122.2,122.2,ok,,
mieg.mieg-index-value-2023-100-agriculture-mieg.m,monthly,MIEG Index Value (2023=100),Agriculture_MIEG,2026-02,110.2,110.2,ok,,
mieg.mieg-index-value-2023-100-agriculture-mieg.m,monthly,MIEG Index Value (2023=100),Agriculture_MIEG,2026-03,123.3,123.3,ok,,
mieg.mieg-index-value-2023-100-agriculture-mieg.m,monthly,MIEG Index Value (2023=100),Agriculture_MIEG,2026-04,78.9,78.9,ok,,
mieg.mieg-index-value-2023-100-agriculture-mieg.m,monthly,MIEG Index Value (2023=100),Agriculture_MIEG,2026-05,118.7,118.7,ok,,
mieg.mieg-index-value-2023-100-industry-mieg.m,monthly,MIEG Index Value (2023=100),Industry_MIEG,2023-01,99.8,99.8,ok,,
mieg.mieg-index-value-2023-100-industry-mieg.m,monthly,MIEG Index Value (2023=100),Industry_MIEG,2023-02,96.1,96.1,ok,,
mieg.mieg-index-value-2023-100-industry-mieg.m,monthly,MIEG Index Value (2023=100),Industry_MIEG,2023-03,100.2,100.2,ok,,
mieg.mieg-index-value-2023-100-industry-mieg.m,monthly,MIEG Index Value (2023=100),Industry_MIEG,2023-04,96.8,96.8,ok,,
mieg.mieg-index-value-2023-100-industry-mieg.m,monthly,MIEG Index Value (2023=100),Industry_MIEG,2023-05,102.3,102.3,ok,,
mieg.mieg-index-value-2023-100-industry-mieg.m,monthly,MIEG Index Value (2023=100),Industry_MIEG,2023-06,95.4,95.4,ok,,
mieg.mieg-index-value-2023-100-industry-mieg.m,monthly,MIEG Index Value (2023=100),Industry_MIEG,2023-07,94.5,94.5,ok,,
mieg.mieg-index-value-2023-100-industry-mieg.m,monthly,MIEG Index Value (2023=100),Industry_MIEG,2023-08,100.2,100.2,ok,,
mieg.mieg-index-value-2023-100-industry-mieg.m,monthly,MIEG Index Value (2023=100),Industry_MIEG,2023-09,96.2,96.2,ok,,
mieg.mieg-index-value-2023-100-industry-mieg.m,monthly,MIEG Index Value (2023=100),Industry_MIEG,2023-10,106.3,106.3,ok,,
mieg.mieg-index-value-2023-100-industry-mieg.m,monthly,MIEG Index Value (2023=100),Industry_MIEG,2023-11,104.1,104.1,ok,,
mieg.mieg-index-value-2023-100-industry-mieg.m,monthly,MIEG Index Value (2023=100),Industry_MIEG,2023-12,108.1,108.1,ok,,
mieg.mieg-index-value-2023-100-industry-mieg.m,monthly,MIEG Index Value (2023=100),Industry_MIEG,2024-01,103,103,ok,,
mieg.mieg-index-value-2023-100-industry-mieg.m,monthly,MIEG Index Value (2023=100),Industry_MIEG,2024-02,103.4,103.4,ok,,
mieg.mieg-index-value-2023-100-industry-mieg.m,monthly,MIEG Index Value (2023=100),Industry_MIEG,2024-03,110.1,110.1,ok,,
mieg.mieg-index-value-2023-100-industry-mieg.m,monthly,MIEG Index Value (2023=100),Industry_MIEG,2024-04,111,111,ok,,
mieg.mieg-index-value-2023-100-industry-mieg.m,monthly,MIEG Index Value (2023=100),Industry_MIEG,2024-05,112,112,ok,,
mieg.mieg-index-value-2023-100-industry-mieg.m,monthly,MIEG Index Value (2023=100),Industry_MIEG,2024-06,106.1,106.1,ok,,
mieg.mieg-index-value-2023-100-industry-mieg.m,monthly,MIEG Index Value (2023=100),Industry_MIEG,2024-07,110.7,110.7,ok,,
mieg.mieg-index-value-2023-100-industry-mieg.m,monthly,MIEG Index Value (2023=100),Industry_MIEG,2024-08,107.3,107.3,ok,,
mieg.mieg-index-value-2023-100-industry-mieg.m,monthly,MIEG Index Value (2023=100),Industry_MIEG,2024-09,104.3,104.3,ok,,
mieg.mieg-index-value-2023-100-industry-mieg.m,monthly,MIEG Index Value (2023=100),Industry_MIEG,2024-10,108.2,108.2,ok,,
mieg.mieg-index-value-2023-100-industry-mieg.m,monthly,MIEG Index Value (2023=100),Industry_MIEG,2024-11,108.5,108.5,ok,,
mieg.mieg-index-value-2023-100-industry-mieg.m,monthly,MIEG Index Value (2023=100),Industry_MIEG,2024-12,103,103,ok,,
mieg.mieg-index-value-2023-100-industry-mieg.m,monthly,MIEG Index Value (2023=100),Industry_MIEG,2025-01,112.9,112.9,ok,,
mieg.mieg-index-value-2023-100-industry-mieg.m,monthly,MIEG Index Value (2023=100),Industry_MIEG,2025-02,106.3,106.3,ok,,
mieg.mieg-index-value-2023-100-industry-mieg.m,monthly,MIEG Index Value (2023=100),Industry_MIEG,2025-03,110.1,110.1,ok,,
mieg.mieg-index-value-2023-100-industry-mieg.m,monthly,MIEG Index Value (2023=100),Industry_MIEG,2025-04,112.2,112.2,ok,,
mieg.mieg-index-value-2023-100-industry-mieg.m,monthly,MIEG Index Value (2023=100),Industry_MIEG,2025-05,117.1,117.1,ok,,
mieg.mieg-index-value-2023-100-industry-mieg.m,monthly,MIEG Index Value (2023=100),Industry_MIEG,2025-06,107.6,107.6,ok,,
mieg.mieg-index-value-2023-100-industry-mieg.m,monthly,MIEG Index Value (2023=100),Industry_MIEG,2025-07,109.7,109.7,ok,,
mieg.mieg-index-value-2023-100-industry-mieg.m,monthly,MIEG Index Value (2023=100),Industry_MIEG,2025-08,107.3,107.3,ok,,
mieg.mieg-index-value-2023-100-industry-mieg.m,monthly,MIEG Index Value (2023=100),Industry_MIEG,2025-09,107.7,107.7,ok,,
mieg.mieg-index-value-2023-100-industry-mieg.m,monthly,MIEG Index Value (2023=100),Industry_MIEG,2025-10,110.8,110.8,ok,,
mieg.mieg-index-value-2023-100-industry-mieg.m,monthly,MIEG Index Value (2023=100),Industry_MIEG,2025-11,107.4,107.4,ok,,
mieg.mieg-index-value-2023-100-industry-mieg.m,monthly,MIEG Index Value (2023=100),Industry_MIEG,2025-12,107.4,107.4,ok,,
mieg.mieg-index-value-2023-100-industry-mieg.m,monthly,MIEG Index Value (2023=100),Industry_MIEG,2026-01,123,123,ok,,
mieg.mieg-index-value-2023-100-industry-mieg.m,monthly,MIEG Index Value (2023=100),Industry_MIEG,2026-02,116.6,116.6,ok,,
mieg.mieg-index-value-2023-100-industry-mieg.m,monthly,MIEG Index Value (2023=100),Industry_MIEG,2026-03,112.5,112.5,ok,,
mieg.mieg-index-value-2023-100-industry-mieg.m,monthly,MIEG Index Value (2023=100),Industry_MIEG,2026-04,116.7,116.7,ok,,
mieg.mieg-index-value-2023-100-industry-mieg.m,monthly,MIEG Index Value (2023=100),Industry_MIEG,2026-05,122,122,ok,,
mieg.mieg-index-value-2023-100-services-mieg.m,monthly,MIEG Index Value (2023=100),Services_MIEG,2023-01,98.3,98.3,ok,,
mieg.mieg-index-value-2023-100-services-mieg.m,monthly,MIEG Index Value (2023=100),Services_MIEG,2023-02,96.7,96.7,ok,,
mieg.mieg-index-value-2023-100-services-mieg.m,monthly,MIEG Index Value (2023=100),Services_MIEG,2023-03,97.8,97.8,ok,,
mieg.mieg-index-value-2023-100-services-mieg.m,monthly,MIEG Index Value (2023=100),Services_MIEG,2023-04,103.6,103.6,ok,,
mieg.mieg-index-value-2023-100-services-mieg.m,monthly,MIEG Index Value (2023=100),Services_MIEG,2023-05,102.1,102.1,ok,,
mieg.mieg-index-value-2023-100-services-mieg.m,monthly,MIEG Index Value (2023=100),Services_MIEG,2023-06,98.6,98.6,ok,,
mieg.mieg-index-value-2023-100-services-mieg.m,monthly,MIEG Index Value (2023=100),Services_MIEG,2023-07,97.6,97.6,ok,,
mieg.mieg-index-value-2023-100-services-mieg.m,monthly,MIEG Index Value (2023=100),Services_MIEG,2023-08,100.1,100.1,ok,,
mieg.mieg-index-value-2023-100-services-mieg.m,monthly,MIEG Index Value (2023=100),Services_MIEG,2023-09,99.7,99.7,ok,,
mieg.mieg-index-value-2023-100-services-mieg.m,monthly,MIEG Index Value (2023=100),Services_MIEG,2023-10,103,103,ok,,
mieg.mieg-index-value-2023-100-services-mieg.m,monthly,MIEG Index Value (2023=100),Services_MIEG,2023-11,103.2,103.2,ok,,
mieg.mieg-index-value-2023-100-services-mieg.m,monthly,MIEG Index Value (2023=100),Services_MIEG,2023-12,99.3,99.3,ok,,
mieg.mieg-index-value-2023-100-services-mieg.m,monthly,MIEG Index Value (2023=100),Services_MIEG,2024-01,101,101,ok,,
mieg.mieg-index-value-2023-100-services-mieg.m,monthly,MIEG Index Value (2023=100),Services_MIEG,2024-02,100.6,100.6,ok,,
mieg.mieg-index-value-2023-100-services-mieg.m,monthly,MIEG Index Value (2023=100),Services_MIEG,2024-03,105.4,105.4,ok,,
mieg.mieg-index-value-2023-100-services-mieg.m,monthly,MIEG Index Value (2023=100),Services_MIEG,2024-04,105.6,105.6,ok,,
mieg.mieg-index-value-2023-100-services-mieg.m,monthly,MIEG Index Value (2023=100),Services_MIEG,2024-05,108.4,108.4,ok,,
mieg.mieg-index-value-2023-100-services-mieg.m,monthly,MIEG Index Value (2023=100),Services_MIEG,2024-06,109.2,109.2,ok,,
mieg.mieg-index-value-2023-100-services-mieg.m,monthly,MIEG Index Value (2023=100),Services_MIEG,2024-07,107.3,107.3,ok,,
mieg.mieg-index-value-2023-100-services-mieg.m,monthly,MIEG Index Value (2023=100),Services_MIEG,2024-08,104.2,104.2,ok,,
mieg.mieg-index-value-2023-100-services-mieg.m,monthly,MIEG Index Value (2023=100),Services_MIEG,2024-09,107.2,107.2,ok,,
mieg.mieg-index-value-2023-100-services-mieg.m,monthly,MIEG Index Value (2023=100),Services_MIEG,2024-10,108.4,108.4,ok,,
mieg.mieg-index-value-2023-100-services-mieg.m,monthly,MIEG Index Value (2023=100),Services_MIEG,2024-11,106.7,106.7,ok,,
mieg.mieg-index-value-2023-100-services-mieg.m,monthly,MIEG Index Value (2023=100),Services_MIEG,2024-12,111.4,111.4,ok,,
mieg.mieg-index-value-2023-100-services-mieg.m,monthly,MIEG Index Value (2023=100),Services_MIEG,2025-01,108.8,108.8,ok,,
mieg.mieg-index-value-2023-100-services-mieg.m,monthly,MIEG Index Value (2023=100),Services_MIEG,2025-02,105,105,ok,,
mieg.mieg-index-value-2023-100-services-mieg.m,monthly,MIEG Index Value (2023=100),Services_MIEG,2025-03,116.2,116.2,ok,,
mieg.mieg-index-value-2023-100-services-mieg.m,monthly,MIEG Index Value (2023=100),Services_MIEG,2025-04,121.5,121.5,ok,,
mieg.mieg-index-value-2023-100-services-mieg.m,monthly,MIEG Index Value (2023=100),Services_MIEG,2025-05,116.5,116.5,ok,,
mieg.mieg-index-value-2023-100-services-mieg.m,monthly,MIEG Index Value (2023=100),Services_MIEG,2025-06,115.5,115.5,ok,,
mieg.mieg-index-value-2023-100-services-mieg.m,monthly,MIEG Index Value (2023=100),Services_MIEG,2025-07,114,114,ok,,
mieg.mieg-index-value-2023-100-services-mieg.m,monthly,MIEG Index Value (2023=100),Services_MIEG,2025-08,112.7,112.7,ok,,
mieg.mieg-index-value-2023-100-services-mieg.m,monthly,MIEG Index Value (2023=100),Services_MIEG,2025-09,114.7,114.7,ok,,
mieg.mieg-index-value-2023-100-services-mieg.m,monthly,MIEG Index Value (2023=100),Services_MIEG,2025-10,115.6,115.6,ok,,
mieg.mieg-index-value-2023-100-services-mieg.m,monthly,MIEG Index Value (2023=100),Services_MIEG,2025-11,113.1,113.1,ok,,
mieg.mieg-index-value-2023-100-services-mieg.m,monthly,MIEG Index Value (2023=100),Services_MIEG,2025-12,125.7,125.7,ok,,
mieg.mieg-index-value-2023-100-services-mieg.m,monthly,MIEG Index Value (2023=100),Services_MIEG,2026-01,114.5,114.5,ok,,
mieg.mieg-index-value-2023-100-services-mieg.m,monthly,MIEG Index Value (2023=100),Services_MIEG,2026-02,112.7,112.7,ok,,
mieg.mieg-index-value-2023-100-services-mieg.m,monthly,MIEG Index Value (2023=100),Services_MIEG,2026-03,126.2,126.2,ok,,
mieg.mieg-index-value-2023-100-services-mieg.m,monthly,MIEG Index Value (2023=100),Services_MIEG,2026-04,128.8,128.8,ok,,
mieg.mieg-index-value-2023-100-services-mieg.m,monthly,MIEG Index Value (2023=100),Services_MIEG,2026-05,125,125,ok,,
mieg.mieg-index-value-2023-100-total-mieg.m,monthly,MIEG Index Value (2023=100),Total_MIEG,2023-01,98.7,98.7,ok,,
mieg.mieg-index-value-2023-100-total-mieg.m,monthly,MIEG Index Value (2023=100),Total_MIEG,2023-02,95.1,95.1,ok,,
mieg.mieg-index-value-2023-100-total-mieg.m,monthly,MIEG Index Value (2023=100),Total_MIEG,2023-03,102.1,102.1,ok,,
mieg.mieg-index-value-2023-100-total-mieg.m,monthly,MIEG Index Value (2023=100),Total_MIEG,2023-04,96,96,ok,,
mieg.mieg-index-value-2023-100-total-mieg.m,monthly,MIEG Index Value (2023=100),Total_MIEG,2023-05,101.4,101.4,ok,,
mieg.mieg-index-value-2023-100-total-mieg.m,monthly,MIEG Index Value (2023=100),Total_MIEG,2023-06,93.9,93.9,ok,,
mieg.mieg-index-value-2023-100-total-mieg.m,monthly,MIEG Index Value (2023=100),Total_MIEG,2023-07,97.4,97.4,ok,,
mieg.mieg-index-value-2023-100-total-mieg.m,monthly,MIEG Index Value (2023=100),Total_MIEG,2023-08,97.9,97.9,ok,,
mieg.mieg-index-value-2023-100-total-mieg.m,monthly,MIEG Index Value (2023=100),Total_MIEG,2023-09,95.3,95.3,ok,,
mieg.mieg-index-value-2023-100-total-mieg.m,monthly,MIEG Index Value (2023=100),Total_MIEG,2023-10,105.5,105.5,ok,,
mieg.mieg-index-value-2023-100-total-mieg.m,monthly,MIEG Index Value (2023=100),Total_MIEG,2023-11,110,110,ok,,
mieg.mieg-index-value-2023-100-total-mieg.m,monthly,MIEG Index Value (2023=100),Total_MIEG,2023-12,106.9,106.9,ok,,
mieg.mieg-index-value-2023-100-total-mieg.m,monthly,MIEG Index Value (2023=100),Total_MIEG,2024-01,102.5,102.5,ok,,
mieg.mieg-index-value-2023-100-total-mieg.m,monthly,MIEG Index Value (2023=100),Total_MIEG,2024-02,99.4,99.4,ok,,
mieg.mieg-index-value-2023-100-total-mieg.m,monthly,MIEG Index Value (2023=100),Total_MIEG,2024-03,108.5,108.5,ok,,
mieg.mieg-index-value-2023-100-total-mieg.m,monthly,MIEG Index Value (2023=100),Total_MIEG,2024-04,100.8,100.8,ok,,
mieg.mieg-index-value-2023-100-total-mieg.m,monthly,MIEG Index Value (2023=100),Total_MIEG,2024-05,108.8,108.8,ok,,
mieg.mieg-index-value-2023-100-total-mieg.m,monthly,MIEG Index Value (2023=100),Total_MIEG,2024-06,103.7,103.7,ok,,
mieg.mieg-index-value-2023-100-total-mieg.m,monthly,MIEG Index Value (2023=100),Total_MIEG,2024-07,107.9,107.9,ok,,
mieg.mieg-index-value-2023-100-total-mieg.m,monthly,MIEG Index Value (2023=100),Total_MIEG,2024-08,102.6,102.6,ok,,
mieg.mieg-index-value-2023-100-total-mieg.m,monthly,MIEG Index Value (2023=100),Total_MIEG,2024-09,101.9,101.9,ok,,
mieg.mieg-index-value-2023-100-total-mieg.m,monthly,MIEG Index Value (2023=100),Total_MIEG,2024-10,109.5,109.5,ok,,
mieg.mieg-index-value-2023-100-total-mieg.m,monthly,MIEG Index Value (2023=100),Total_MIEG,2024-11,113.2,113.2,ok,,
mieg.mieg-index-value-2023-100-total-mieg.m,monthly,MIEG Index Value (2023=100),Total_MIEG,2024-12,112.5,112.5,ok,,
mieg.mieg-index-value-2023-100-total-mieg.m,monthly,MIEG Index Value (2023=100),Total_MIEG,2025-01,110.8,110.8,ok,,
mieg.mieg-index-value-2023-100-total-mieg.m,monthly,MIEG Index Value (2023=100),Total_MIEG,2025-02,103.3,103.3,ok,,
mieg.mieg-index-value-2023-100-total-mieg.m,monthly,MIEG Index Value (2023=100),Total_MIEG,2025-03,115.4,115.4,ok,,
mieg.mieg-index-value-2023-100-total-mieg.m,monthly,MIEG Index Value (2023=100),Total_MIEG,2025-04,108.2,108.2,ok,,
mieg.mieg-index-value-2023-100-total-mieg.m,monthly,MIEG Index Value (2023=100),Total_MIEG,2025-05,116,116,ok,,
mieg.mieg-index-value-2023-100-total-mieg.m,monthly,MIEG Index Value (2023=100),Total_MIEG,2025-06,109.6,109.6,ok,,
mieg.mieg-index-value-2023-100-total-mieg.m,monthly,MIEG Index Value (2023=100),Total_MIEG,2025-07,113.7,113.7,ok,,
mieg.mieg-index-value-2023-100-total-mieg.m,monthly,MIEG Index Value (2023=100),Total_MIEG,2025-08,107.5,107.5,ok,,
mieg.mieg-index-value-2023-100-total-mieg.m,monthly,MIEG Index Value (2023=100),Total_MIEG,2025-09,107.7,107.7,ok,,
mieg.mieg-index-value-2023-100-total-mieg.m,monthly,MIEG Index Value (2023=100),Total_MIEG,2025-10,114.4,114.4,ok,,
mieg.mieg-index-value-2023-100-total-mieg.m,monthly,MIEG Index Value (2023=100),Total_MIEG,2025-11,116.2,116.2,ok,,
mieg.mieg-index-value-2023-100-total-mieg.m,monthly,MIEG Index Value (2023=100),Total_MIEG,2025-12,123.9,123.9,ok,,
mieg.mieg-index-value-2023-100-total-mieg.m,monthly,MIEG Index Value (2023=100),Total_MIEG,2026-01,117.6,117.6,ok,,
mieg.mieg-index-value-2023-100-total-mieg.m,monthly,MIEG Index Value (2023=100),Total_MIEG,2026-02,111.3,111.3,ok,,
mieg.mieg-index-value-2023-100-total-mieg.m,monthly,MIEG Index Value (2023=100),Total_MIEG,2026-03,121.6,121.6,ok,,
mieg.mieg-index-value-2023-100-total-mieg.m,monthly,MIEG Index Value (2023=100),Total_MIEG,2026-04,113.3,113.3,ok,,
mieg.mieg-index-value-2023-100-total-mieg.m,monthly,MIEG Index Value (2023=100),Total_MIEG,2026-05,121.9,121.9,ok,,
mieg.mieg-index-growth-year-on-year-agriculture-mieg.m,monthly,MIEG Index Growth (year-on-year %),Agriculture_MIEG,2023-01,0,0,ok,,
mieg.mieg-index-growth-year-on-year-agriculture-mieg.m,monthly,MIEG Index Growth (year-on-year %),Agriculture_MIEG,2023-02,0,0,ok,,
mieg.mieg-index-growth-year-on-year-agriculture-mieg.m,monthly,MIEG Index Growth (year-on-year %),Agriculture_MIEG,2023-03,0,0,ok,,
mieg.mieg-index-growth-year-on-year-agriculture-mieg.m,monthly,MIEG Index Growth (year-on-year %),Agriculture_MIEG,2023-04,0,0,ok,,
mieg.mieg-index-growth-year-on-year-agriculture-mieg.m,monthly,MIEG Index Growth (year-on-year %),Agriculture_MIEG,2023-05,0,0,ok,,
mieg.mieg-index-growth-year-on-year-agriculture-mieg.m,monthly,MIEG Index Growth (year-on-year %),Agriculture_MIEG,2023-06,0,0,ok,,
mieg.mieg-index-growth-year-on-year-agriculture-mieg.m,monthly,MIEG Index Growth (year-on-year %),Agriculture_MIEG,2023-07,0,0,ok,,
mieg.mieg-index-growth-year-on-year-agriculture-mieg.m,monthly,MIEG Index Growth (year-on-year %),Agriculture_MIEG,2023-08,0,0,ok,,
mieg.mieg-index-growth-year-on-year-agriculture-mieg.m,monthly,MIEG Index Growth (year-on-year %),Agriculture_MIEG,2023-09,0,0,ok,,
mieg.mieg-index-growth-year-on-year-agriculture-mieg.m,monthly,MIEG Index Growth (year-on-year %),Agriculture_MIEG,2023-10,0,0,ok,,
mieg.mieg-index-growth-year-on-year-agriculture-mieg.m,monthly,MIEG Index Growth (year-on-year %),Agriculture_MIEG,2023-11,0,0,ok,,
mieg.mieg-index-growth-year-on-year-agriculture-mieg.m,monthly,MIEG Index Growth (year-on-year %),Agriculture_MIEG,2023-12,0,0,ok,,
mieg.mieg-index-growth-year-on-year-agriculture-mieg.m,monthly,MIEG Index Growth (year-on-year %),Agriculture_MIEG,2024-01,4.7,4.7,ok,,
mieg.mieg-index-growth-year-on-year-agriculture-mieg.m,monthly,MIEG Index Growth (year-on-year %),Agriculture_MIEG,2024-02,2.6,2.6,ok,,
mieg.mieg-index-growth-year-on-year-agriculture-mieg.m,monthly,MIEG Index Growth (year-on-year %),Agriculture_MIEG,2024-03,-0.9,-0.9,ok,,
mieg.mieg-index-growth-year-on-year-agriculture-mieg.m,monthly,MIEG Index Growth (year-on-year %),Agriculture_MIEG,2024-04,2.4,2.4,ok,,
mieg.mieg-index-growth-year-on-year-agriculture-mieg.m,monthly,MIEG Index Growth (year-on-year %),Agriculture_MIEG,2024-05,4,4,ok,,
mieg.mieg-index-growth-year-on-year-agriculture-mieg.m,monthly,MIEG Index Growth (year-on-year %),Agriculture_MIEG,2024-06,3.3,3.3,ok,,
mieg.mieg-index-growth-year-on-year-agriculture-mieg.m,monthly,MIEG Index Growth (year-on-year %),Agriculture_MIEG,2024-07,0.7,0.7,ok,,
mieg.mieg-index-growth-year-on-year-agriculture-mieg.m,monthly,MIEG Index Growth (year-on-year %),Agriculture_MIEG,2024-08,2,2,ok,,
mieg.mieg-index-growth-year-on-year-agriculture-mieg.m,monthly,MIEG Index Growth (year-on-year %),Agriculture_MIEG,2024-09,4.2,4.2,ok,,
mieg.mieg-index-growth-year-on-year-agriculture-mieg.m,monthly,MIEG Index Growth (year-on-year %),Agriculture_MIEG,2024-10,5.1,5.1,ok,,
mieg.mieg-index-growth-year-on-year-agriculture-mieg.m,monthly,MIEG Index Growth (year-on-year %),Agriculture_MIEG,2024-11,5.5,5.5,ok,,
mieg.mieg-index-growth-year-on-year-agriculture-mieg.m,monthly,MIEG Index Growth (year-on-year %),Agriculture_MIEG,2024-12,-0.6,-0.6,ok,,
mieg.mieg-index-growth-year-on-year-agriculture-mieg.m,monthly,MIEG Index Growth (year-on-year %),Agriculture_MIEG,2025-01,9.3,9.3,ok,,
mieg.mieg-index-growth-year-on-year-agriculture-mieg.m,monthly,MIEG Index Growth (year-on-year %),Agriculture_MIEG,2025-02,9.4,9.4,ok,,
mieg.mieg-index-growth-year-on-year-agriculture-mieg.m,monthly,MIEG Index Growth (year-on-year %),Agriculture_MIEG,2025-03,1.5,1.5,ok,,
mieg.mieg-index-growth-year-on-year-agriculture-mieg.m,monthly,MIEG Index Growth (year-on-year %),Agriculture_MIEG,2025-04,-7,-7,ok,,
mieg.mieg-index-growth-year-on-year-agriculture-mieg.m,monthly,MIEG Index Growth (year-on-year %),Agriculture_MIEG,2025-05,9.8,9.8,ok,,
mieg.mieg-index-growth-year-on-year-agriculture-mieg.m,monthly,MIEG Index Growth (year-on-year %),Agriculture_MIEG,2025-06,18.8,18.8,ok,,
mieg.mieg-index-growth-year-on-year-agriculture-mieg.m,monthly,MIEG Index Growth (year-on-year %),Agriculture_MIEG,2025-07,14.7,14.7,ok,,
mieg.mieg-index-growth-year-on-year-agriculture-mieg.m,monthly,MIEG Index Growth (year-on-year %),Agriculture_MIEG,2025-08,3.4,3.4,ok,,
mieg.mieg-index-growth-year-on-year-agriculture-mieg.m,monthly,MIEG Index Growth (year-on-year %),Agriculture_MIEG,2025-09,7.8,7.8,ok,,
mieg.mieg-index-growth-year-on-year-agriculture-mieg.m,monthly,MIEG Index Growth (year-on-year %),Agriculture_MIEG,2025-10,11.9,11.9,ok,,
mieg.mieg-index-growth-year-on-year-agriculture-mieg.m,monthly,MIEG Index Growth (year-on-year %),Agriculture_MIEG,2025-11,-1.7,-1.7,ok,,
mieg.mieg-index-growth-year-on-year-agriculture-mieg.m,monthly,MIEG Index Growth (year-on-year %),Agriculture_MIEG,2025-12,5.7,5.7,ok,,
mieg.mieg-index-growth-year-on-year-agriculture-mieg.m,monthly,MIEG Index Growth (year-on-year %),Agriculture_MIEG,2026-01,4,4,ok,,
mieg.mieg-index-growth-year-on-year-agriculture-mieg.m,monthly,MIEG Index Growth (year-on-year %),Agriculture_MIEG,2026-02,3.8,3.8,ok,,
mieg.mieg-index-growth-year-on-year-agriculture-mieg.m,monthly,MIEG Index Growth (year-on-year %),Agriculture_MIEG,2026-03,4.2,4.2,ok,,
mieg.mieg-index-growth-year-on-year-agriculture-mieg.m,monthly,MIEG Index Growth (year-on-year %),Agriculture_MIEG,2026-04,1.7,1.7,ok,,
mieg.mieg-index-growth-year-on-year-agriculture-mieg.m,monthly,MIEG Index Growth (year-on-year %),Agriculture_MIEG,2026-05,3.6,3.6,ok,,
mieg.mieg-index-growth-year-on-year-industry-mieg.m,monthly,MIEG Index Growth (year-on-year %),Industry_MIEG,2023-01,0,0,ok,,
mieg.mieg-index-growth-year-on-year-industry-mieg.m,monthly,MIEG Index Growth (year-on-year %),Industry_MIEG,2023-02,0,0,ok,,
mieg.mieg-index-growth-year-on-year-industry-mieg.m,monthly,MIEG Index Growth (year-on-year %),Industry_MIEG,2023-03,0,0,ok,,
mieg.mieg-index-growth-year-on-year-industry-mieg.m,monthly,MIEG Index Growth (year-on-year %),Industry_MIEG,2023-04,0,0,ok,,
mieg.mieg-index-growth-year-on-year-industry-mieg.m,monthly,MIEG Index Growth (year-on-year %),Industry_MIEG,2023-05,0,0,ok,,
mieg.mieg-index-growth-year-on-year-industry-mieg.m,monthly,MIEG Index Growth (year-on-year %),Industry_MIEG,2023-06,0,0,ok,,
mieg.mieg-index-growth-year-on-year-industry-mieg.m,monthly,MIEG Index Growth (year-on-year %),Industry_MIEG,2023-07,0,0,ok,,
mieg.mieg-index-growth-year-on-year-industry-mieg.m,monthly,MIEG Index Growth (year-on-year %),Industry_MIEG,2023-08,0,0,ok,,
mieg.mieg-index-growth-year-on-year-industry-mieg.m,monthly,MIEG Index Growth (year-on-year %),Industry_MIEG,2023-09,0,0,ok,,
mieg.mieg-index-growth-year-on-year-industry-mieg.m,monthly,MIEG Index Growth (year-on-year %),Industry_MIEG,2023-10,0,0,ok,,
mieg.mieg-index-growth-year-on-year-industry-mieg.m,monthly,MIEG Index Growth (year-on-year %),Industry_MIEG,2023-11,0,0,ok,,
mieg.mieg-index-growth-year-on-year-industry-mieg.m,monthly,MIEG Index Growth (year-on-year %),Industry_MIEG,2023-12,0,0,ok,,
mieg.mieg-index-growth-year-on-year-industry-mieg.m,monthly,MIEG Index Growth (year-on-year %),Industry_MIEG,2024-01,3.2,3.2,ok,,
mieg.mieg-index-growth-year-on-year-industry-mieg.m,monthly,MIEG Index Growth (year-on-year %),Industry_MIEG,2024-02,7.6,7.6,ok,,
mieg.mieg-index-growth-year-on-year-industry-mieg.m,monthly,MIEG Index Growth (year-on-year %),Industry_MIEG,2024-03,9.9,9.9,ok,,
mieg.mieg-index-growth-year-on-year-industry-mieg.m,monthly,MIEG Index Growth (year-on-year %),Industry_MIEG,2024-04,14.6,14.6,ok,,
mieg.mieg-index-growth-year-on-year-industry-mieg.m,monthly,MIEG Index Growth (year-on-year %),Industry_MIEG,2024-05,9.5,9.5,ok,,
mieg.mieg-index-growth-year-on-year-industry-mieg.m,monthly,MIEG Index Growth (year-on-year %),Industry_MIEG,2024-06,11.2,11.2,ok,,
mieg.mieg-index-growth-year-on-year-industry-mieg.m,monthly,MIEG Index Growth (year-on-year %),Industry_MIEG,2024-07,17.1,17.1,ok,,
mieg.mieg-index-growth-year-on-year-industry-mieg.m,monthly,MIEG Index Growth (year-on-year %),Industry_MIEG,2024-08,7.1,7.1,ok,,
mieg.mieg-index-growth-year-on-year-industry-mieg.m,monthly,MIEG Index Growth (year-on-year %),Industry_MIEG,2024-09,8.4,8.4,ok,,
mieg.mieg-index-growth-year-on-year-industry-mieg.m,monthly,MIEG Index Growth (year-on-year %),Industry_MIEG,2024-10,1.8,1.8,ok,,
mieg.mieg-index-growth-year-on-year-industry-mieg.m,monthly,MIEG Index Growth (year-on-year %),Industry_MIEG,2024-11,4.2,4.2,ok,,
mieg.mieg-index-growth-year-on-year-industry-mieg.m,monthly,MIEG Index Growth (year-on-year %),Industry_MIEG,2024-12,-4.7,-4.7,ok,,
mieg.mieg-index-growth-year-on-year-industry-mieg.m,monthly,MIEG Index Growth (year-on-year %),Industry_MIEG,2025-01,9.7,9.7,ok,,
mieg.mieg-index-growth-year-on-year-industry-mieg.m,monthly,MIEG Index Growth (year-on-year %),Industry_MIEG,2025-02,2.8,2.8,ok,,
mieg.mieg-index-growth-year-on-year-industry-mieg.m,monthly,MIEG Index Growth (year-on-year %),Industry_MIEG,2025-03,-0.1,-0.1,ok,,
mieg.mieg-index-growth-year-on-year-industry-mieg.m,monthly,MIEG Index Growth (year-on-year %),Industry_MIEG,2025-04,1.1,1.1,ok,,
mieg.mieg-index-growth-year-on-year-industry-mieg.m,monthly,MIEG Index Growth (year-on-year %),Industry_MIEG,2025-05,4.6,4.6,ok,,
mieg.mieg-index-growth-year-on-year-industry-mieg.m,monthly,MIEG Index Growth (year-on-year %),Industry_MIEG,2025-06,1.4,1.4,ok,,
mieg.mieg-index-growth-year-on-year-industry-mieg.m,monthly,MIEG Index Growth (year-on-year %),Industry_MIEG,2025-07,-0.9,-0.9,ok,,
mieg.mieg-index-growth-year-on-year-industry-mieg.m,monthly,MIEG Index Growth (year-on-year %),Industry_MIEG,2025-08,0,0,ok,,
mieg.mieg-index-growth-year-on-year-industry-mieg.m,monthly,MIEG Index Growth (year-on-year %),Industry_MIEG,2025-09,3.3,3.3,ok,,
mieg.mieg-index-growth-year-on-year-industry-mieg.m,monthly,MIEG Index Growth (year-on-year %),Industry_MIEG,2025-10,2.3,2.3,ok,,
mieg.mieg-index-growth-year-on-year-industry-mieg.m,monthly,MIEG Index Growth (year-on-year %),Industry_MIEG,2025-11,-1,-1,ok,,
mieg.mieg-index-growth-year-on-year-industry-mieg.m,monthly,MIEG Index Growth (year-on-year %),Industry_MIEG,2025-12,4.3,4.3,ok,,
mieg.mieg-index-growth-year-on-year-industry-mieg.m,monthly,MIEG Index Growth (year-on-year %),Industry_MIEG,2026-01,8.9,8.9,ok,,
mieg.mieg-index-growth-year-on-year-industry-mieg.m,monthly,MIEG Index Growth (year-on-year %),Industry_MIEG,2026-02,9.6,9.6,ok,,
mieg.mieg-index-growth-year-on-year-industry-mieg.m,monthly,MIEG Index Growth (year-on-year %),Industry_MIEG,2026-03,2.2,2.2,ok,,
mieg.mieg-index-growth-year-on-year-industry-mieg.m,monthly,MIEG Index Growth (year-on-year %),Industry_MIEG,2026-04,4,4,ok,,
mieg.mieg-index-growth-year-on-year-industry-mieg.m,monthly,MIEG Index Growth (year-on-year %),Industry_MIEG,2026-05,4.2,4.2,ok,,
mieg.mieg-index-growth-year-on-year-services-mieg.m,monthly,MIEG Index Growth (year-on-year %),Services_MIEG,2023-01,0,0,ok,,
mieg.mieg-index-growth-year-on-year-services-mieg.m,monthly,MIEG Index Growth (year-on-year %),Services_MIEG,2023-02,0,0,ok,,
mieg.mieg-index-growth-year-on-year-services-mieg.m,monthly,MIEG Index Growth (year-on-year %),Services_MIEG,2023-03,0,0,ok,,
mieg.mieg-index-growth-year-on-year-services-mieg.m,monthly,MIEG Index Growth (year-on-year %),Services_MIEG,2023-04,0,0,ok,,
mieg.mieg-index-growth-year-on-year-services-mieg.m,monthly,MIEG Index Growth (year-on-year %),Services_MIEG,2023-05,0,0,ok,,
mieg.mieg-index-growth-year-on-year-services-mieg.m,monthly,MIEG Index Growth (year-on-year %),Services_MIEG,2023-06,0,0,ok,,
mieg.mieg-index-growth-year-on-year-services-mieg.m,monthly,MIEG Index Growth (year-on-year %),Services_MIEG,2023-07,0,0,ok,,
mieg.mieg-index-growth-year-on-year-services-mieg.m,monthly,MIEG Index Growth (year-on-year %),Services_MIEG,2023-08,0,0,ok,,
mieg.mieg-index-growth-year-on-year-services-mieg.m,monthly,MIEG Index Growth (year-on-year %),Services_MIEG,2023-09,0,0,ok,,
mieg.mieg-index-growth-year-on-year-services-mieg.m,monthly,MIEG Index Growth (year-on-year %),Services_MIEG,2023-10,0,0,ok,,
mieg.mieg-index-growth-year-on-year-services-mieg.m,monthly,MIEG Index Growth (year-on-year %),Services_MIEG,2023-11,0,0,ok,,
mieg.mieg-index-growth-year-on-year-services-mieg.m,monthly,MIEG Index Growth (year-on-year %),Services_MIEG,2023-12,0,0,ok,,
mieg.mieg-index-growth-year-on-year-services-mieg.m,monthly,MIEG Index Growth (year-on-year %),Services_MIEG,2024-01,2.7,2.7,ok,,
mieg.mieg-index-growth-year-on-year-services-mieg.m,monthly,MIEG Index Growth (year-on-year %),Services_MIEG,2024-02,4,4,ok,,
mieg.mieg-index-growth-year-on-year-services-mieg.m,monthly,MIEG Index Growth (year-on-year %),Services_MIEG,2024-03,7.7,7.7,ok,,
mieg.mieg-index-growth-year-on-year-services-mieg.m,monthly,MIEG Index Growth (year-on-year %),Services_MIEG,2024-04,1.9,1.9,ok,,
mieg.mieg-index-growth-year-on-year-services-mieg.m,monthly,MIEG Index Growth (year-on-year %),Services_MIEG,2024-05,6.2,6.2,ok,,
mieg.mieg-index-growth-year-on-year-services-mieg.m,monthly,MIEG Index Growth (year-on-year %),Services_MIEG,2024-06,10.8,10.8,ok,,
mieg.mieg-index-growth-year-on-year-services-mieg.m,monthly,MIEG Index Growth (year-on-year %),Services_MIEG,2024-07,10,10,ok,,
mieg.mieg-index-growth-year-on-year-services-mieg.m,monthly,MIEG Index Growth (year-on-year %),Services_MIEG,2024-08,4.1,4.1,ok,,
mieg.mieg-index-growth-year-on-year-services-mieg.m,monthly,MIEG Index Growth (year-on-year %),Services_MIEG,2024-09,7.4,7.4,ok,,
mieg.mieg-index-growth-year-on-year-services-mieg.m,monthly,MIEG Index Growth (year-on-year %),Services_MIEG,2024-10,5.2,5.2,ok,,
mieg.mieg-index-growth-year-on-year-services-mieg.m,monthly,MIEG Index Growth (year-on-year %),Services_MIEG,2024-11,3.4,3.4,ok,,
mieg.mieg-index-growth-year-on-year-services-mieg.m,monthly,MIEG Index Growth (year-on-year %),Services_MIEG,2024-12,12.2,12.2,ok,,
mieg.mieg-index-growth-year-on-year-services-mieg.m,monthly,MIEG Index Growth (year-on-year %),Services_MIEG,2025-01,7.8,7.8,ok,,
mieg.mieg-index-growth-year-on-year-services-mieg.m,monthly,MIEG Index Growth (year-on-year %),Services_MIEG,2025-02,4.4,4.4,ok,,
mieg.mieg-index-growth-year-on-year-services-mieg.m,monthly,MIEG Index Growth (year-on-year %),Services_MIEG,2025-03,10.2,10.2,ok,,
mieg.mieg-index-growth-year-on-year-services-mieg.m,monthly,MIEG Index Growth (year-on-year %),Services_MIEG,2025-04,15.1,15.1,ok,,
mieg.mieg-index-growth-year-on-year-services-mieg.m,monthly,MIEG Index Growth (year-on-year %),Services_MIEG,2025-05,7.5,7.5,ok,,
mieg.mieg-index-growth-year-on-year-services-mieg.m,monthly,MIEG Index Growth (year-on-year %),Services_MIEG,2025-06,5.8,5.8,ok,,
mieg.mieg-index-growth-year-on-year-services-mieg.m,monthly,MIEG Index Growth (year-on-year %),Services_MIEG,2025-07,6.2,6.2,ok,,
mieg.mieg-index-growth-year-on-year-services-mieg.m,monthly,MIEG Index Growth (year-on-year %),Services_MIEG,2025-08,8.1,8.1,ok,,
mieg.mieg-index-growth-year-on-year-services-mieg.m,monthly,MIEG Index Growth (year-on-year %),Services_MIEG,2025-09,7,7,ok,,
mieg.mieg-index-growth-year-on-year-services-mieg.m,monthly,MIEG Index Growth (year-on-year %),Services_MIEG,2025-10,6.7,6.7,ok,,
mieg.mieg-index-growth-year-on-year-services-mieg.m,monthly,MIEG Index Growth (year-on-year %),Services_MIEG,2025-11,6,6,ok,,
mieg.mieg-index-growth-year-on-year-services-mieg.m,monthly,MIEG Index Growth (year-on-year %),Services_MIEG,2025-12,12.9,12.9,ok,,
mieg.mieg-index-growth-year-on-year-services-mieg.m,monthly,MIEG Index Growth (year-on-year %),Services_MIEG,2026-01,5.3,5.3,ok,,
mieg.mieg-index-growth-year-on-year-services-mieg.m,monthly,MIEG Index Growth (year-on-year %),Services_MIEG,2026-02,7.4,7.4,ok,,
mieg.mieg-index-growth-year-on-year-services-mieg.m,monthly,MIEG Index Growth (year-on-year %),Services_MIEG,2026-03,8.6,8.6,ok,,
mieg.mieg-index-growth-year-on-year-services-mieg.m,monthly,MIEG Index Growth (year-on-year %),Services_MIEG,2026-04,6,6,ok,,
mieg.mieg-index-growth-year-on-year-services-mieg.m,monthly,MIEG Index Growth (year-on-year %),Services_MIEG,2026-05,7.2,7.2,ok,,
mieg.mieg-index-growth-year-on-year-total-mieg.m,monthly,MIEG Index Growth (year-on-year %),Total_MIEG,2023-01,0,0,ok,,
mieg.mieg-index-growth-year-on-year-total-mieg.m,monthly,MIEG Index Growth (year-on-year %),Total_MIEG,2023-02,0,0,ok,,
mieg.mieg-index-growth-year-on-year-total-mieg.m,monthly,MIEG Index Growth (year-on-year %),Total_MIEG,2023-03,0,0,ok,,
mieg.mieg-index-growth-year-on-year-total-mieg.m,monthly,MIEG Index Growth (year-on-year %),Total_MIEG,2023-04,0,0,ok,,
mieg.mieg-index-growth-year-on-year-total-mieg.m,monthly,MIEG Index Growth (year-on-year %),Total_MIEG,2023-05,0,0,ok,,
mieg.mieg-index-growth-year-on-year-total-mieg.m,monthly,MIEG Index Growth (year-on-year %),Total_MIEG,2023-06,0,0,ok,,
mieg.mieg-index-growth-year-on-year-total-mieg.m,monthly,MIEG Index Growth (year-on-year %),Total_MIEG,2023-07,0,0,ok,,
mieg.mieg-index-growth-year-on-year-total-mieg.m,monthly,MIEG Index Growth (year-on-year %),Total_MIEG,2023-08,0,0,ok,,
mieg.mieg-index-growth-year-on-year-total-mieg.m,monthly,MIEG Index Growth (year-on-year %),Total_MIEG,2023-09,0,0,ok,,
mieg.mieg-index-growth-year-on-year-total-mieg.m,monthly,MIEG Index Growth (year-on-year %),Total_MIEG,2023-10,0,0,ok,,
mieg.mieg-index-growth-year-on-year-total-mieg.m,monthly,MIEG Index Growth (year-on-year %),Total_MIEG,2023-11,0,0,ok,,
mieg.mieg-index-growth-year-on-year-total-mieg.m,monthly,MIEG Index Growth (year-on-year %),Total_MIEG,2023-12,0,0,ok,,
mieg.mieg-index-growth-year-on-year-total-mieg.m,monthly,MIEG Index Growth (year-on-year %),Total_MIEG,2024-01,3.9,3.9,ok,,
mieg.mieg-index-growth-year-on-year-total-mieg.m,monthly,MIEG Index Growth (year-on-year %),Total_MIEG,2024-02,4.6,4.6,ok,,
mieg.mieg-index-growth-year-on-year-total-mieg.m,monthly,MIEG Index Growth (year-on-year %),Total_MIEG,2024-03,6.3,6.3,ok,,
mieg.mieg-index-growth-year-on-year-total-mieg.m,monthly,MIEG Index Growth (year-on-year %),Total_MIEG,2024-04,5.1,5.1,ok,,
mieg.mieg-index-growth-year-on-year-total-mieg.m,monthly,MIEG Index Growth (year-on-year %),Total_MIEG,2024-05,7.3,7.3,ok,,
mieg.mieg-index-growth-year-on-year-total-mieg.m,monthly,MIEG Index Growth (year-on-year %),Total_MIEG,2024-06,10.4,10.4,ok,,
mieg.mieg-index-growth-year-on-year-total-mieg.m,monthly,MIEG Index Growth (year-on-year %),Total_MIEG,2024-07,10.8,10.8,ok,,
mieg.mieg-index-growth-year-on-year-total-mieg.m,monthly,MIEG Index Growth (year-on-year %),Total_MIEG,2024-08,4.8,4.8,ok,,
mieg.mieg-index-growth-year-on-year-total-mieg.m,monthly,MIEG Index Growth (year-on-year %),Total_MIEG,2024-09,7,7,ok,,
mieg.mieg-index-growth-year-on-year-total-mieg.m,monthly,MIEG Index Growth (year-on-year %),Total_MIEG,2024-10,3.8,3.8,ok,,
mieg.mieg-index-growth-year-on-year-total-mieg.m,monthly,MIEG Index Growth (year-on-year %),Total_MIEG,2024-11,2.9,2.9,ok,,
mieg.mieg-index-growth-year-on-year-total-mieg.m,monthly,MIEG Index Growth (year-on-year %),Total_MIEG,2024-12,5.2,5.2,ok,,
mieg.mieg-index-growth-year-on-year-total-mieg.m,monthly,MIEG Index Growth (year-on-year %),Total_MIEG,2025-01,8.2,8.2,ok,,
mieg.mieg-index-growth-year-on-year-total-mieg.m,monthly,MIEG Index Growth (year-on-year %),Total_MIEG,2025-02,3.9,3.9,ok,,
mieg.mieg-index-growth-year-on-year-total-mieg.m,monthly,MIEG Index Growth (year-on-year %),Total_MIEG,2025-03,6.3,6.3,ok,,
mieg.mieg-index-growth-year-on-year-total-mieg.m,monthly,MIEG Index Growth (year-on-year %),Total_MIEG,2025-04,7.4,7.4,ok,,
mieg.mieg-index-growth-year-on-year-total-mieg.m,monthly,MIEG Index Growth (year-on-year %),Total_MIEG,2025-05,6.6,6.6,ok,,
mieg.mieg-index-growth-year-on-year-total-mieg.m,monthly,MIEG Index Growth (year-on-year %),Total_MIEG,2025-06,5.7,5.7,ok,,
mieg.mieg-index-growth-year-on-year-total-mieg.m,monthly,MIEG Index Growth (year-on-year %),Total_MIEG,2025-07,5.4,5.4,ok,,
mieg.mieg-index-growth-year-on-year-total-mieg.m,monthly,MIEG Index Growth (year-on-year %),Total_MIEG,2025-08,4.8,4.8,ok,,
mieg.mieg-index-growth-year-on-year-total-mieg.m,monthly,MIEG Index Growth (year-on-year %),Total_MIEG,2025-09,5.7,5.7,ok,,
mieg.mieg-index-growth-year-on-year-total-mieg.m,monthly,MIEG Index Growth (year-on-year %),Total_MIEG,2025-10,4.5,4.5,ok,,
mieg.mieg-index-growth-year-on-year-total-mieg.m,monthly,MIEG Index Growth (year-on-year %),Total_MIEG,2025-11,2.7,2.7,ok,,
mieg.mieg-index-growth-year-on-year-total-mieg.m,monthly,MIEG Index Growth (year-on-year %),Total_MIEG,2025-12,10.1,10.1,ok,,
mieg.mieg-index-growth-year-on-year-total-mieg.m,monthly,MIEG Index Growth (year-on-year %),Total_MIEG,2026-01,6.1,6.1,ok,,
mieg.mieg-index-growth-year-on-year-total-mieg.m,monthly,MIEG Index Growth (year-on-year %),Total_MIEG,2026-02,7.7,7.7,ok,,
mieg.mieg-index-growth-year-on-year-total-mieg.m,monthly,MIEG Index Growth (year-on-year %),Total_MIEG,2026-03,5.4,5.4,ok,,
mieg.mieg-index-growth-year-on-year-total-mieg.m,monthly,MIEG Index Growth (year-on-year %),Total_MIEG,2026-04,4.7,4.7,ok,,
mieg.mieg-index-growth-year-on-year-total-mieg.m,monthly,MIEG Index Growth (year-on-year %),Total_MIEG,2026-05,5.1,5.1,ok,,
