series,frequency,measure,flow,product group,period,value,published,status,rules,flags
trade_uvi.unit-value-index-export-all-products.q,quarterly,Unit Value Index,Export,All Products,2021-Q1,100,100,ok,,
trade_uvi.unit-value-index-export-all-products.q,quarterly,Unit Value Index,Export,All Products,2021-Q2,103.7,103.7,ok,,
trade_uvi.unit-value-index-export-all-products.q,quarterly,Unit Value Index,Export,All Products,2021-Q3,105.2,105.2,ok,,
trade_uvi.unit-value-index-export-all-products.q,quarterly,Unit Value Index,Export,All Products,2021-Q4,111.4,111.4,ok,,
trade_uvi.unit-value-index-export-all-products.q,quarterly,Unit Value Index,Export,All Products,2022-Q1,128.7,128.7,ok,,
trade_uvi.unit-value-index-export-all-products.q,quarterly,Unit Value Index,Export,All Products,2022-Q2,148.2,148.2,ok,,
trade_uvi.unit-value-index-export-all-products.q,quarterly,Unit Value Index,Export,All Products,2022-Q3,154.7,154.7,ok,,
trade_uvi.unit-value-index-export-all-products.q,quarterly,Unit Value Index,Export,All Products,2022-Q4,210.3,210.3,ok,,
trade_uvi.unit-value-index-export-all-products.q,quarterly,Unit Value Index,Export,All Products,2023-Q1,195.9,195.9,ok,,
trade_uvi.unit-value-index-export-all-products.q,quarterly,Unit Value Index,Export,All Products,2023-Q2,203.3,203.3,ok,,
trade_uvi.unit-value-index-export-all-products.q,quarterly,Unit Value Index,Export,All Products,2023-Q3,210.8,210.8,ok,,
trade_uvi.unit-value-index-export-all-products.q,quarterly,Unit Value Index,Export,All Products,2023-Q4,218.7,218.7,ok,,
trade_uvi.unit-value-index-export-all-products.q,quarterly,Unit Value Index,Export,All Products,2024-Q1,235.8,235.8,ok,,
trade_uvi.unit-value-index-export-all-products.q,quarterly,Unit Value Index,Export,All Products,2024-Q2,285.7,285.7,ok,,
trade_uvi.unit-value-index-export-all-products.q,quarterly,Unit Value Index,Export,All Products,2024-Q3,323.7,323.7,ok,,
trade_uvi.unit-value-index-export-all-products.q,quarterly,Unit Value Index,Export,All Products,2024-Q4,358.7,358.7,ok,,
trade_uvi.unit-value-index-export-all-products.q,quarterly,Unit Value Index,Export,All Products,2025-Q1,373.9,373.9,ok,,
trade_uvi.unit-value-index-export-all-products.q,quarterly,Unit Value Index,Export,All Products,2025-Q2,358.3,358.3,ok,,
trade_uvi.unit-value-index-export-all-products.q,quarterly,Unit Value Index,Export,All Products,2025-Q3,293.8,293.8,ok,,
trade_uvi.unit-value-index-export-all-products.q,quarterly,Unit Value Index,Export,All Products,2025-Q4,361.9,361.9,ok,,
trade_uvi.unit-value-index-export-all-products.q,quarterly,Unit Value Index,Export,All Products,2026-Q1,392.6,392.6,ok,,
trade_uvi.unit-value-index-export-gold.q,quarterly,Unit Value Index,Export,Gold,2021-Q1,100,100,ok,,
trade_uvi.unit-value-index-export-gold.q,quarterly,Unit Value Index,Export,Gold,2021-Q2,99.7,99.7,ok,,
trade_uvi.unit-value-index-export-gold.q,quarterly,Unit Value Index,Export,Gold,2021-Q3,97.5,97.5,ok,,
trade_uvi.unit-value-index-export-gold.q,quarterly,Unit Value Index,Export,Gold,2021-Q4,99.3,99.3,ok,,
trade_uvi.unit-value-index-export-gold.q,quarterly,Unit Value Index,Export,Gold,2022-Q1,109,109,ok,,
trade_uvi.unit-value-index-export-gold.q,quarterly,Unit Value Index,Export,Gold,2022-Q2,123.4,123.4,ok,,
trade_uvi.unit-value-index-export-gold.q,quarterly,Unit Value Index,Export,Gold,2022-Q3,129.4,129.4,ok,,
trade_uvi.unit-value-index-export-gold.q,quarterly,Unit Value Index,Export,Gold,2022-Q4,193.1,193.1,ok,,
trade_uvi.unit-value-index-export-gold.q,quarterly,Unit Value Index,Export,Gold,2023-Q1,179.9,179.9,ok,,
trade_uvi.unit-value-index-export-gold.q,quarterly,Unit Value Index,Export,Gold,2023-Q2,196.9,196.9,ok,,
trade_uvi.unit-value-index-export-gold.q,quarterly,Unit Value Index,Export,Gold,2023-Q3,197.8,197.8,ok,,
trade_uvi.unit-value-index-export-gold.q,quarterly,Unit Value Index,Export,Gold,2023-Q4,209.5,209.5,ok,,
trade_uvi.unit-value-index-export-gold.q,quarterly,Unit Value Index,Export,Gold,2024-Q1,228.5,228.5,ok,,
trade_uvi.unit-value-index-export-gold.q,quarterly,Unit Value Index,Export,Gold,2024-Q2,293.8,293.8,ok,,
trade_uvi.unit-value-index-export-gold.q,quarterly,Unit Value Index,Export,Gold,2024-Q3,343.8,343.8,ok,,
trade_uvi.unit-value-index-export-gold.q,quarterly,Unit Value Index,Export,Gold,2024-Q4,390.4,390.4,ok,,
trade_uvi.unit-value-index-export-gold.q,quarterly,Unit Value Index,Export,Gold,2025-Q1,403.2,403.2,ok,,
trade_uvi.unit-value-index-export-gold.q,quarterly,Unit Value Index,Export,Gold,2025-Q2,418,418,ok,,
trade_uvi.unit-value-index-export-gold.q,quarterly,Unit Value Index,Export,Gold,2025-Q3,332.1,332.1,ok,,
trade_uvi.unit-value-index-export-gold.q,quarterly,Unit Value Index,Export,Gold,2025-Q4,437.1,437.1,ok,,
trade_uvi.unit-value-index-export-gold.q,quarterly,Unit Value Index,Export,Gold,2026-Q1,502.9,502.9,ok,,
trade_uvi.unit-value-index-export-mineral-fuels-and-oils.q,quarterly,Unit Value Index,Export,Mineral Fuels and Oils,2021-Q1,100,100,ok,,
trade_uvi.unit-value-index-export-mineral-fuels-and-oils.q,quarterly,Unit Value Index,Export,Mineral Fuels and Oils,2021-Q2,114.6,114.6,ok,,
trade_uvi.unit-value-index-export-mineral-fuels-and-oils.q,quarterly,Unit Value Index,Export,Mineral Fuels and Oils,2021-Q3,124.7,124.7,ok,,
trade_uvi.unit-value-index-export-mineral-fuels-and-oils.q,quarterly,Unit Value Index,Export,Mineral Fuels and Oils,2021-Q4,141.2,141.2,ok,,
trade_uvi.unit-value-index-export-mineral-fuels-and-oils.q,quarterly,Unit Value Index,Export,Mineral Fuels and Oils,2022-Q1,188.9,188.9,ok,,
trade_uvi.unit-value-index-export-mineral-fuels-and-oils.q,quarterly,Unit Value Index,Export,Mineral Fuels and Oils,2022-Q2,230.2,230.2,ok,,
trade_uvi.unit-value-index-export-mineral-fuels-and-oils.q,quarterly,Unit Value Index,Export,Mineral Fuels and Oils,2022-Q3,233.3,233.3,ok,,
trade_uvi.unit-value-index-export-mineral-fuels-and-oils.q,quarterly,Unit Value Index,Export,Mineral Fuels and Oils,2022-Q4,259.8,259.8,ok,,
trade_uvi.unit-value-index-export-mineral-fuels-and-oils.q,quarterly,Unit Value Index,Export,Mineral Fuels and Oils,2023-Q1,257.9,257.9,ok,,
trade_uvi.unit-value-index-export-mineral-fuels-and-oils.q,quarterly,Unit Value Index,Export,Mineral Fuels and Oils,2023-Q2,245.1,245.1,ok,,
trade_uvi.unit-value-index-export-mineral-fuels-and-oils.q,quarterly,Unit Value Index,Export,Mineral Fuels and Oils,2023-Q3,280.8,280.8,ok,,
trade_uvi.unit-value-index-export-mineral-fuels-and-oils.q,quarterly,Unit Value Index,Export,Mineral Fuels and Oils,2023-Q4,278.9,278.9,ok,,
trade_uvi.unit-value-index-export-mineral-fuels-and-oils.q,quarterly,Unit Value Index,Export,Mineral Fuels and Oils,2024-Q1,305.2,305.2,ok,,
trade_uvi.unit-value-index-export-mineral-fuels-and-oils.q,quarterly,Unit Value Index,Export,Mineral Fuels and Oils,2024-Q2,350,350,ok,,
trade_uvi.unit-value-index-export-mineral-fuels-and-oils.q,quarterly,Unit Value Index,Export,Mineral Fuels and Oils,2024-Q3,364.2,364.2,ok,,
trade_uvi.unit-value-index-export-mineral-fuels-and-oils.q,quarterly,Unit Value Index,Export,Mineral Fuels and Oils,2024-Q4,349.2,349.2,ok,,
trade_uvi.unit-value-index-export-mineral-fuels-and-oils.q,quarterly,Unit Value Index,Export,Mineral Fuels and Oils,2025-Q1,362.2,362.2,ok,,
trade_uvi.unit-value-index-export-mineral-fuels-and-oils.q,quarterly,Unit Value Index,Export,Mineral Fuels and Oils,2025-Q2,247,247,ok,,
trade_uvi.unit-value-index-export-mineral-fuels-and-oils.q,quarterly,Unit Value Index,Export,Mineral Fuels and Oils,2025-Q3,246.9,246.9,ok,,
trade_uvi.unit-value-index-export-mineral-fuels-and-oils.q,quarterly,Unit Value Index,Export,Mineral Fuels and Oils,2025-Q4,223.9,223.9,ok,,
trade_uvi.unit-value-index-export-mineral-fuels-and-oils.q,quarterly,Unit Value Index,Export,Mineral Fuels and Oils,2026-Q1,222.8,222.8,ok,,
trade_uvi.unit-value-index-import-all-products.q,quarterly,Unit Value Index,Import,All Products,2021-Q1,100,100,ok,,
trade_uvi.unit-value-index-import-all-products.q,quarterly,Unit Value Index,Import,All Products,2021-Q2,104.9,104.9,ok,,
trade_uvi.unit-value-index-import-all-products.q,quarterly,Unit Value Index,Import,All Products,2021-Q3,109.8,109.8,ok,,
trade_uvi.unit-value-index-import-all-products.q,quarterly,Unit Value Index,Import,All Products,2021-Q4,114.3,114.3,ok,,
trade_uvi.unit-value-index-import-all-products.q,quarterly,Unit Value Index,Import,All Products,2022-Q1,129.2,129.2,ok,,
trade_uvi.unit-value-index-import-all-products.q,quarterly,Unit Value Index,Import,All Products,2022-Q2,148.3,148.3,ok,,
trade_uvi.unit-value-index-import-all-products.q,quarterly,Unit Value Index,Import,All Products,2022-Q3,172.8,172.8,ok,,
trade_uvi.unit-value-index-import-all-products.q,quarterly,Unit Value Index,Import,All Products,2022-Q4,227.5,227.5,ok,,
trade_uvi.unit-value-index-import-all-products.q,quarterly,Unit Value Index,Import,All Products,2023-Q1,198.3,198.3,ok,,
trade_uvi.unit-value-index-import-all-products.q,quarterly,Unit Value Index,Import,All Products,2023-Q2,201.1,201.1,ok,,
trade_uvi.unit-value-index-import-all-products.q,quarterly,Unit Value Index,Import,All Products,2023-Q3,203.3,203.3,ok,,
trade_uvi.unit-value-index-import-all-products.q,quarterly,Unit Value Index,Import,All Products,2023-Q4,214.6,214.6,ok,,
trade_uvi.unit-value-index-import-all-products.q,quarterly,Unit Value Index,Import,All Products,2024-Q1,221.1,221.1,ok,,
trade_uvi.unit-value-index-import-all-products.q,quarterly,Unit Value Index,Import,All Products,2024-Q2,239,239,ok,,
trade_uvi.unit-value-index-import-all-products.q,quarterly,Unit Value Index,Import,All Products,2024-Q3,256.8,256.8,ok,,
trade_uvi.unit-value-index-import-all-products.q,quarterly,Unit Value Index,Import,All Products,2024-Q4,257.9,257.9,ok,,
trade_uvi.unit-value-index-import-all-products.q,quarterly,Unit Value Index,Import,All Products,2025-Q1,255.4,255.4,ok,,
trade_uvi.unit-value-index-import-all-products.q,quarterly,Unit Value Index,Import,All Products,2025-Q2,208,208,ok,,
trade_uvi.unit-value-index-import-all-products.q,quarterly,Unit Value Index,Import,All Products,2025-Q3,193.5,193.5,ok,,
trade_uvi.unit-value-index-import-all-products.q,quarterly,Unit Value Index,Import,All Products,2025-Q4,193.6,193.6,ok,,
trade_uvi.unit-value-index-import-all-products.q,quarterly,Unit Value Index,Import,All Products,2026-Q1,187.3,187.3,ok,,
trade_uvi.unit-value-index-import-mineral-fuels-and-oils.q,quarterly,Unit Value Index,Import,Mineral Fuels and Oils,2021-Q1,100,100,ok,,
trade_uvi.unit-value-index-import-mineral-fuels-and-oils.q,quarterly,Unit Value Index,Import,Mineral Fuels and Oils,2021-Q2,116.5,116.5,ok,,
trade_uvi.unit-value-index-import-mineral-fuels-and-oils.q,quarterly,Unit Value Index,Import,Mineral Fuels and Oils,2021-Q3,126.9,126.9,ok,,
trade_uvi.unit-value-index-import-mineral-fuels-and-oils.q,quarterly,Unit Value Index,Import,Mineral Fuels and Oils,2021-Q4,131.5,131.5,ok,,
trade_uvi.unit-value-index-import-mineral-fuels-and-oils.q,quarterly,Unit Value Index,Import,Mineral Fuels and Oils,2022-Q1,167.1,167.1,ok,,
trade_uvi.unit-value-index-import-mineral-fuels-and-oils.q,quarterly,Unit Value Index,Import,Mineral Fuels and Oils,2022-Q2,193.7,193.7,ok,,
trade_uvi.unit-value-index-import-mineral-fuels-and-oils.q,quarterly,Unit Value Index,Import,Mineral Fuels and Oils,2022-Q3,269.9,269.9,ok,,
trade_uvi.unit-value-index-import-mineral-fuels-and-oils.q,quarterly,Unit Value Index,Import,Mineral Fuels and Oils,2022-Q4,307.7,307.7,ok,,
trade_uvi.unit-value-index-import-mineral-fuels-and-oils.q,quarterly,Unit Value Index,Import,Mineral Fuels and Oils,2023-Q1,254.7,254.7,ok,,
trade_uvi.unit-value-index-import-mineral-fuels-and-oils.q,quarterly,Unit Value Index,Import,Mineral Fuels and Oils,2023-Q2,261.4,261.4,ok,,
trade_uvi.unit-value-index-import-mineral-fuels-and-oils.q,quarterly,Unit Value Index,Import,Mineral Fuels and Oils,2023-Q3,275.9,275.9,ok,,
trade_uvi.unit-value-index-import-mineral-fuels-and-oils.q,quarterly,Unit Value Index,Import,Mineral Fuels and Oils,2023-Q4,297.5,297.5,ok,,
trade_uvi.unit-value-index-import-mineral-fuels-and-oils.q,quarterly,Unit Value Index,Import,Mineral Fuels and Oils,2024-Q1,291.2,291.2,ok,,
trade_uvi.unit-value-index-import-mineral-fuels-and-oils.q,quarterly,Unit Value Index,Import,Mineral Fuels and Oils,2024-Q2,302.7,302.7,ok,,
trade_uvi.unit-value-index-import-mineral-fuels-and-oils.q,quarterly,Unit Value Index,Import,Mineral Fuels and Oils,2024-Q3,311.1,311.1,ok,,
trade_uvi.unit-value-index-import-mineral-fuels-and-oils.q,quarterly,Unit Value Index,Import,Mineral Fuels and Oils,2024-Q4,308.6,308.6,ok,,
trade_uvi.unit-value-index-import-mineral-fuels-and-oils.q,quarterly,Unit Value Index,Import,Mineral Fuels and Oils,2025-Q1,311.6,311.6,ok,,
trade_uvi.unit-value-index-import-mineral-fuels-and-oils.q,quarterly,Unit Value Index,Import,Mineral Fuels and Oils,2025-Q2,249.4,249.4,ok,,
trade_uvi.unit-value-index-import-mineral-fuels-and-oils.q,quarterly,Unit Value Index,Import,Mineral Fuels and Oils,2025-Q3,233.4,233.4,ok,,
trade_uvi.unit-value-index-import-mineral-fuels-and-oils.q,quarterly,Unit Value Index,Import,Mineral Fuels and Oils,2025-Q4,234.2,234.2,ok,,
trade_uvi.unit-value-index-import-mineral-fuels-and-oils.q,quarterly,Unit Value Index,Import,Mineral Fuels and Oils,2026-Q1,223,223,ok,,
trade_uvi.unit-value-index-import-machinery-and-electrical-equipment.q,quarterly,Unit Value Index,Import,Machinery and Electrical Equipment,2021-Q1,100,100,ok,,
trade_uvi.unit-value-index-import-machinery-and-electrical-equipment.q,quarterly,Unit Value Index,Import,Machinery and Electrical Equipment,2021-Q2,97.6,97.6,ok,,
trade_uvi.unit-value-index-import-machinery-and-electrical-equipment.q,quarterly,Unit Value Index,Import,Machinery and Electrical Equipment,2021-Q3,100.2,100.2,ok,,
trade_uvi.unit-value-index-import-machinery-and-electrical-equipment.q,quarterly,Unit Value Index,Import,Machinery and Electrical Equipment,2021-Q4,101.9,101.9,ok,,
trade_uvi.unit-value-index-import-machinery-and-electrical-equipment.q,quarterly,Unit Value Index,Import,Machinery and Electrical Equipment,2022-Q1,108.6,108.6,ok,,
trade_uvi.unit-value-index-import-machinery-and-electrical-equipment.q,quarterly,Unit Value Index,Import,Machinery and Electrical Equipment,2022-Q2,122,122,ok,,
trade_uvi.unit-value-index-import-machinery-and-electrical-equipment.q,quarterly,Unit Value Index,Import,Machinery and Electrical Equipment,2022-Q3,134.7,134.7,ok,,
trade_uvi.unit-value-index-import-machinery-and-electrical-equipment.q,quarterly,Unit Value Index,Import,Machinery and Electrical Equipment,2022-Q4,181.2,181.2,ok,,
trade_uvi.unit-value-index-import-machinery-and-electrical-equipment.q,quarterly,Unit Value Index,Import,Machinery and Electrical Equipment,2023-Q1,169.1,169.1,ok,,
trade_uvi.unit-value-index-import-machinery-and-electrical-equipment.q,quarterly,Unit Value Index,Import,Machinery and Electrical Equipment,2023-Q2,175.6,175.6,ok,,
trade_uvi.unit-value-index-import-machinery-and-electrical-equipment.q,quarterly,Unit Value Index,Import,Machinery and Electrical Equipment,2023-Q3,177.5,177.5,ok,,
trade_uvi.unit-value-index-import-machinery-and-electrical-equipment.q,quarterly,Unit Value Index,Import,Machinery and Electrical Equipment,2023-Q4,187.7,187.7,ok,,
trade_uvi.unit-value-index-import-machinery-and-electrical-equipment.q,quarterly,Unit Value Index,Import,Machinery and Electrical Equipment,2024-Q1,201.9,201.9,ok,,
trade_uvi.unit-value-index-import-machinery-and-electrical-equipment.q,quarterly,Unit Value Index,Import,Machinery and Electrical Equipment,2024-Q2,218.5,218.5,ok,,
trade_uvi.unit-value-index-import-machinery-and-electrical-equipment.q,quarterly,Unit Value Index,Import,Machinery and Electrical Equipment,2024-Q3,235.4,235.4,ok,,
trade_uvi.unit-value-index-import-machinery-and-electrical-equipment.q,quarterly,Unit Value Index,Import,Machinery and Electrical Equipment,2024-Q4,241.1,241.1,ok,,
trade_uvi.unit-value-index-import-machinery-and-electrical-equipment.q,quarterly,Unit Value Index,Import,Machinery and Electrical Equipment,2025-Q1,235.9,235.9,ok,,
trade_uvi.unit-value-index-import-machinery-and-electrical-equipment.q,quarterly,Unit Value Index,Import,Machinery and Electrical Equipment,2025-Q2,203.3,203.3,ok,,
trade_uvi.unit-value-index-import-machinery-and-electrical-equipment.q,quarterly,Unit Value Index,Import,Machinery and Electrical Equipment,2025-Q3,190.3,190.3,ok,,
trade_uvi.unit-value-index-import-machinery-and-electrical-equipment.q,quarterly,Unit Value Index,Import,Machinery and Electrical Equipment,2025-Q4,192.5,192.5,ok,,
trade_uvi.unit-value-index-import-machinery-and-electrical-equipment.q,quarterly,Unit Value Index,Import,Machinery and Electrical Equipment,2026-Q1,195.1,195.1,ok,,
trade_uvi.unit-value-index-import-chemical-products.q,quarterly,Unit Value Index,Import,Chemical Products,2021-Q1,100,100,ok,,
trade_uvi.unit-value-index-import-chemical-products.q,quarterly,Unit Value Index,Import,Chemical Products,2021-Q2,102.1,102.1,ok,,
trade_uvi.unit-value-index-import-chemical-products.q,quarterly,Unit Value Index,Import,Chemical Products,2021-Q3,105.9,105.9,ok,,
trade_uvi.unit-value-index-import-chemical-products.q,quarterly,Unit Value Index,Import,Chemical Products,2021-Q4,112.5,112.5,ok,,
trade_uvi.unit-value-index-import-chemical-products.q,quarterly,Unit Value Index,Import,Chemical Products,2022-Q1,132.7,132.7,ok,,
trade_uvi.unit-value-index-import-chemical-products.q,quarterly,Unit Value Index,Import,Chemical Products,2022-Q2,148,148,ok,,
trade_uvi.unit-value-index-import-chemical-products.q,quarterly,Unit Value Index,Import,Chemical Products,2022-Q3,159,159,ok,,
trade_uvi.unit-value-index-import-chemical-products.q,quarterly,Unit Value Index,Import,Chemical Products,2022-Q4,224.4,224.4,ok,,
trade_uvi.unit-value-index-import-chemical-products.q,quarterly,Unit Value Index,Import,Chemical Products,2023-Q1,198.5,198.5,ok,,
trade_uvi.unit-value-index-import-chemical-products.q,quarterly,Unit Value Index,Import,Chemical Products,2023-Q2,191.1,191.1,ok,,
trade_uvi.unit-value-index-import-chemical-products.q,quarterly,Unit Value Index,Import,Chemical Products,2023-Q3,187.8,187.8,ok,,
trade_uvi.unit-value-index-import-chemical-products.q,quarterly,Unit Value Index,Import,Chemical Products,2023-Q4,194.6,194.6,ok,,
trade_uvi.unit-value-index-import-chemical-products.q,quarterly,Unit Value Index,Import,Chemical Products,2024-Q1,204.8,204.8,ok,,
trade_uvi.unit-value-index-import-chemical-products.q,quarterly,Unit Value Index,Import,Chemical Products,2024-Q2,220.5,220.5,ok,,
trade_uvi.unit-value-index-import-chemical-products.q,quarterly,Unit Value Index,Import,Chemical Products,2024-Q3,244.1,244.1,ok,,
trade_uvi.unit-value-index-import-chemical-products.q,quarterly,Unit Value Index,Import,Chemical Products,2024-Q4,247.1,247.1,ok,,
trade_uvi.unit-value-index-import-chemical-products.q,quarterly,Unit Value Index,Import,Chemical Products,2025-Q1,244.9,244.9,ok,,
trade_uvi.unit-value-index-import-chemical-products.q,quarterly,Unit Value Index,Import,Chemical Products,2025-Q2,200.1,200.1,ok,,
trade_uvi.unit-value-index-import-chemical-products.q,quarterly,Unit Value Index,Import,Chemical Products,2025-Q3,179.4,179.4,ok,,
trade_uvi.unit-value-index-import-chemical-products.q,quarterly,Unit Value Index,Import,Chemical Products,2025-Q4,179,179,ok,,
trade_uvi.unit-value-index-import-chemical-products.q,quarterly,Unit Value Index,Import,Chemical Products,2026-Q1,173,173,ok,,
trade_uvi.unit-value-index-import-vehicles-and-automotive-parts.q,quarterly,Unit Value Index,Import,Vehicles and Automotive Parts,2021-Q1,100,100,ok,,
trade_uvi.unit-value-index-import-vehicles-and-automotive-parts.q,quarterly,Unit Value Index,Import,Vehicles and Automotive Parts,2021-Q2,100.6,100.6,ok,,
trade_uvi.unit-value-index-import-vehicles-and-automotive-parts.q,quarterly,Unit Value Index,Import,Vehicles and Automotive Parts,2021-Q3,100.8,100.8,ok,,
trade_uvi.unit-value-index-import-vehicles-and-automotive-parts.q,quarterly,Unit Value Index,Import,Vehicles and Automotive Parts,2021-Q4,101.8,101.8,ok,,
trade_uvi.unit-value-index-import-vehicles-and-automotive-parts.q,quarterly,Unit Value Index,Import,Vehicles and Automotive Parts,2022-Q1,114.6,114.6,ok,,
trade_uvi.unit-value-index-import-vehicles-and-automotive-parts.q,quarterly,Unit Value Index,Import,Vehicles and Automotive Parts,2022-Q2,133,133,ok,,
trade_uvi.unit-value-index-import-vehicles-and-automotive-parts.q,quarterly,Unit Value Index,Import,Vehicles and Automotive Parts,2022-Q3,145.5,145.5,ok,,
trade_uvi.unit-value-index-import-vehicles-and-automotive-parts.q,quarterly,Unit Value Index,Import,Vehicles and Automotive Parts,2022-Q4,207.1,207.1,ok,,
trade_uvi.unit-value-index-import-vehicles-and-automotive-parts.q,quarterly,Unit Value Index,Import,Vehicles and Automotive Parts,2023-Q1,204.3,204.3,ok,,
trade_uvi.unit-value-index-import-vehicles-and-automotive-parts.q,quarterly,Unit Value Index,Import,Vehicles and Automotive Parts,2023-Q2,207.7,207.7,ok,,
trade_uvi.unit-value-index-import-vehicles-and-automotive-parts.q,quarterly,Unit Value Index,Import,Vehicles and Automotive Parts,2023-Q3,204,204,ok,,
trade_uvi.unit-value-index-import-vehicles-and-automotive-parts.q,quarterly,Unit Value Index,Import,Vehicles and Automotive Parts,2023-Q4,212.8,212.8,ok,,
trade_uvi.unit-value-index-import-vehicles-and-automotive-parts.q,quarterly,Unit Value Index,Import,Vehicles and Automotive Parts,2024-Q1,225.4,225.4,ok,,
trade_uvi.unit-value-index-import-vehicles-and-automotive-parts.q,quarterly,Unit Value Index,Import,Vehicles and Automotive Parts,2024-Q2,250.4,250.4,ok,,
trade_uvi.unit-value-index-import-vehicles-and-automotive-parts.q,quarterly,Unit Value Index,Import,Vehicles and Automotive Parts,2024-Q3,272.5,272.5,ok,,
trade_uvi.unit-value-index-import-vehicles-and-automotive-parts.q,quarterly,Unit Value Index,Import,Vehicles and Automotive Parts,2024-Q4,282.4,282.4,ok,,
trade_uvi.unit-value-index-import-vehicles-and-automotive-parts.q,quarterly,Unit Value Index,Import,Vehicles and Automotive Parts,2025-Q1,276.7,276.7,ok,,
trade_uvi.unit-value-index-import-vehicles-and-automotive-parts.q,quarterly,Unit Value Index,Import,Vehicles and Automotive Parts,2025-Q2,228.7,228.7,ok,,
trade_uvi.unit-value-index-import-vehicles-and-automotive-parts.q,quarterly,Unit Value Index,Import,Vehicles and Automotive Parts,2025-Q3,216.4,216.4,ok,,
trade_uvi.unit-value-index-import-vehicles-and-automotive-parts.q,quarterly,Unit Value Index,Import,Vehicles and Automotive Parts,2025-Q4,215.9,215.9,ok,,
trade_uvi.unit-value-index-import-vehicles-and-automotive-parts.q,quarterly,Unit Value Index,Import,Vehicles and Automotive Parts,2026-Q1,211.3,211.3,ok,,
trade_uvi.unit-value-index-import-other-products.q,quarterly,Unit Value Index,Import,Other Products,2021-Q1,100,100,ok,,
trade_uvi.unit-value-index-import-other-products.q,quarterly,Unit Value Index,Import,Other Products,2021-Q2,102.6,102.6,ok,,
trade_uvi.unit-value-index-import-other-products.q,quarterly,Unit Value Index,Import,Other Products,2021-Q3,107.3,107.3,ok,,
trade_uvi.unit-value-index-import-other-products.q,quarterly,Unit Value Index,Import,Other Products,2021-Q4,110.4,110.4,ok,,
trade_uvi.unit-value-index-import-other-products.q,quarterly,Unit Value Index,Import,Other Products,2022-Q1,120.2,120.2,ok,,
trade_uvi.unit-value-index-import-other-products.q,quarterly,Unit Value Index,Import,Other Products,2022-Q2,139,139,ok,,
trade_uvi.unit-value-index-import-other-products.q,quarterly,Unit Value Index,Import,Other Products,2022-Q3,153.8,153.8,ok,,
trade_uvi.unit-value-index-import-other-products.q,quarterly,Unit Value Index,Import,Other Products,2022-Q4,217.9,217.9,ok,,
trade_uvi.unit-value-index-import-other-products.q,quarterly,Unit Value Index,Import,Other Products,2023-Q1,199.4,199.4,ok,,
trade_uvi.unit-value-index-import-other-products.q,quarterly,Unit Value Index,Import,Other Products,2023-Q2,200.6,200.6,ok,,
trade_uvi.unit-value-index-import-other-products.q,quarterly,Unit Value Index,Import,Other Products,2023-Q3,198.3,198.3,ok,,
trade_uvi.unit-value-index-import-other-products.q,quarterly,Unit Value Index,Import,Other Products,2023-Q4,207.4,207.4,ok,,
trade_uvi.unit-value-index-import-other-products.q,quarterly,Unit Value Index,Import,Other Products,2024-Q1,218.9,218.9,ok,,
trade_uvi.unit-value-index-import-other-products.q,quarterly,Unit Value Index,Import,Other Products,2024-Q2,239.9,239.9,ok,,
trade_uvi.unit-value-index-import-other-products.q,quarterly,Unit Value Index,Import,Other Products,2024-Q3,261.8,261.8,ok,,
trade_uvi.unit-value-index-import-other-products.q,quarterly,Unit Value Index,Import,Other Products,2024-Q4,266.5,266.5,ok,,
trade_uvi.unit-value-index-import-other-products.q,quarterly,Unit Value Index,Import,Other Products,2025-Q1,261.1,261.1,ok,,
trade_uvi.unit-value-index-import-other-products.q,quarterly,Unit Value Index,Import,Other Products,2025-Q2,219.1,219.1,ok,,
trade_uvi.unit-value-index-import-other-products.q,quarterly,Unit Value Index,Import,Other Products,2025-Q3,202.5,202.5,ok,,
trade_uvi.unit-value-index-import-other-products.q,quarterly,Unit Value Index,Import,Other Products,2025-Q4,202,202,ok,,
trade_uvi.unit-value-index-import-other-products.q,quarterly,Unit Value Index,Import,Other Products,2026-Q1,196.8,196.8,ok,,
trade_uvi.year-on-year-inflation-export-all-products.q,quarterly,Year-on-year inflation (%),Export,All Products,2022-Q1,28.7,28.7,ok,,
trade_uvi.year-on-year-inflation-export-all-products.q,quarterly,Year-on-year inflation (%),Export,All Products,2022-Q2,43,43,ok,,
trade_uvi.year-on-year-inflation-export-all-products.q,quarterly,Year-on-year inflation (%),Export,All Products,2022-Q3,47.1,47.1,ok,,
trade_uvi.year-on-year-inflation-export-all-products.q,quarterly,Year-on-year inflation (%),Export,All Products,2022-Q4,88.8,88.8,ok,,
trade_uvi.year-on-year-inflation-export-all-products.q,quarterly,Year-on-year inflation (%),Export,All Products,2023-Q1,52.3,52.3,ok,,
trade_uvi.year-on-year-inflation-export-all-products.q,quarterly,Year-on-year inflation (%),Export,All Products,2023-Q2,37.1,37.1,ok,,
trade_uvi.year-on-year-inflation-export-all-products.q,quarterly,Year-on-year inflation (%),Export,All Products,2023-Q3,36.3,36.3,ok,,
trade_uvi.year-on-year-inflation-export-all-products.q,quarterly,Year-on-year inflation (%),Export,All Products,2023-Q4,4,4,ok,,
trade_uvi.year-on-year-inflation-export-all-products.q,quarterly,Year-on-year inflation (%),Export,All Products,2024-Q1,20.4,20.4,ok,,
trade_uvi.year-on-year-inflation-export-all-products.q,quarterly,Year-on-year inflation (%),Export,All Products,2024-Q2,40.5,40.5,ok,,
trade_uvi.year-on-year-inflation-export-all-products.q,quarterly,Year-on-year inflation (%),Export,All Products,2024-Q3,53.5,53.5,ok,,
trade_uvi.year-on-year-inflation-export-all-products.q,quarterly,Year-on-year inflation (%),Export,All Products,2024-Q4,64,64,ok,,
trade_uvi.year-on-year-inflation-export-all-products.q,quarterly,Year-on-year inflation (%),Export,All Products,2025-Q1,58.5,58.5,ok,,
trade_uvi.year-on-year-inflation-export-all-products.q,quarterly,Year-on-year inflation (%),Export,All Products,2025-Q2,25.4,25.4,ok,,
trade_uvi.year-on-year-inflation-export-all-products.q,quarterly,Year-on-year inflation (%),Export,All Products,2025-Q3,-9.2,-9.2,ok,,
trade_uvi.year-on-year-inflation-export-all-products.q,quarterly,Year-on-year inflation (%),Export,All Products,2025-Q4,0.9,0.9,ok,,
trade_uvi.year-on-year-inflation-export-all-products.q,quarterly,Year-on-year inflation (%),Export,All Products,2026-Q1,5,5,ok,,
trade_uvi.year-on-year-inflation-export-gold.q,quarterly,Year-on-year inflation (%),Export,Gold,2022-Q1,9,9,ok,,
trade_uvi.year-on-year-inflation-export-gold.q,quarterly,Year-on-year inflation (%),Export,Gold,2022-Q2,23.7,23.7,ok,,
trade_uvi.year-on-year-inflation-export-gold.q,quarterly,Year-on-year inflation (%),Export,Gold,2022-Q3,32.7,32.7,ok,,
trade_uvi.year-on-year-inflation-export-gold.q,quarterly,Year-on-year inflation (%),Export,Gold,2022-Q4,94.4,94.4,ok,,
trade_uvi.year-on-year-inflation-export-gold.q,quarterly,Year-on-year inflation (%),Export,Gold,2023-Q1,65,65,ok,,
trade_uvi.year-on-year-inflation-export-gold.q,quarterly,Year-on-year inflation (%),Export,Gold,2023-Q2,59.6,59.6,ok,,
trade_uvi.year-on-year-inflation-export-gold.q,quarterly,Year-on-year inflation (%),Export,Gold,2023-Q3,52.9,52.9,ok,,
trade_uvi.year-on-year-inflation-export-gold.q,quarterly,Year-on-year inflation (%),Export,Gold,2023-Q4,8.5,8.5,ok,,
trade_uvi.year-on-year-inflation-export-gold.q,quarterly,Year-on-year inflation (%),Export,Gold,2024-Q1,27,27,ok,,
trade_uvi.year-on-year-inflation-export-gold.q,quarterly,Year-on-year inflation (%),Export,Gold,2024-Q2,49.2,49.2,ok,,
trade_uvi.year-on-year-inflation-export-gold.q,quarterly,Year-on-year inflation (%),Export,Gold,2024-Q3,73.8,73.8,ok,,
trade_uvi.year-on-year-inflation-export-gold.q,quarterly,Year-on-year inflation (%),Export,Gold,2024-Q4,86.3,86.3,ok,,
trade_uvi.year-on-year-inflation-export-gold.q,quarterly,Year-on-year inflation (%),Export,Gold,2025-Q1,76.5,76.5,ok,,
trade_uvi.year-on-year-inflation-export-gold.q,quarterly,Year-on-year inflation (%),Export,Gold,2025-Q2,42.3,42.3,ok,,
trade_uvi.year-on-year-inflation-export-gold.q,quarterly,Year-on-year inflation (%),Export,Gold,2025-Q3,-3.4,-3.4,ok,,
trade_uvi.year-on-year-inflation-export-gold.q,quarterly,Year-on-year inflation (%),Export,Gold,2025-Q4,12,12,ok,,
trade_uvi.year-on-year-inflation-export-gold.q,quarterly,Year-on-year inflation (%),Export,Gold,2026-Q1,24.7,24.7,ok,,
trade_uvi.year-on-year-inflation-export-mineral-fuels-and-oils.q,quarterly,Year-on-year inflation (%),Export,Mineral Fuels and Oils,2022-Q1,88.9,88.9,ok,,
trade_uvi.year-on-year-inflation-export-mineral-fuels-and-oils.q,quarterly,Year-on-year inflation (%),Export,Mineral Fuels and Oils,2022-Q2,100.9,100.9,ok,,
trade_uvi.year-on-year-inflation-export-mineral-fuels-and-oils.q,quarterly,Year-on-year inflation (%),Export,Mineral Fuels and Oils,2022-Q3,87,87,ok,,
trade_uvi.year-on-year-inflation-export-mineral-fuels-and-oils.q,quarterly,Year-on-year inflation (%),Export,Mineral Fuels and Oils,2022-Q4,84,84,ok,,
trade_uvi.year-on-year-inflation-export-mineral-fuels-and-oils.q,quarterly,Year-on-year inflation (%),Export,Mineral Fuels and Oils,2023-Q1,36.5,36.5,ok,,
trade_uvi.year-on-year-inflation-export-mineral-fuels-and-oils.q,quarterly,Year-on-year inflation (%),Export,Mineral Fuels and Oils,2023-Q2,6.5,6.5,ok,,
trade_uvi.year-on-year-inflation-export-mineral-fuels-and-oils.q,quarterly,Year-on-year inflation (%),Export,Mineral Fuels and Oils,2023-Q3,20.4,20.4,ok,,
trade_uvi.year-on-year-inflation-export-mineral-fuels-and-oils.q,quarterly,Year-on-year inflation (%),Export,Mineral Fuels and Oils,2023-Q4,7.4,7.4,ok,,
trade_uvi.year-on-year-inflation-export-mineral-fuels-and-oils.q,quarterly,Year-on-year inflation (%),Export,Mineral Fuels and Oils,2024-Q1,18.3,18.3,ok,,
trade_uvi.year-on-year-inflation-export-mineral-fuels-and-oils.q,quarterly,Year-on-year inflation (%),Export,Mineral Fuels and Oils,2024-Q2,42.8,42.8,ok,,
trade_uvi.year-on-year-inflation-export-mineral-fuels-and-oils.q,quarterly,Year-on-year inflation (%),Export,Mineral Fuels and Oils,2024-Q3,29.7,29.7,ok,,
trade_uvi.year-on-year-inflation-export-mineral-fuels-and-oils.q,quarterly,Year-on-year inflation (%),Export,Mineral Fuels and Oils,2024-Q4,25.2,25.2,ok,,
trade_uvi.year-on-year-inflation-export-mineral-fuels-and-oils.q,quarterly,Year-on-year inflation (%),Export,Mineral Fuels and Oils,2025-Q1,18.7,18.7,ok,,
trade_uvi.year-on-year-inflation-export-mineral-fuels-and-oils.q,quarterly,Year-on-year inflation (%),Export,Mineral Fuels and Oils,2025-Q2,-29.4,-29.4,ok,,
trade_uvi.year-on-year-inflation-export-mineral-fuels-and-oils.q,quarterly,Year-on-year inflation (%),Export,Mineral Fuels and Oils,2025-Q3,-32.2,-32.2,ok,,
trade_uvi.year-on-year-inflation-export-mineral-fuels-and-oils.q,quarterly,Year-on-year inflation (%),Export,Mineral Fuels and Oils,2025-Q4,-35.9,-35.9,ok,,
trade_uvi.year-on-year-inflation-export-mineral-fuels-and-oils.q,quarterly,Year-on-year inflation (%),Export,Mineral Fuels and Oils,2026-Q1,-38.5,-38.5,ok,,
trade_uvi.year-on-year-inflation-import-all-products.q,quarterly,Year-on-year inflation (%),Import,All Products,2022-Q1,29.2,29.2,ok,,
trade_uvi.year-on-year-inflation-import-all-products.q,quarterly,Year-on-year inflation (%),Import,All Products,2022-Q2,41.4,41.4,ok,,
trade_uvi.year-on-year-inflation-import-all-products.q,quarterly,Year-on-year inflation (%),Import,All Products,2022-Q3,57.4,57.4,ok,,
trade_uvi.year-on-year-inflation-import-all-products.q,quarterly,Year-on-year inflation (%),Import,All Products,2022-Q4,99,99,ok,,
trade_uvi.year-on-year-inflation-import-all-products.q,quarterly,Year-on-year inflation (%),Import,All Products,2023-Q1,53.4,53.4,ok,,
trade_uvi.year-on-year-inflation-import-all-products.q,quarterly,Year-on-year inflation (%),Import,All Products,2023-Q2,35.6,35.6,ok,,
trade_uvi.year-on-year-inflation-import-all-products.q,quarterly,Year-on-year inflation (%),Import,All Products,2023-Q3,17.6,17.6,ok,,
trade_uvi.year-on-year-inflation-import-all-products.q,quarterly,Year-on-year inflation (%),Import,All Products,2023-Q4,-5.7,-5.7,ok,,
trade_uvi.year-on-year-inflation-import-all-products.q,quarterly,Year-on-year inflation (%),Import,All Products,2024-Q1,11.5,11.5,ok,,
trade_uvi.year-on-year-inflation-import-all-products.q,quarterly,Year-on-year inflation (%),Import,All Products,2024-Q2,18.9,18.9,ok,,
trade_uvi.year-on-year-inflation-import-all-products.q,quarterly,Year-on-year inflation (%),Import,All Products,2024-Q3,26.3,26.3,ok,,
trade_uvi.year-on-year-inflation-import-all-products.q,quarterly,Year-on-year inflation (%),Import,All Products,2024-Q4,20.2,20.2,ok,,
trade_uvi.year-on-year-inflation-import-all-products.q,quarterly,Year-on-year inflation (%),Import,All Products,2025-Q1,15.5,15.5,ok,,
trade_uvi.year-on-year-inflation-import-all-products.q,quarterly,Year-on-year inflation (%),Import,All Products,2025-Q2,-13,-13,ok,,
trade_uvi.year-on-year-inflation-import-all-products.q,quarterly,Year-on-year inflation (%),Import,All Products,2025-Q3,-24.6,-24.6,ok,,
trade_uvi.year-on-year-inflation-import-all-products.q,quarterly,Year-on-year inflation (%),Import,All Products,2025-Q4,-24.9,-24.9,ok,,
trade_uvi.year-on-year-inflation-import-all-products.q,quarterly,Year-on-year inflation (%),Import,All Products,2026-Q1,-26.6,-26.6,ok,,
trade_uvi.year-on-year-inflation-import-mineral-fuels-and-oils.q,quarterly,Year-on-year inflation (%),Import,Mineral Fuels and Oils,2022-Q1,67.1,67.1,ok,,
trade_uvi.year-on-year-inflation-import-mineral-fuels-and-oils.q,quarterly,Year-on-year inflation (%),Import,Mineral Fuels and Oils,2022-Q2,66.2,66.2,ok,,
trade_uvi.year-on-year-inflation-import-mineral-fuels-and-oils.q,quarterly,Year-on-year inflation (%),Import,Mineral Fuels and Oils,2022-Q3,112.6,112.6,ok,,
trade_uvi.year-on-year-inflation-import-mineral-fuels-and-oils.q,quarterly,Year-on-year inflation (%),Import,Mineral Fuels and Oils,2022-Q4,134,134,ok,,
trade_uvi.year-on-year-inflation-import-mineral-fuels-and-oils.q,quarterly,Year-on-year inflation (%),Import,Mineral Fuels and Oils,2023-Q1,52.4,52.4,ok,,
trade_uvi.year-on-year-inflation-import-mineral-fuels-and-oils.q,quarterly,Year-on-year inflation (%),Import,Mineral Fuels and Oils,2023-Q2,34.9,34.9,ok,,
trade_uvi.year-on-year-inflation-import-mineral-fuels-and-oils.q,quarterly,Year-on-year inflation (%),Import,Mineral Fuels and Oils,2023-Q3,2.2,2.2,ok,,
trade_uvi.year-on-year-inflation-import-mineral-fuels-and-oils.q,quarterly,Year-on-year inflation (%),Import,Mineral Fuels and Oils,2023-Q4,-3.3,-3.3,ok,,
trade_uvi.year-on-year-inflation-import-mineral-fuels-and-oils.q,quarterly,Year-on-year inflation (%),Import,Mineral Fuels and Oils,2024-Q1,14.3,14.3,ok,,
trade_uvi.year-on-year-inflation-import-mineral-fuels-and-oils.q,quarterly,Year-on-year inflation (%),Import,Mineral Fuels and Oils,2024-Q2,15.8,15.8,ok,,
trade_uvi.year-on-year-inflation-import-mineral-fuels-and-oils.q,quarterly,Year-on-year inflation (%),Import,Mineral Fuels and Oils,2024-Q3,12.7,12.7,ok,,
trade_uvi.year-on-year-inflation-import-mineral-fuels-and-oils.q,quarterly,Year-on-year inflation (%),Import,Mineral Fuels and Oils,2024-Q4,3.7,3.7,ok,,
trade_uvi.year-on-year-inflation-import-mineral-fuels-and-oils.q,quarterly,Year-on-year inflation (%),Import,Mineral Fuels and Oils,2025-Q1,7,7,ok,,
trade_uvi.year-on-year-inflation-import-mineral-fuels-and-oils.q,quarterly,Year-on-year inflation (%),Import,Mineral Fuels and Oils,2025-Q2,-17.6,-17.6,ok,,
trade_uvi.year-on-year-inflation-import-mineral-fuels-and-oils.q,quarterly,Year-on-year inflation (%),Import,Mineral Fuels and Oils,2025-Q3,-25,-25,ok,,
trade_uvi.year-on-year-inflation-import-mineral-fuels-and-oils.q,quarterly,Year-on-year inflation (%),Import,Mineral Fuels and Oils,2025-Q4,-24.1,-24.1,ok,,
trade_uvi.year-on-year-inflation-import-mineral-fuels-and-oils.q,quarterly,Year-on-year inflation (%),Import,Mineral Fuels and Oils,2026-Q1,-28.4,-28.4,ok,,
trade_uvi.year-on-year-inflation-import-machinery-and-electrical-equipment.q,quarterly,Year-on-year inflation (%),Import,Machinery and Electrical Equipment,2022-Q1,8.6,8.6,ok,,
trade_uvi.year-on-year-inflation-import-machinery-and-electrical-equipment.q,quarterly,Year-on-year inflation (%),Import,Machinery and Electrical Equipment,2022-Q2,25,25,ok,,
trade_uvi.year-on-year-inflation-import-machinery-and-electrical-equipment.q,quarterly,Year-on-year inflation (%),Import,Machinery and Electrical Equipment,2022-Q3,34.4,34.4,ok,,
trade_uvi.year-on-year-inflation-import-machinery-and-electrical-equipment.q,quarterly,Year-on-year inflation (%),Import,Machinery and Electrical Equipment,2022-Q4,77.9,77.9,ok,,
trade_uvi.year-on-year-inflation-import-machinery-and-electrical-equipment.q,quarterly,Year-on-year inflation (%),Import,Machinery and Electrical Equipment,2023-Q1,55.7,55.7,ok,,
trade_uvi.year-on-year-inflation-import-machinery-and-electrical-equipment.q,quarterly,Year-on-year inflation (%),Import,Machinery and Electrical Equipment,2023-Q2,44,44,ok,,
trade_uvi.year-on-year-inflation-import-machinery-and-electrical-equipment.q,quarterly,Year-on-year inflation (%),Import,Machinery and Electrical Equipment,2023-Q3,31.8,31.8,ok,,
trade_uvi.year-on-year-inflation-import-machinery-and-electrical-equipment.q,quarterly,Year-on-year inflation (%),Import,Machinery and Electrical Equipment,2023-Q4,3.6,3.6,ok,,
trade_uvi.year-on-year-inflation-import-machinery-and-electrical-equipment.q,quarterly,Year-on-year inflation (%),Import,Machinery and Electrical Equipment,2024-Q1,19.4,19.4,ok,,
trade_uvi.year-on-year-inflation-import-machinery-and-electrical-equipment.q,quarterly,Year-on-year inflation (%),Import,Machinery and Electrical Equipment,2024-Q2,24.4,24.4,ok,,
trade_uvi.year-on-year-inflation-import-machinery-and-electrical-equipment.q,quarterly,Year-on-year inflation (%),Import,Machinery and Electrical Equipment,2024-Q3,32.6,32.6,ok,,
trade_uvi.year-on-year-inflation-import-machinery-and-electrical-equipment.q,quarterly,Year-on-year inflation (%),Import,Machinery and Electrical Equipment,2024-Q4,28.4,28.4,ok,,
trade_uvi.year-on-year-inflation-import-machinery-and-electrical-equipment.q,quarterly,Year-on-year inflation (%),Import,Machinery and Electrical Equipment,2025-Q1,16.8,16.8,ok,,
trade_uvi.year-on-year-inflation-import-machinery-and-electrical-equipment.q,quarterly,Year-on-year inflation (%),Import,Machinery and Electrical Equipment,2025-Q2,-6.9,-6.9,ok,,
trade_uvi.year-on-year-inflation-import-machinery-and-electrical-equipment.q,quarterly,Year-on-year inflation (%),Import,Machinery and Electrical Equipment,2025-Q3,-19.2,-19.2,ok,,
trade_uvi.year-on-year-inflation-import-machinery-and-electrical-equipment.q,quarterly,Year-on-year inflation (%),Import,Machinery and Electrical Equipment,2025-Q4,-20.1,-20.1,ok,,
trade_uvi.year-on-year-inflation-import-machinery-and-electrical-equipment.q,quarterly,Year-on-year inflation (%),Import,Machinery and Electrical Equipment,2026-Q1,-17.3,-17.3,ok,,
trade_uvi.year-on-year-inflation-import-chemical-products.q,quarterly,Year-on-year inflation (%),Import,Chemical Products,2022-Q1,32.7,32.7,ok,,
trade_uvi.year-on-year-inflation-import-chemical-products.q,quarterly,Year-on-year inflation (%),Import,Chemical Products,2022-Q2,44.9,44.9,ok,,
trade_uvi.year-on-year-inflation-import-chemical-products.q,quarterly,Year-on-year inflation (%),Import,Chemical Products,2022-Q3,50.2,50.2,ok,,
trade_uvi.year-on-year-inflation-import-chemical-products.q,quarterly,Year-on-year inflation (%),Import,Chemical Products,2022-Q4,99.5,99.5,ok,,
trade_uvi.year-on-year-inflation-import-chemical-products.q,quarterly,Year-on-year inflation (%),Import,Chemical Products,2023-Q1,49.6,49.6,ok,,
trade_uvi.year-on-year-inflation-import-chemical-products.q,quarterly,Year-on-year inflation (%),Import,Chemical Products,2023-Q2,29.2,29.2,ok,,
trade_uvi.year-on-year-inflation-import-chemical-products.q,quarterly,Year-on-year inflation (%),Import,Chemical Products,2023-Q3,18.2,18.2,ok,,
trade_uvi.year-on-year-inflation-import-chemical-products.q,quarterly,Year-on-year inflation (%),Import,Chemical Products,2023-Q4,-13.2,-13.2,ok,,
trade_uvi.year-on-year-inflation-import-chemical-products.q,quarterly,Year-on-year inflation (%),Import,Chemical Products,2024-Q1,3.2,3.2,ok,,
trade_uvi.year-on-year-inflation-import-chemical-products.q,quarterly,Year-on-year inflation (%),Import,Chemical Products,2024-Q2,15.4,15.4,ok,,
trade_uvi.year-on-year-inflation-import-chemical-products.q,quarterly,Year-on-year inflation (%),Import,Chemical Products,2024-Q3,30,30,ok,,
trade_uvi.year-on-year-inflation-import-chemical-products.q,quarterly,Year-on-year inflation (%),Import,Chemical Products,2024-Q4,27,27,ok,,
trade_uvi.year-on-year-inflation-import-chemical-products.q,quarterly,Year-on-year inflation (%),Import,Chemical Products,2025-Q1,19.6,19.6,ok,,
trade_uvi.year-on-year-inflation-import-chemical-products.q,quarterly,Year-on-year inflation (%),Import,Chemical Products,2025-Q2,-9.3,-9.3,ok,,
trade_uvi.year-on-year-inflation-import-chemical-products.q,quarterly,Year-on-year inflation (%),Import,Chemical Products,2025-Q3,-26.5,-26.5,ok,,
trade_uvi.year-on-year-inflation-import-chemical-products.q,quarterly,Year-on-year inflation (%),Import,Chemical Products,2025-Q4,-27.6,-27.6,ok,,
trade_uvi.year-on-year-inflation-import-chemical-products.q,quarterly,Year-on-year inflation (%),Import,Chemical Products,2026-Q1,-29.4,-29.4,ok,,
trade_uvi.year-on-year-inflation-import-vehicles-and-automotive-parts.q,quarterly,Year-on-year inflation (%),Import,Vehicles and Automotive Parts,2022-Q1,14.6,14.6,ok,,
trade_uvi.year-on-year-inflation-import-vehicles-and-automotive-parts.q,quarterly,Year-on-year inflation (%),Import,Vehicles and Automotive Parts,2022-Q2,32.3,32.3,ok,,
trade_uvi.year-on-year-inflation-import-vehicles-and-automotive-parts.q,quarterly,Year-on-year inflation (%),Import,Vehicles and Automotive Parts,2022-Q3,44.4,44.4,ok,,
trade_uvi.year-on-year-inflation-import-vehicles-and-automotive-parts.q,quarterly,Year-on-year inflation (%),Import,Vehicles and Automotive Parts,2022-Q4,103.5,103.5,ok,,
trade_uvi.year-on-year-inflation-import-vehicles-and-automotive-parts.q,quarterly,Year-on-year inflation (%),Import,Vehicles and Automotive Parts,2023-Q1,78.2,78.2,ok,,
trade_uvi.year-on-year-inflation-import-vehicles-and-automotive-parts.q,quarterly,Year-on-year inflation (%),Import,Vehicles and Automotive Parts,2023-Q2,56.1,56.1,ok,,
trade_uvi.year-on-year-inflation-import-vehicles-and-automotive-parts.q,quarterly,Year-on-year inflation (%),Import,Vehicles and Automotive Parts,2023-Q3,40.2,40.2,ok,,
trade_uvi.year-on-year-inflation-import-vehicles-and-automotive-parts.q,quarterly,Year-on-year inflation (%),Import,Vehicles and Automotive Parts,2023-Q4,2.7,2.7,ok,,
trade_uvi.year-on-year-inflation-import-vehicles-and-automotive-parts.q,quarterly,Year-on-year inflation (%),Import,Vehicles and Automotive Parts,2024-Q1,10.3,10.3,ok,,
trade_uvi.year-on-year-inflation-import-vehicles-and-automotive-parts.q,quarterly,Year-on-year inflation (%),Import,Vehicles and Automotive Parts,2024-Q2,20.5,20.5,ok,,
trade_uvi.year-on-year-inflation-import-vehicles-and-automotive-parts.q,quarterly,Year-on-year inflation (%),Import,Vehicles and Automotive Parts,2024-Q3,33.6,33.6,ok,,
trade_uvi.year-on-year-inflation-import-vehicles-and-automotive-parts.q,quarterly,Year-on-year inflation (%),Import,Vehicles and Automotive Parts,2024-Q4,32.7,32.7,ok,,
trade_uvi.year-on-year-inflation-import-vehicles-and-automotive-parts.q,quarterly,Year-on-year inflation (%),Import,Vehicles and Automotive Parts,2025-Q1,22.8,22.8,ok,,
trade_uvi.year-on-year-inflation-import-vehicles-and-automotive-parts.q,quarterly,Year-on-year inflation (%),Import,Vehicles and Automotive Parts,2025-Q2,-8.6,-8.6,ok,,
trade_uvi.year-on-year-inflation-import-vehicles-and-automotive-parts.q,quarterly,Year-on-year inflation (%),Import,Vehicles and Automotive Parts,2025-Q3,-20.6,-20.6,ok,,
trade_uvi.year-on-year-inflation-import-vehicles-and-automotive-parts.q,quarterly,Year-on-year inflation (%),Import,Vehicles and Automotive Parts,2025-Q4,-23.6,-23.6,ok,,
trade_uvi.year-on-year-inflation-import-vehicles-and-automotive-parts.q,quarterly,Year-on-year inflation (%),Import,Vehicles and Automotive Parts,2026-Q1,-23.6,-23.6,ok,,
trade_uvi.year-on-year-inflation-import-other-products.q,quarterly,Year-on-year inflation (%),Import,Other Products,2022-Q1,20.2,20.2,ok,,
trade_uvi.year-on-year-inflation-import-other-products.q,quarterly,Year-on-year inflation (%),Import,Other Products,2022-Q2,35.5,35.5,ok,,
trade_uvi.year-on-year-inflation-import-other-products.q,quarterly,Year-on-year inflation (%),Import,Other Products,2022-Q3,43.4,43.4,ok,,
trade_uvi.year-on-year-inflation-import-other-products.q,quarterly,Year-on-year inflation (%),Import,Other Products,2022-Q4,97.4,97.4,ok,,
trade_uvi.year-on-year-inflation-import-other-products.q,quarterly,Year-on-year inflation (%),Import,Other Products,2023-Q1,65.9,65.9,ok,,
trade_uvi.year-on-year-inflation-import-other-products.q,quarterly,Year-on-year inflation (%),Import,Other Products,2023-Q2,44.3,44.3,ok,,
trade_uvi.year-on-year-inflation-import-other-products.q,quarterly,Year-on-year inflation (%),Import,Other Products,2023-Q3,28.9,28.9,ok,,
trade_uvi.year-on-year-inflation-import-other-products.q,quarterly,Year-on-year inflation (%),Import,Other Products,2023-Q4,-4.8,-4.8,ok,,
trade_uvi.year-on-year-inflation-import-other-products.q,quarterly,Year-on-year inflation (%),Import,Other Products,2024-Q1,9.7,9.7,ok,,
trade_uvi.year-on-year-inflation-import-other-products.q,quarterly,Year-on-year inflation (%),Import,Other Products,2024-Q2,19.6,19.6,ok,,
trade_uvi.year-on-year-inflation-import-other-products.q,quarterly,Year-on-year inflation (%),Import,Other Products,2024-Q3,32,32,ok,,
trade_uvi.year-on-year-inflation-import-other-products.q,quarterly,Year-on-year inflation (%),Import,Other Products,2024-Q4,28.5,28.5,ok,,
trade_uvi.year-on-year-inflation-import-other-products.q,quarterly,Year-on-year inflation (%),Import,Other Products,2025-Q1,19.3,19.3,ok,,
trade_uvi.year-on-year-inflation-import-other-products.q,quarterly,Year-on-year inflation (%),Import,Other Products,2025-Q2,-8.7,-8.7,ok,,
trade_uvi.year-on-year-inflation-import-other-products.q,quarterly,Year-on-year inflation (%),Import,Other Products,2025-Q3,-22.6,-22.6,ok,,
trade_uvi.year-on-year-inflation-import-other-products.q,quarterly,Year-on-year inflation (%),Import,Other Products,2025-Q4,-24.2,-24.2,ok,,
trade_uvi.year-on-year-inflation-import-other-products.q,quarterly,Year-on-year inflation (%),Import,Other Products,2026-Q1,-24.6,-24.6,ok,,
trade_uvi.quarter-on-quarter-inflation-export-all-products.q,quarterly,Quarter-on-quarter inflation (%),Export,All Products,2021-Q2,3.7,3.7,ok,,
trade_uvi.quarter-on-quarter-inflation-export-all-products.q,quarterly,Quarter-on-quarter inflation (%),Export,All Products,2021-Q3,1.4,1.4,ok,,
trade_uvi.quarter-on-quarter-inflation-export-all-products.q,quarterly,Quarter-on-quarter inflation (%),Export,All Products,2021-Q4,6,6,ok,,
trade_uvi.quarter-on-quarter-inflation-export-all-products.q,quarterly,Quarter-on-quarter inflation (%),Export,All Products,2022-Q1,15.5,15.5,ok,,
trade_uvi.quarter-on-quarter-inflation-export-all-products.q,quarterly,Quarter-on-quarter inflation (%),Export,All Products,2022-Q2,15.2,15.2,ok,,
trade_uvi.quarter-on-quarter-inflation-export-all-products.q,quarterly,Quarter-on-quarter inflation (%),Export,All Products,2022-Q3,4.3,4.3,ok,,
trade_uvi.quarter-on-quarter-inflation-export-all-products.q,quarterly,Quarter-on-quarter inflation (%),Export,All Products,2022-Q4,36,36,ok,,
trade_uvi.quarter-on-quarter-inflation-export-all-products.q,quarterly,Quarter-on-quarter inflation (%),Export,All Products,2023-Q1,-6.9,-6.9,ok,,
trade_uvi.quarter-on-quarter-inflation-export-all-products.q,quarterly,Quarter-on-quarter inflation (%),Export,All Products,2023-Q2,3.8,3.8,ok,,
trade_uvi.quarter-on-quarter-inflation-export-all-products.q,quarterly,Quarter-on-quarter inflation (%),Export,All Products,2023-Q3,3.7,3.7,ok,,
trade_uvi.quarter-on-quarter-inflation-export-all-products.q,quarterly,Quarter-on-quarter inflation (%),Export,All Products,2023-Q4,3.7,3.7,ok,,
trade_uvi.quarter-on-quarter-inflation-export-all-products.q,quarterly,Quarter-on-quarter inflation (%),Export,All Products,2024-Q1,7.8,7.8,ok,,
trade_uvi.quarter-on-quarter-inflation-export-all-products.q,quarterly,Quarter-on-quarter inflation (%),Export,All Products,2024-Q2,21.1,21.1,ok,,
trade_uvi.quarter-on-quarter-inflation-export-all-products.q,quarterly,Quarter-on-quarter inflation (%),Export,All Products,2024-Q3,13.3,13.3,ok,,
trade_uvi.quarter-on-quarter-inflation-export-all-products.q,quarterly,Quarter-on-quarter inflation (%),Export,All Products,2024-Q4,10.8,10.8,ok,,
trade_uvi.quarter-on-quarter-inflation-export-all-products.q,quarterly,Quarter-on-quarter inflation (%),Export,All Products,2025-Q1,4.2,4.2,ok,,
trade_uvi.quarter-on-quarter-inflation-export-all-products.q,quarterly,Quarter-on-quarter inflation (%),Export,All Products,2025-Q2,-4.2,-4.2,ok,,
trade_uvi.quarter-on-quarter-inflation-export-all-products.q,quarterly,Quarter-on-quarter inflation (%),Export,All Products,2025-Q3,-18,-18,ok,,
trade_uvi.quarter-on-quarter-inflation-export-all-products.q,quarterly,Quarter-on-quarter inflation (%),Export,All Products,2025-Q4,23.2,23.2,ok,,
trade_uvi.quarter-on-quarter-inflation-export-all-products.q,quarterly,Quarter-on-quarter inflation (%),Export,All Products,2026-Q1,8.5,8.5,ok,,
trade_uvi.quarter-on-quarter-inflation-export-gold.q,quarterly,Quarter-on-quarter inflation (%),Export,Gold,2021-Q2,-0.3,-0.3,ok,,
trade_uvi.quarter-on-quarter-inflation-export-gold.q,quarterly,Quarter-on-quarter inflation (%),Export,Gold,2021-Q3,-2.2,-2.2,ok,,
trade_uvi.quarter-on-quarter-inflation-export-gold.q,quarterly,Quarter-on-quarter inflation (%),Export,Gold,2021-Q4,1.8,1.8,ok,,
trade_uvi.quarter-on-quarter-inflation-export-gold.q,quarterly,Quarter-on-quarter inflation (%),Export,Gold,2022-Q1,9.7,9.7,ok,,
trade_uvi.quarter-on-quarter-inflation-export-gold.q,quarterly,Quarter-on-quarter inflation (%),Export,Gold,2022-Q2,13.2,13.2,ok,,
trade_uvi.quarter-on-quarter-inflation-export-gold.q,quarterly,Quarter-on-quarter inflation (%),Export,Gold,2022-Q3,4.9,4.9,ok,,
trade_uvi.quarter-on-quarter-inflation-export-gold.q,quarterly,Quarter-on-quarter inflation (%),Export,Gold,2022-Q4,49.3,49.3,ok,,
trade_uvi.quarter-on-quarter-inflation-export-gold.q,quarterly,Quarter-on-quarter inflation (%),Export,Gold,2023-Q1,-6.9,-6.9,ok,,
trade_uvi.quarter-on-quarter-inflation-export-gold.q,quarterly,Quarter-on-quarter inflation (%),Export,Gold,2023-Q2,9.5,9.5,ok,,
trade_uvi.quarter-on-quarter-inflation-export-gold.q,quarterly,Quarter-on-quarter inflation (%),Export,Gold,2023-Q3,0.5,0.5,ok,,
trade_uvi.quarter-on-quarter-inflation-export-gold.q,quarterly,Quarter-on-quarter inflation (%),Export,Gold,2023-Q4,5.9,5.9,ok,,
trade_uvi.quarter-on-quarter-inflation-export-gold.q,quarterly,Quarter-on-quarter inflation (%),Export,Gold,2024-Q1,9.1,9.1,ok,,
trade_uvi.quarter-on-quarter-inflation-export-gold.q,quarterly,Quarter-on-quarter inflation (%),Export,Gold,2024-Q2,28.6,28.6,ok,,
trade_uvi.quarter-on-quarter-inflation-export-gold.q,quarterly,Quarter-on-quarter inflation (%),Export,Gold,2024-Q3,17,17,ok,,
trade_uvi.quarter-on-quarter-inflation-export-gold.q,quarterly,Quarter-on-quarter inflation (%),Export,Gold,2024-Q4,13.5,13.5,ok,,
trade_uvi.quarter-on-quarter-inflation-export-gold.q,quarterly,Quarter-on-quarter inflation (%),Export,Gold,2025-Q1,3.3,3.3,ok,,
trade_uvi.quarter-on-quarter-inflation-export-gold.q,quarterly,Quarter-on-quarter inflation (%),Export,Gold,2025-Q2,3.7,3.7,ok,,
trade_uvi.quarter-on-quarter-inflation-export-gold.q,quarterly,Quarter-on-quarter inflation (%),Export,Gold,2025-Q3,-20.5,-20.5,ok,,
trade_uvi.quarter-on-quarter-inflation-export-gold.q,quarterly,Quarter-on-quarter inflation (%),Export,Gold,2025-Q4,31.6,31.6,ok,,
trade_uvi.quarter-on-quarter-inflation-export-gold.q,quarterly,Quarter-on-quarter inflation (%),Export,Gold,2026-Q1,15.1,15.1,ok,,
trade_uvi.quarter-on-quarter-inflation-export-mineral-fuels-and-oils.q,quarterly,Quarter-on-quarter inflation (%),Export,Mineral Fuels and Oils,2021-Q2,14.6,14.6,ok,,
trade_uvi.quarter-on-quarter-inflation-export-mineral-fuels-and-oils.q,quarterly,Quarter-on-quarter inflation (%),Export,Mineral Fuels and Oils,2021-Q3,8.9,8.9,ok,,
trade_uvi.quarter-on-quarter-inflation-export-mineral-fuels-and-oils.q,quarterly,Quarter-on-quarter inflation (%),Export,Mineral Fuels and Oils,2021-Q4,13.2,13.2,ok,,
trade_uvi.quarter-on-quarter-inflation-export-mineral-fuels-and-oils.q,quarterly,Quarter-on-quarter inflation (%),Export,Mineral Fuels and Oils,2022-Q1,33.8,33.8,ok,,
trade_uvi.quarter-on-quarter-inflation-export-mineral-fuels-and-oils.q,quarterly,Quarter-on-quarter inflation (%),Export,Mineral Fuels and Oils,2022-Q2,21.8,21.8,ok,,
trade_uvi.quarter-on-quarter-inflation-export-mineral-fuels-and-oils.q,quarterly,Quarter-on-quarter inflation (%),Export,Mineral Fuels and Oils,2022-Q3,1.3,1.3,ok,,
trade_uvi.quarter-on-quarter-inflation-export-mineral-fuels-and-oils.q,quarterly,Quarter-on-quarter inflation (%),Export,Mineral Fuels and Oils,2022-Q4,11.4,11.4,ok,,
trade_uvi.quarter-on-quarter-inflation-export-mineral-fuels-and-oils.q,quarterly,Quarter-on-quarter inflation (%),Export,Mineral Fuels and Oils,2023-Q1,-0.7,-0.7,ok,,
trade_uvi.quarter-on-quarter-inflation-export-mineral-fuels-and-oils.q,quarterly,Quarter-on-quarter inflation (%),Export,Mineral Fuels and Oils,2023-Q2,-5,-5,ok,,
trade_uvi.quarter-on-quarter-inflation-export-mineral-fuels-and-oils.q,quarterly,Quarter-on-quarter inflation (%),Export,Mineral Fuels and Oils,2023-Q3,14.5,14.5,ok,,
trade_uvi.quarter-on-quarter-inflation-export-mineral-fuels-and-oils.q,quarterly,Quarter-on-quarter inflation (%),Export,Mineral Fuels and Oils,2023-Q4,-0.6,-0.6,ok,,
trade_uvi.quarter-on-quarter-inflation-export-mineral-fuels-and-oils.q,quarterly,Quarter-on-quarter inflation (%),Export,Mineral Fuels and Oils,2024-Q1,9.4,9.4,ok,,
trade_uvi.quarter-on-quarter-inflation-export-mineral-fuels-and-oils.q,quarterly,Quarter-on-quarter inflation (%),Export,Mineral Fuels and Oils,2024-Q2,14.7,14.7,ok,,
trade_uvi.quarter-on-quarter-inflation-export-mineral-fuels-and-oils.q,quarterly,Quarter-on-quarter inflation (%),Export,Mineral Fuels and Oils,2024-Q3,4.1,4.1,ok,,
trade_uvi.quarter-on-quarter-inflation-export-mineral-fuels-and-oils.q,quarterly,Quarter-on-quarter inflation (%),Export,Mineral Fuels and Oils,2024-Q4,-4.1,-4.1,ok,,
trade_uvi.quarter-on-quarter-inflation-export-mineral-fuels-and-oils.q,quarterly,Quarter-on-quarter inflation (%),Export,Mineral Fuels and Oils,2025-Q1,3.7,3.7,ok,,
trade_uvi.quarter-on-quarter-inflation-export-mineral-fuels-and-oils.q,quarterly,Quarter-on-quarter inflation (%),Export,Mineral Fuels and Oils,2025-Q2,-31.8,-31.8,ok,,
trade_uvi.quarter-on-quarter-inflation-export-mineral-fuels-and-oils.q,quarterly,Quarter-on-quarter inflation (%),Export,Mineral Fuels and Oils,2025-Q3,0,0,ok,,
trade_uvi.quarter-on-quarter-inflation-export-mineral-fuels-and-oils.q,quarterly,Quarter-on-quarter inflation (%),Export,Mineral Fuels and Oils,2025-Q4,-9.3,-9.3,ok,,
trade_uvi.quarter-on-quarter-inflation-export-mineral-fuels-and-oils.q,quarterly,Quarter-on-quarter inflation (%),Export,Mineral Fuels and Oils,2026-Q1,-0.5,-0.5,ok,,
trade_uvi.quarter-on-quarter-inflation-import-all-products.q,quarterly,Quarter-on-quarter inflation (%),Import,All Products,2021-Q2,4.9,4.9,ok,,
trade_uvi.quarter-on-quarter-inflation-import-all-products.q,quarterly,Quarter-on-quarter inflation (%),Import,All Products,2021-Q3,4.7,4.7,ok,,
trade_uvi.quarter-on-quarter-inflation-import-all-products.q,quarterly,Quarter-on-quarter inflation (%),Import,All Products,2021-Q4,4.2,4.2,ok,,
trade_uvi.quarter-on-quarter-inflation-import-all-products.q,quarterly,Quarter-on-quarter inflation (%),Import,All Products,2022-Q1,13,13,ok,,
trade_uvi.quarter-on-quarter-inflation-import-all-products.q,quarterly,Quarter-on-quarter inflation (%),Import,All Products,2022-Q2,14.7,14.7,ok,,
trade_uvi.quarter-on-quarter-inflation-import-all-products.q,quarterly,Quarter-on-quarter inflation (%),Import,All Products,2022-Q3,16.6,16.6,ok,,
trade_uvi.quarter-on-quarter-inflation-import-all-products.q,quarterly,Quarter-on-quarter inflation (%),Import,All Products,2022-Q4,31.6,31.6,ok,,
trade_uvi.quarter-on-quarter-inflation-import-all-products.q,quarterly,Quarter-on-quarter inflation (%),Import,All Products,2023-Q1,-12.8,-12.8,ok,,
trade_uvi.quarter-on-quarter-inflation-import-all-products.q,quarterly,Quarter-on-quarter inflation (%),Import,All Products,2023-Q2,1.4,1.4,ok,,
trade_uvi.quarter-on-quarter-inflation-import-all-products.q,quarterly,Quarter-on-quarter inflation (%),Import,All Products,2023-Q3,1.1,1.1,ok,,
trade_uvi.quarter-on-quarter-inflation-import-all-products.q,quarterly,Quarter-on-quarter inflation (%),Import,All Products,2023-Q4,5.6,5.6,ok,,
trade_uvi.quarter-on-quarter-inflation-import-all-products.q,quarterly,Quarter-on-quarter inflation (%),Import,All Products,2024-Q1,3,3,ok,,
trade_uvi.quarter-on-quarter-inflation-import-all-products.q,quarterly,Quarter-on-quarter inflation (%),Import,All Products,2024-Q2,8.1,8.1,ok,,
trade_uvi.quarter-on-quarter-inflation-import-all-products.q,quarterly,Quarter-on-quarter inflation (%),Import,All Products,2024-Q3,7.4,7.4,ok,,
trade_uvi.quarter-on-quarter-inflation-import-all-products.q,quarterly,Quarter-on-quarter inflation (%),Import,All Products,2024-Q4,0.4,0.4,ok,,
trade_uvi.quarter-on-quarter-inflation-import-all-products.q,quarterly,Quarter-on-quarter inflation (%),Import,All Products,2025-Q1,-1,-1,ok,,
trade_uvi.quarter-on-quarter-inflation-import-all-products.q,quarterly,Quarter-on-quarter inflation (%),Import,All Products,2025-Q2,-18.5,-18.5,ok,,
trade_uvi.quarter-on-quarter-inflation-import-all-products.q,quarterly,Quarter-on-quarter inflation (%),Import,All Products,2025-Q3,-7,-7,ok,,
trade_uvi.quarter-on-quarter-inflation-import-all-products.q,quarterly,Quarter-on-quarter inflation (%),Import,All Products,2025-Q4,0,0,ok,,
trade_uvi.quarter-on-quarter-inflation-import-all-products.q,quarterly,Quarter-on-quarter inflation (%),Import,All Products,2026-Q1,-3.2,-3.2,ok,,
trade_uvi.quarter-on-quarter-inflation-import-mineral-fuels-and-oils.q,quarterly,Quarter-on-quarter inflation (%),Import,Mineral Fuels and Oils,2021-Q2,16.5,16.5,ok,,
trade_uvi.quarter-on-quarter-inflation-import-mineral-fuels-and-oils.q,quarterly,Quarter-on-quarter inflation (%),Import,Mineral Fuels and Oils,2021-Q3,8.9,8.9,ok,,
trade_uvi.quarter-on-quarter-inflation-import-mineral-fuels-and-oils.q,quarterly,Quarter-on-quarter inflation (%),Import,Mineral Fuels and Oils,2021-Q4,3.6,3.6,ok,,
trade_uvi.quarter-on-quarter-inflation-import-mineral-fuels-and-oils.q,quarterly,Quarter-on-quarter inflation (%),Import,Mineral Fuels and Oils,2022-Q1,27.1,27.1,ok,,
trade_uvi.quarter-on-quarter-inflation-import-mineral-fuels-and-oils.q,quarterly,Quarter-on-quarter inflation (%),Import,Mineral Fuels and Oils,2022-Q2,15.9,15.9,ok,,
trade_uvi.quarter-on-quarter-inflation-import-mineral-fuels-and-oils.q,quarterly,Quarter-on-quarter inflation (%),Import,Mineral Fuels and Oils,2022-Q3,39.4,39.4,ok,,
trade_uvi.quarter-on-quarter-inflation-import-mineral-fuels-and-oils.q,quarterly,Quarter-on-quarter inflation (%),Import,Mineral Fuels and Oils,2022-Q4,14,14,ok,,
trade_uvi.quarter-on-quarter-inflation-import-mineral-fuels-and-oils.q,quarterly,Quarter-on-quarter inflation (%),Import,Mineral Fuels and Oils,2023-Q1,-17.2,-17.2,ok,,
trade_uvi.quarter-on-quarter-inflation-import-mineral-fuels-and-oils.q,quarterly,Quarter-on-quarter inflation (%),Import,Mineral Fuels and Oils,2023-Q2,2.6,2.6,ok,,
trade_uvi.quarter-on-quarter-inflation-import-mineral-fuels-and-oils.q,quarterly,Quarter-on-quarter inflation (%),Import,Mineral Fuels and Oils,2023-Q3,5.6,5.6,ok,,
trade_uvi.quarter-on-quarter-inflation-import-mineral-fuels-and-oils.q,quarterly,Quarter-on-quarter inflation (%),Import,Mineral Fuels and Oils,2023-Q4,7.8,7.8,ok,,
trade_uvi.quarter-on-quarter-inflation-import-mineral-fuels-and-oils.q,quarterly,Quarter-on-quarter inflation (%),Import,Mineral Fuels and Oils,2024-Q1,-2.1,-2.1,ok,,
trade_uvi.quarter-on-quarter-inflation-import-mineral-fuels-and-oils.q,quarterly,Quarter-on-quarter inflation (%),Import,Mineral Fuels and Oils,2024-Q2,4,4,ok,,
trade_uvi.quarter-on-quarter-inflation-import-mineral-fuels-and-oils.q,quarterly,Quarter-on-quarter inflation (%),Import,Mineral Fuels and Oils,2024-Q3,2.8,2.8,ok,,
trade_uvi.quarter-on-quarter-inflation-import-mineral-fuels-and-oils.q,quarterly,Quarter-on-quarter inflation (%),Import,Mineral Fuels and Oils,2024-Q4,-0.8,-0.8,ok,,
trade_uvi.quarter-on-quarter-inflation-import-mineral-fuels-and-oils.q,quarterly,Quarter-on-quarter inflation (%),Import,Mineral Fuels and Oils,2025-Q1,1,1,ok,,
trade_uvi.quarter-on-quarter-inflation-import-mineral-fuels-and-oils.q,quarterly,Quarter-on-quarter inflation (%),Import,Mineral Fuels and Oils,2025-Q2,-20,-20,ok,,
trade_uvi.quarter-on-quarter-inflation-import-mineral-fuels-and-oils.q,quarterly,Quarter-on-quarter inflation (%),Import,Mineral Fuels and Oils,2025-Q3,-6.4,-6.4,ok,,
trade_uvi.quarter-on-quarter-inflation-import-mineral-fuels-and-oils.q,quarterly,Quarter-on-quarter inflation (%),Import,Mineral Fuels and Oils,2025-Q4,0.4,0.4,ok,,
trade_uvi.quarter-on-quarter-inflation-import-mineral-fuels-and-oils.q,quarterly,Quarter-on-quarter inflation (%),Import,Mineral Fuels and Oils,2026-Q1,-4.8,-4.8,ok,,
trade_uvi.quarter-on-quarter-inflation-import-machinery-and-electrical-equipment.q,quarterly,Quarter-on-quarter inflation (%),Import,Machinery and Electrical Equipment,2021-Q2,-2.4,-2.4,ok,,
trade_uvi.quarter-on-quarter-inflation-import-machinery-and-electrical-equipment.q,quarterly,Quarter-on-quarter inflation (%),Import,Machinery and Electrical Equipment,2021-Q3,2.7,2.7,ok,,
trade_uvi.quarter-on-quarter-inflation-import-machinery-and-electrical-equipment.q,quarterly,Quarter-on-quarter inflation (%),Import,Machinery and Electrical Equipment,2021-Q4,1.7,1.7,ok,,
trade_uvi.quarter-on-quarter-inflation-import-machinery-and-electrical-equipment.q,quarterly,Quarter-on-quarter inflation (%),Import,Machinery and Electrical Equipment,2022-Q1,6.7,6.7,ok,,
trade_uvi.quarter-on-quarter-inflation-import-machinery-and-electrical-equipment.q,quarterly,Quarter-on-quarter inflation (%),Import,Machinery and Electrical Equipment,2022-Q2,12.3,12.3,ok,,
trade_uvi.quarter-on-quarter-inflation-import-machinery-and-electrical-equipment.q,quarterly,Quarter-on-quarter inflation (%),Import,Machinery and Electrical Equipment,2022-Q3,10.4,10.4,ok,,
trade_uvi.quarter-on-quarter-inflation-import-machinery-and-electrical-equipment.q,quarterly,Quarter-on-quarter inflation (%),Import,Machinery and Electrical Equipment,2022-Q4,34.6,34.6,ok,,
trade_uvi.quarter-on-quarter-inflation-import-machinery-and-electrical-equipment.q,quarterly,Quarter-on-quarter inflation (%),Import,Machinery and Electrical Equipment,2023-Q1,-6.7,-6.7,ok,,
trade_uvi.quarter-on-quarter-inflation-import-machinery-and-electrical-equipment.q,quarterly,Quarter-on-quarter inflation (%),Import,Machinery and Electrical Equipment,2023-Q2,3.8,3.8,ok,,
trade_uvi.quarter-on-quarter-inflation-import-machinery-and-electrical-equipment.q,quarterly,Quarter-on-quarter inflation (%),Import,Machinery and Electrical Equipment,2023-Q3,1.1,1.1,ok,,
trade_uvi.quarter-on-quarter-inflation-import-machinery-and-electrical-equipment.q,quarterly,Quarter-on-quarter inflation (%),Import,Machinery and Electrical Equipment,2023-Q4,5.8,5.8,ok,,
trade_uvi.quarter-on-quarter-inflation-import-machinery-and-electrical-equipment.q,quarterly,Quarter-on-quarter inflation (%),Import,Machinery and Electrical Equipment,2024-Q1,7.6,7.6,ok,,
trade_uvi.quarter-on-quarter-inflation-import-machinery-and-electrical-equipment.q,quarterly,Quarter-on-quarter inflation (%),Import,Machinery and Electrical Equipment,2024-Q2,8.2,8.2,ok,,
trade_uvi.quarter-on-quarter-inflation-import-machinery-and-electrical-equipment.q,quarterly,Quarter-on-quarter inflation (%),Import,Machinery and Electrical Equipment,2024-Q3,7.7,7.7,ok,,
trade_uvi.quarter-on-quarter-inflation-import-machinery-and-electrical-equipment.q,quarterly,Quarter-on-quarter inflation (%),Import,Machinery and Electrical Equipment,2024-Q4,2.4,2.4,ok,,
trade_uvi.quarter-on-quarter-inflation-import-machinery-and-electrical-equipment.q,quarterly,Quarter-on-quarter inflation (%),Import,Machinery and Electrical Equipment,2025-Q1,-2.2,-2.2,ok,,
trade_uvi.quarter-on-quarter-inflation-import-machinery-and-electrical-equipment.q,quarterly,Quarter-on-quarter inflation (%),Import,Machinery and Electrical Equipment,2025-Q2,-13.8,-13.8,ok,,
trade_uvi.quarter-on-quarter-inflation-import-machinery-and-electrical-equipment.q,quarterly,Quarter-on-quarter inflation (%),Import,Machinery and Electrical Equipment,2025-Q3,-6.4,-6.4,ok,,
trade_uvi.quarter-on-quarter-inflation-import-machinery-and-electrical-equipment.q,quarterly,Quarter-on-quarter inflation (%),Import,Machinery and Electrical Equipment,2025-Q4,1.2,1.2,ok,,
trade_uvi.quarter-on-quarter-inflation-import-machinery-and-electrical-equipment.q,quarterly,Quarter-on-quarter inflation (%),Import,Machinery and Electrical Equipment,2026-Q1,1.3,1.3,ok,,
trade_uvi.quarter-on-quarter-inflation-import-chemical-products.q,quarterly,Quarter-on-quarter inflation (%),Import,Chemical Products,2021-Q2,2.1,2.1,ok,,
trade_uvi.quarter-on-quarter-inflation-import-chemical-products.q,quarterly,Quarter-on-quarter inflation (%),Import,Chemical Products,2021-Q3,3.7,3.7,ok,,
trade_uvi.quarter-on-quarter-inflation-import-chemical-products.q,quarterly,Quarter-on-quarter inflation (%),Import,Chemical Products,2021-Q4,6.2,6.2,ok,,
trade_uvi.quarter-on-quarter-inflation-import-chemical-products.q,quarterly,Quarter-on-quarter inflation (%),Import,Chemical Products,2022-Q1,18,18,ok,,
trade_uvi.quarter-on-quarter-inflation-import-chemical-products.q,quarterly,Quarter-on-quarter inflation (%),Import,Chemical Products,2022-Q2,11.5,11.5,ok,,
trade_uvi.quarter-on-quarter-inflation-import-chemical-products.q,quarterly,Quarter-on-quarter inflation (%),Import,Chemical Products,2022-Q3,7.4,7.4,ok,,
trade_uvi.quarter-on-quarter-inflation-import-chemical-products.q,quarterly,Quarter-on-quarter inflation (%),Import,Chemical Products,2022-Q4,41.1,41.1,ok,,
trade_uvi.quarter-on-quarter-inflation-import-chemical-products.q,quarterly,Quarter-on-quarter inflation (%),Import,Chemical Products,2023-Q1,-11.5,-11.5,ok,,
trade_uvi.quarter-on-quarter-inflation-import-chemical-products.q,quarterly,Quarter-on-quarter inflation (%),Import,Chemical Products,2023-Q2,-3.7,-3.7,ok,,
trade_uvi.quarter-on-quarter-inflation-import-chemical-products.q,quarterly,Quarter-on-quarter inflation (%),Import,Chemical Products,2023-Q3,-1.7,-1.7,ok,,
trade_uvi.quarter-on-quarter-inflation-import-chemical-products.q,quarterly,Quarter-on-quarter inflation (%),Import,Chemical Products,2023-Q4,3.6,3.6,ok,,
trade_uvi.quarter-on-quarter-inflation-import-chemical-products.q,quarterly,Quarter-on-quarter inflation (%),Import,Chemical Products,2024-Q1,5.2,5.2,ok,,
trade_uvi.quarter-on-quarter-inflation-import-chemical-products.q,quarterly,Quarter-on-quarter inflation (%),Import,Chemical Products,2024-Q2,7.7,7.7,ok,,
trade_uvi.quarter-on-quarter-inflation-import-chemical-products.q,quarterly,Quarter-on-quarter inflation (%),Import,Chemical Products,2024-Q3,10.7,10.7,ok,,
trade_uvi.quarter-on-quarter-inflation-import-chemical-products.q,quarterly,Quarter-on-quarter inflation (%),Import,Chemical Products,2024-Q4,1.2,1.2,ok,,
trade_uvi.quarter-on-quarter-inflation-import-chemical-products.q,quarterly,Quarter-on-quarter inflation (%),Import,Chemical Products,2025-Q1,-0.9,-0.9,ok,,
trade_uvi.quarter-on-quarter-inflation-import-chemical-products.q,quarterly,Quarter-on-quarter inflation (%),Import,Chemical Products,2025-Q2,-18.3,-18.3,ok,,
trade_uvi.quarter-on-quarter-inflation-import-chemical-products.q,quarterly,Quarter-on-quarter inflation (%),Import,Chemical Products,2025-Q3,-10.3,-10.3,ok,,
trade_uvi.quarter-on-quarter-inflation-import-chemical-products.q,quarterly,Quarter-on-quarter inflation (%),Import,Chemical Products,2025-Q4,-0.2,-0.2,ok,,
trade_uvi.quarter-on-quarter-inflation-import-chemical-products.q,quarterly,Quarter-on-quarter inflation (%),Import,Chemical Products,2026-Q1,-3.4,-3.4,ok,,
trade_uvi.quarter-on-quarter-inflation-import-vehicles-and-automotive-parts.q,quarterly,Quarter-on-quarter inflation (%),Import,Vehicles and Automotive Parts,2021-Q2,0.6,0.6,ok,,
trade_uvi.quarter-on-quarter-inflation-import-vehicles-and-automotive-parts.q,quarterly,Quarter-on-quarter inflation (%),Import,Vehicles and Automotive Parts,2021-Q3,0.2,0.2,ok,,
trade_uvi.quarter-on-quarter-inflation-import-vehicles-and-automotive-parts.q,quarterly,Quarter-on-quarter inflation (%),Import,Vehicles and Automotive Parts,2021-Q4,1,1,ok,,
trade_uvi.quarter-on-quarter-inflation-import-vehicles-and-automotive-parts.q,quarterly,Quarter-on-quarter inflation (%),Import,Vehicles and Automotive Parts,2022-Q1,12.6,12.6,ok,,
trade_uvi.quarter-on-quarter-inflation-import-vehicles-and-automotive-parts.q,quarterly,Quarter-on-quarter inflation (%),Import,Vehicles and Automotive Parts,2022-Q2,16.1,16.1,ok,,
trade_uvi.quarter-on-quarter-inflation-import-vehicles-and-automotive-parts.q,quarterly,Quarter-on-quarter inflation (%),Import,Vehicles and Automotive Parts,2022-Q3,9.4,9.4,ok,,
trade_uvi.quarter-on-quarter-inflation-import-vehicles-and-automotive-parts.q,quarterly,Quarter-on-quarter inflation (%),Import,Vehicles and Automotive Parts,2022-Q4,42.3,42.3,ok,,
trade_uvi.quarter-on-quarter-inflation-import-vehicles-and-automotive-parts.q,quarterly,Quarter-on-quarter inflation (%),Import,Vehicles and Automotive Parts,2023-Q1,-1.4,-1.4,ok,,
trade_uvi.quarter-on-quarter-inflation-import-vehicles-and-automotive-parts.q,quarterly,Quarter-on-quarter inflation (%),Import,Vehicles and Automotive Parts,2023-Q2,1.7,1.7,ok,,
trade_uvi.quarter-on-quarter-inflation-import-vehicles-and-automotive-parts.q,quarterly,Quarter-on-quarter inflation (%),Import,Vehicles and Automotive Parts,2023-Q3,-1.8,-1.8,ok,,
trade_uvi.quarter-on-quarter-inflation-import-vehicles-and-automotive-parts.q,quarterly,Quarter-on-quarter inflation (%),Import,Vehicles and Automotive Parts,2023-Q4,4.3,4.3,ok,,
trade_uvi.quarter-on-quarter-inflation-import-vehicles-and-automotive-parts.q,quarterly,Quarter-on-quarter inflation (%),Import,Vehicles and Automotive Parts,2024-Q1,5.9,5.9,ok,,
trade_uvi.quarter-on-quarter-inflation-import-vehicles-and-automotive-parts.q,quarterly,Quarter-on-quarter inflation (%),Import,Vehicles and Automotive Parts,2024-Q2,11.1,11.1,ok,,
trade_uvi.quarter-on-quarter-inflation-import-vehicles-and-automotive-parts.q,quarterly,Quarter-on-quarter inflation (%),Import,Vehicles and Automotive Parts,2024-Q3,8.8,8.8,ok,,
trade_uvi.quarter-on-quarter-inflation-import-vehicles-and-automotive-parts.q,quarterly,Quarter-on-quarter inflation (%),Import,Vehicles and Automotive Parts,2024-Q4,3.6,3.6,ok,,
trade_uvi.quarter-on-quarter-inflation-import-vehicles-and-automotive-parts.q,quarterly,Quarter-on-quarter inflation (%),Import,Vehicles and Automotive Parts,2025-Q1,-2,-2,ok,,
trade_uvi.quarter-on-quarter-inflation-import-vehicles-and-automotive-parts.q,quarterly,Quarter-on-quarter inflation (%),Import,Vehicles and Automotive Parts,2025-Q2,-17.3,-17.3,ok,,
trade_uvi.quarter-on-quarter-inflation-import-vehicles-and-automotive-parts.q,quarterly,Quarter-on-quarter inflation (%),Import,Vehicles and Automotive Parts,2025-Q3,-5.4,-5.4,ok,,
trade_uvi.quarter-on-quarter-inflation-import-vehicles-and-automotive-parts.q,quarterly,Quarter-on-quarter inflation (%),Import,Vehicles and Automotive Parts,2025-Q4,-0.2,-0.2,ok,,
trade_uvi.quarter-on-quarter-inflation-import-vehicles-and-automotive-parts.q,quarterly,Quarter-on-quarter inflation (%),Import,Vehicles and Automotive Parts,2026-Q1,-2.1,-2.1,ok,,
trade_uvi.quarter-on-quarter-inflation-import-other-products.q,quarterly,Quarter-on-quarter inflation (%),Import,Other Products,2021-Q2,2.6,2.6,ok,,
trade_uvi.quarter-on-quarter-inflation-import-other-products.q,quarterly,Quarter-on-quarter inflation (%),Import,Other Products,2021-Q3,4.5,4.5,ok,,
trade_uvi.quarter-on-quarter-inflation-import-other-products.q,quarterly,Quarter-on-quarter inflation (%),Import,Other Products,2021-Q4,2.9,2.9,ok,,
trade_uvi.quarter-on-quarter-inflation-import-other-products.q,quarterly,Quarter-on-quarter inflation (%),Import,Other Products,2022-Q1,8.8,8.8,ok,,
trade_uvi.quarter-on-quarter-inflation-import-other-products.q,quarterly,Quarter-on-quarter inflation (%),Import,Other Products,2022-Q2,15.7,15.7,ok,,
trade_uvi.quarter-on-quarter-inflation-import-other-products.q,quarterly,Quarter-on-quarter inflation (%),Import,Other Products,2022-Q3,10.6,10.6,ok,,
trade_uvi.quarter-on-quarter-inflation-import-other-products.q,quarterly,Quarter-on-quarter inflation (%),Import,Other Products,2022-Q4,41.7,41.7,ok,,
trade_uvi.quarter-on-quarter-inflation-import-other-products.q,quarterly,Quarter-on-quarter inflation (%),Import,Other Products,2023-Q1,-8.5,-8.5,ok,,
trade_uvi.quarter-on-quarter-inflation-import-other-products.q,quarterly,Quarter-on-quarter inflation (%),Import,Other Products,2023-Q2,0.6,0.6,ok,,
trade_uvi.quarter-on-quarter-inflation-import-other-products.q,quarterly,Quarter-on-quarter inflation (%),Import,Other Products,2023-Q3,-1.2,-1.2,ok,,
trade_uvi.quarter-on-quarter-inflation-import-other-products.q,quarterly,Quarter-on-quarter inflation (%),Import,Other Products,2023-Q4,4.6,4.6,ok,,
trade_uvi.quarter-on-quarter-inflation-import-other-products.q,quarterly,Quarter-on-quarter inflation (%),Import,Other Products,2024-Q1,5.5,5.5,ok,,
trade_uvi.quarter-on-quarter-inflation-import-other-products.q,quarterly,Quarter-on-quarter inflation (%),Import,Other Products,2024-Q2,9.6,9.6,ok,,
trade_uvi.quarter-on-quarter-inflation-import-other-products.q,quarterly,Quarter-on-quarter inflation (%),Import,Other Products,2024-Q3,9.1,9.1,ok,,
trade_uvi.quarter-on-quarter-inflation-import-other-products.q,quarterly,Quarter-on-quarter inflation (%),Import,Other Products,2024-Q4,1.8,1.8,ok,,
trade_uvi.quarter-on-quarter-inflation-import-other-products.q,quarterly,Quarter-on-quarter inflation (%),Import,Other Products,2025-Q1,-2,-2,ok,,
trade_uvi.quarter-on-quarter-inflation-import-other-products.q,quarterly,Quarter-on-quarter inflation (%),Import,Other Products,2025-Q2,-16.1,-16.1,ok,,
trade_uvi.quarter-on-quarter-inflation-import-other-products.q,quarterly,Quarter-on-quarter inflation (%),Import,Other Products,2025-Q3,-7.6,-7.6,ok,,
trade_uvi.quarter-on-quarter-inflation-import-other-products.q,quarterly,Quarter-on-quarter inflation (%),Import,Other Products,2025-Q4,-0.2,-0.2,ok,,
trade_uvi.quarter-on-quarter-inflation-import-other-products.q,quarterly,Quarter-on-quarter inflation (%),Import,Other Products,2026-Q1,-2.6,-2.6,ok,,
