source,indicator,region,product,split,period,value,status,rules
gss.cpi.annex,Consumer Price Index,Ashanti,"Alcoholic beverages, tobacco and narcotics",All sources,2022-09,130.7806,ok,
gss.cpi.annex,Consumer Price Index,Ashanti,"Alcoholic beverages, tobacco and narcotics",All sources,2022-10,131.8255,ok,
gss.cpi.annex,Consumer Price Index,Ashanti,"Alcoholic beverages, tobacco and narcotics",All sources,2022-11,139.2325,ok,
gss.cpi.annex,Consumer Price Index,Ashanti,"Alcoholic beverages, tobacco and narcotics",All sources,2022-12,144.9175,ok,
gss.cpi.annex,Consumer Price Index,Ashanti,"Alcoholic beverages, tobacco and narcotics",All sources,2023-01,146.7054,ok,
gss.cpi.annex,Consumer Price Index,Ashanti,"Alcoholic beverages, tobacco and narcotics",All sources,2023-02,151.0201,ok,
gss.cpi.annex,Consumer Price Index,Ashanti,"Alcoholic beverages, tobacco and narcotics",All sources,2023-03,150.9304,ok,
gss.cpi.annex,Consumer Price Index,Ashanti,"Alcoholic beverages, tobacco and narcotics",All sources,2023-04,153.3517,ok,
gss.cpi.annex,Consumer Price Index,Ashanti,"Alcoholic beverages, tobacco and narcotics",All sources,2023-05,159.4715,ok,
gss.cpi.annex,Consumer Price Index,Ashanti,"Alcoholic beverages, tobacco and narcotics",All sources,2023-06,168.354,ok,
gss.cpi.annex,Consumer Price Index,Ashanti,"Alcoholic beverages, tobacco and narcotics",All sources,2023-07,176.4272,ok,
gss.cpi.annex,Consumer Price Index,Ashanti,"Alcoholic beverages, tobacco and narcotics",All sources,2023-08,179.9047,ok,
gss.cpi.annex,Consumer Price Index,Ashanti,"Alcoholic beverages, tobacco and narcotics",All sources,2023-09,183.9001,ok,
gss.cpi.annex,Consumer Price Index,Ashanti,"Alcoholic beverages, tobacco and narcotics",All sources,2023-10,,held,annex3_vs_annex4
gss.cpi.annex,Consumer Price Index,Ashanti,"Alcoholic beverages, tobacco and narcotics",All sources,2023-11,185.9536,ok,
gss.cpi.annex,Consumer Price Index,Ashanti,"Alcoholic beverages, tobacco and narcotics",All sources,2023-12,189.436,ok,
gss.cpi.annex,Consumer Price Index,Ashanti,"Alcoholic beverages, tobacco and narcotics",All sources,2024-01,194.4834,ok,
gss.cpi.annex,Consumer Price Index,Ashanti,"Alcoholic beverages, tobacco and narcotics",All sources,2024-02,,held,aggregation
gss.cpi.annex,Consumer Price Index,Ashanti,"Alcoholic beverages, tobacco and narcotics",All sources,2024-03,201.2006,ok,
gss.cpi.annex,Consumer Price Index,Ashanti,"Alcoholic beverages, tobacco and narcotics",All sources,2024-04,203.2494,ok,
gss.cpi.annex,Consumer Price Index,Ashanti,"Alcoholic beverages, tobacco and narcotics",All sources,2024-05,207.8135,ok,
gss.cpi.annex,Consumer Price Index,Ashanti,"Alcoholic beverages, tobacco and narcotics",All sources,2024-06,212.1549,ok,
gss.cpi.annex,Consumer Price Index,Ashanti,"Alcoholic beverages, tobacco and narcotics",All sources,2024-07,220.7288,ok,
gss.cpi.annex,Consumer Price Index,Ashanti,"Alcoholic beverages, tobacco and narcotics",All sources,2024-08,217.9552,ok,
gss.cpi.annex,Consumer Price Index,Ashanti,"Alcoholic beverages, tobacco and narcotics",All sources,2024-09,226.2731,ok,
gss.cpi.annex,Consumer Price Index,Ashanti,"Alcoholic beverages, tobacco and narcotics",All sources,2024-10,235.0129,ok,
gss.cpi.annex,Consumer Price Index,Ashanti,"Alcoholic beverages, tobacco and narcotics",All sources,2024-11,236.941,ok,
gss.cpi.annex,Consumer Price Index,Ashanti,"Alcoholic beverages, tobacco and narcotics",All sources,2024-12,245.8957,ok,
gss.cpi.annex,Consumer Price Index,Ashanti,"Alcoholic beverages, tobacco and narcotics",All sources,2025-01,253.5679,ok,
gss.cpi.annex,Consumer Price Index,Ashanti,"Alcoholic beverages, tobacco and narcotics",All sources,2025-02,254.2289,ok,
gss.cpi.annex,Consumer Price Index,Ashanti,"Alcoholic beverages, tobacco and narcotics",All sources,2025-03,256.8779,ok,
gss.cpi.annex,Consumer Price Index,Ashanti,"Alcoholic beverages, tobacco and narcotics",All sources,2025-04,262.158,ok,
gss.cpi.annex,Consumer Price Index,Ashanti,"Alcoholic beverages, tobacco and narcotics",All sources,2025-05,269.7658,ok,
gss.cpi.annex,Consumer Price Index,Ashanti,"Alcoholic beverages, tobacco and narcotics",All sources,2025-06,260.3984,ok,
gss.cpi.annex,Consumer Price Index,Ashanti,"Alcoholic beverages, tobacco and narcotics",All sources,2025-07,267.0802,ok,
gss.cpi.annex,Consumer Price Index,Ashanti,"Alcoholic beverages, tobacco and narcotics",All sources,2025-08,269.1498,ok,
gss.cpi.annex,Consumer Price Index,Ashanti,"Alcoholic beverages, tobacco and narcotics",All sources,2025-09,276.5345,ok,
gss.cpi.annex,Consumer Price Index,Ashanti,"Alcoholic beverages, tobacco and narcotics",All sources,2025-10,281.4986,ok,
gss.cpi.annex,Consumer Price Index,Ashanti,"Alcoholic beverages, tobacco and narcotics",All sources,2025-11,282.4238,ok,
gss.cpi.annex,Consumer Price Index,Ashanti,"Alcoholic beverages, tobacco and narcotics",All sources,2025-12,286.1261,ok,
gss.cpi.annex,Consumer Price Index,Ashanti,"Alcoholic beverages, tobacco and narcotics",All sources,2026-01,286.4268,ok,
gss.cpi.annex,Consumer Price Index,Ashanti,"Alcoholic beverages, tobacco and narcotics",All sources,2026-02,289.7414,ok,
gss.cpi.annex,Consumer Price Index,Ashanti,"Alcoholic beverages, tobacco and narcotics",All sources,2026-03,292.1988,ok,
gss.cpi.annex,Consumer Price Index,Ashanti,"Alcoholic beverages, tobacco and narcotics",All sources,2026-04,292.928,ok,
gss.cpi.annex,Consumer Price Index,Ashanti,"Alcoholic beverages, tobacco and narcotics",All sources,2026-05,295.2934,ok,
gss.cpi.annex,Consumer Price Index,Ashanti,"Alcoholic beverages, tobacco and narcotics",All sources,2026-06,296.2011,ok,
gss.cpi.annex,Consumer Price Index,Ashanti,"Alcoholic beverages, tobacco and narcotics",All sources,2026-07,299.8542,ok,
gss.cpi.annex,Consumer Price Index,Ashanti,"Alcoholic beverages, tobacco and narcotics",All sources,2026-08,300.2875,ok,
gss.cpi.annex,Consumer Price Index,Ashanti,All products,All sources,2022-01,106.8642,ok,
gss.cpi.annex,Consumer Price Index,Ashanti,All products,All sources,2022-02,109.7476,ok,
gss.cpi.annex,Consumer Price Index,Ashanti,All products,All sources,2022-03,113.3191,ok,
gss.cpi.annex,Consumer Price Index,Ashanti,All products,All sources,2022-04,121.052,ok,
gss.cpi.annex,Consumer Price Index,Ashanti,All products,All sources,2022-05,127.7456,ok,
gss.cpi.annex,Consumer Price Index,Ashanti,All products,All sources,2022-06,129.782,ok,
gss.cpi.annex,Consumer Price Index,Ashanti,All products,All sources,2022-07,132.7885,ok,
gss.cpi.annex,Consumer Price Index,Ashanti,All products,All sources,2022-08,133.2258,ok,
gss.cpi.annex,Consumer Price Index,Ashanti,All products,All sources,2022-09,135.2959,ok,
gss.cpi.annex,Consumer Price Index,Ashanti,All products,All sources,2022-10,135.7434,ok,
gss.cpi.annex,Consumer Price Index,Ashanti,All products,All sources,2022-11,148.2287,ok,
gss.cpi.annex,Consumer Price Index,Ashanti,All products,All sources,2022-12,153.5407,ok,
gss.cpi.annex,Consumer Price Index,Ashanti,All products,All sources,2023-01,154.6654,ok,
gss.cpi.annex,Consumer Price Index,Ashanti,All products,All sources,2023-02,157.3282,ok,
gss.cpi.annex,Consumer Price Index,Ashanti,All products,All sources,2023-03,154.7407,ok,
gss.cpi.annex,Consumer Price Index,Ashanti,All products,All sources,2023-04,158.9552,ok,
gss.cpi.annex,Consumer Price Index,Ashanti,All products,All sources,2023-05,167.3429,ok,
gss.cpi.annex,Consumer Price Index,Ashanti,All products,All sources,2023-06,172.7161,ok,
gss.cpi.annex,Consumer Price Index,Ashanti,All products,All sources,2023-07,179.6661,ok,
gss.cpi.annex,Consumer Price Index,Ashanti,All products,All sources,2023-08,176.6454,ok,
gss.cpi.annex,Consumer Price Index,Ashanti,All products,All sources,2023-09,177.509,ok,
gss.cpi.annex,Consumer Price Index,Ashanti,All products,All sources,2023-10,178.8885,ok,
gss.cpi.annex,Consumer Price Index,Ashanti,All products,All sources,2023-11,183.1455,ok,
gss.cpi.annex,Consumer Price Index,Ashanti,All products,All sources,2023-12,184.2489,ok,
gss.cpi.annex,Consumer Price Index,Ashanti,All products,All sources,2024-01,189.6772,ok,
gss.cpi.annex,Consumer Price Index,Ashanti,All products,All sources,2024-02,192.2792,ok,
gss.cpi.annex,Consumer Price Index,Ashanti,All products,All sources,2024-03,194.2145,ok,
gss.cpi.annex,Consumer Price Index,Ashanti,All products,All sources,2024-04,196.9618,ok,
gss.cpi.annex,Consumer Price Index,Ashanti,All products,All sources,2024-05,202.131,ok,
gss.cpi.annex,Consumer Price Index,Ashanti,All products,All sources,2024-06,207.6876,ok,
gss.cpi.annex,Consumer Price Index,Ashanti,All products,All sources,2024-07,213.2323,ok,
gss.cpi.annex,Consumer Price Index,Ashanti,All products,All sources,2024-08,211.0314,ok,
gss.cpi.annex,Consumer Price Index,Ashanti,All products,All sources,2024-09,216.6727,ok,
gss.cpi.annex,Consumer Price Index,Ashanti,All products,All sources,2024-10,220.9295,ok,
gss.cpi.annex,Consumer Price Index,Ashanti,All products,All sources,2024-11,228.4182,ok,
gss.cpi.annex,Consumer Price Index,Ashanti,All products,All sources,2024-12,233.7979,ok,
gss.cpi.annex,Consumer Price Index,Ashanti,All products,All sources,2025-01,236.0791,ok,
gss.cpi.annex,Consumer Price Index,Ashanti,All products,All sources,2025-02,239.6361,ok,
gss.cpi.annex,Consumer Price Index,Ashanti,All products,All sources,2025-03,238.9461,ok,
gss.cpi.annex,Consumer Price Index,Ashanti,All products,All sources,2025-04,240.7803,ok,
gss.cpi.annex,Consumer Price Index,Ashanti,All products,All sources,2025-05,242.772,ok,
gss.cpi.annex,Consumer Price Index,Ashanti,All products,All sources,2025-06,239.2759,ok,
gss.cpi.annex,Consumer Price Index,Ashanti,All products,All sources,2025-07,241.2446,ok,
gss.cpi.annex,Consumer Price Index,Ashanti,All products,All sources,2025-08,238.266,ok,
gss.cpi.annex,Consumer Price Index,Ashanti,All products,All sources,2025-09,239.7593,ok,
gss.cpi.annex,Consumer Price Index,Ashanti,All products,All sources,2025-10,239.4317,ok,
gss.cpi.annex,Consumer Price Index,Ashanti,All products,All sources,2025-11,239.9348,ok,
gss.cpi.annex,Consumer Price Index,Ashanti,All products,All sources,2025-12,243.8762,ok,
gss.cpi.annex,Consumer Price Index,Ashanti,All products,All sources,2026-01,245.4479,ok,
gss.cpi.annex,Consumer Price Index,Ashanti,All products,All sources,2026-02,248.5441,ok,
gss.cpi.annex,Consumer Price Index,Ashanti,All products,All sources,2026-03,250.9416,ok,
gss.cpi.annex,Consumer Price Index,Ashanti,All products,All sources,2026-04,254.1666,ok,
gss.cpi.annex,Consumer Price Index,Ashanti,All products,All sources,2026-05,257.6534,ok,
gss.cpi.annex,Consumer Price Index,Ashanti,All products,All sources,2026-06,257.9782,ok,
gss.cpi.annex,Consumer Price Index,Ashanti,All products,All sources,2026-07,259.633,ok,
gss.cpi.annex,Consumer Price Index,Ashanti,All products,All sources,2026-08,259.0662,ok,
gss.cpi.annex,Consumer Price Index,Ashanti,Clothing and footwear,All sources,2022-09,131.943,ok,
gss.cpi.annex,Consumer Price Index,Ashanti,Clothing and footwear,All sources,2022-10,133.5239,ok,
gss.cpi.annex,Consumer Price Index,Ashanti,Clothing and footwear,All sources,2022-11,143.5555,ok,
gss.cpi.annex,Consumer Price Index,Ashanti,Clothing and footwear,All sources,2022-12,147.0213,ok,
gss.cpi.annex,Consumer Price Index,Ashanti,Clothing and footwear,All sources,2023-01,147.985,ok,
gss.cpi.annex,Consumer Price Index,Ashanti,Clothing and footwear,All sources,2023-02,150.0259,ok,
gss.cpi.annex,Consumer Price Index,Ashanti,Clothing and footwear,All sources,2023-03,148.8854,ok,
gss.cpi.annex,Consumer Price Index,Ashanti,Clothing and footwear,All sources,2023-04,150.7811,ok,
gss.cpi.annex,Consumer Price Index,Ashanti,Clothing and footwear,All sources,2023-05,155.7665,ok,
gss.cpi.annex,Consumer Price Index,Ashanti,Clothing and footwear,All sources,2023-06,160.1102,ok,
gss.cpi.annex,Consumer Price Index,Ashanti,Clothing and footwear,All sources,2023-07,164.2879,ok,
gss.cpi.annex,Consumer Price Index,Ashanti,Clothing and footwear,All sources,2023-08,163.1772,ok,
gss.cpi.annex,Consumer Price Index,Ashanti,Clothing and footwear,All sources,2023-09,163.7696,ok,
gss.cpi.annex,Consumer Price Index,Ashanti,Clothing and footwear,All sources,2023-10,,held,annex3_vs_annex4
gss.cpi.annex,Consumer Price Index,Ashanti,Clothing and footwear,All sources,2023-11,168.3131,ok,
gss.cpi.annex,Consumer Price Index,Ashanti,Clothing and footwear,All sources,2023-12,170.9949,ok,
gss.cpi.annex,Consumer Price Index,Ashanti,Clothing and footwear,All sources,2024-01,175.0688,ok,
gss.cpi.annex,Consumer Price Index,Ashanti,Clothing and footwear,All sources,2024-02,,held,aggregation
gss.cpi.annex,Consumer Price Index,Ashanti,Clothing and footwear,All sources,2024-03,180.7001,ok,
gss.cpi.annex,Consumer Price Index,Ashanti,Clothing and footwear,All sources,2024-04,183.012,ok,
gss.cpi.annex,Consumer Price Index,Ashanti,Clothing and footwear,All sources,2024-05,186.4754,ok,
gss.cpi.annex,Consumer Price Index,Ashanti,Clothing and footwear,All sources,2024-06,188.3601,ok,
gss.cpi.annex,Consumer Price Index,Ashanti,Clothing and footwear,All sources,2024-07,190.9513,ok,
gss.cpi.annex,Consumer Price Index,Ashanti,Clothing and footwear,All sources,2024-08,191.5733,ok,
gss.cpi.annex,Consumer Price Index,Ashanti,Clothing and footwear,All sources,2024-09,194.4361,ok,
gss.cpi.annex,Consumer Price Index,Ashanti,Clothing and footwear,All sources,2024-10,198.3386,ok,
gss.cpi.annex,Consumer Price Index,Ashanti,Clothing and footwear,All sources,2024-11,201.8578,ok,
gss.cpi.annex,Consumer Price Index,Ashanti,Clothing and footwear,All sources,2024-12,203.5918,ok,
gss.cpi.annex,Consumer Price Index,Ashanti,Clothing and footwear,All sources,2025-01,207.7278,ok,
gss.cpi.annex,Consumer Price Index,Ashanti,Clothing and footwear,All sources,2025-02,207.7042,ok,
gss.cpi.annex,Consumer Price Index,Ashanti,Clothing and footwear,All sources,2025-03,208.3289,ok,
gss.cpi.annex,Consumer Price Index,Ashanti,Clothing and footwear,All sources,2025-04,210.4055,ok,
gss.cpi.annex,Consumer Price Index,Ashanti,Clothing and footwear,All sources,2025-05,212.0334,ok,
gss.cpi.annex,Consumer Price Index,Ashanti,Clothing and footwear,All sources,2025-06,211.4519,ok,
gss.cpi.annex,Consumer Price Index,Ashanti,Clothing and footwear,All sources,2025-07,211.5272,ok,
gss.cpi.annex,Consumer Price Index,Ashanti,Clothing and footwear,All sources,2025-08,211.3076,ok,
gss.cpi.annex,Consumer Price Index,Ashanti,Clothing and footwear,All sources,2025-09,212.7599,ok,
gss.cpi.annex,Consumer Price Index,Ashanti,Clothing and footwear,All sources,2025-10,212.7505,ok,
gss.cpi.annex,Consumer Price Index,Ashanti,Clothing and footwear,All sources,2025-11,212.6443,ok,
gss.cpi.annex,Consumer Price Index,Ashanti,Clothing and footwear,All sources,2025-12,217.0823,ok,
gss.cpi.annex,Consumer Price Index,Ashanti,Clothing and footwear,All sources,2026-01,217.1039,ok,
gss.cpi.annex,Consumer Price Index,Ashanti,Clothing and footwear,All sources,2026-02,219.4947,ok,
gss.cpi.annex,Consumer Price Index,Ashanti,Clothing and footwear,All sources,2026-03,219.7872,ok,
gss.cpi.annex,Consumer Price Index,Ashanti,Clothing and footwear,All sources,2026-04,221.4901,ok,
gss.cpi.annex,Consumer Price Index,Ashanti,Clothing and footwear,All sources,2026-05,222.5639,ok,
gss.cpi.annex,Consumer Price Index,Ashanti,Clothing and footwear,All sources,2026-06,222.4573,ok,
gss.cpi.annex,Consumer Price Index,Ashanti,Clothing and footwear,All sources,2026-07,227.6605,ok,
gss.cpi.annex,Consumer Price Index,Ashanti,Clothing and footwear,All sources,2026-08,228.2376,ok,
gss.cpi.annex,Consumer Price Index,Ashanti,Education services,All sources,2022-09,110.6149,ok,
gss.cpi.annex,Consumer Price Index,Ashanti,Education services,All sources,2022-10,110.0312,ok,
gss.cpi.annex,Consumer Price Index,Ashanti,Education services,All sources,2022-11,109.397,ok,
gss.cpi.annex,Consumer Price Index,Ashanti,Education services,All sources,2022-12,109.8608,ok,
gss.cpi.annex,Consumer Price Index,Ashanti,Education services,All sources,2023-01,104.6027,ok,
gss.cpi.annex,Consumer Price Index,Ashanti,Education services,All sources,2023-02,108.1699,ok,
gss.cpi.annex,Consumer Price Index,Ashanti,Education services,All sources,2023-03,100.2273,ok,
gss.cpi.annex,Consumer Price Index,Ashanti,Education services,All sources,2023-04,101.6849,ok,
gss.cpi.annex,Consumer Price Index,Ashanti,Education services,All sources,2023-05,110.2809,ok,
gss.cpi.annex,Consumer Price Index,Ashanti,Education services,All sources,2023-06,118.0735,ok,
gss.cpi.annex,Consumer Price Index,Ashanti,Education services,All sources,2023-07,132.3037,ok,
gss.cpi.annex,Consumer Price Index,Ashanti,Education services,All sources,2023-08,109.8419,ok,
gss.cpi.annex,Consumer Price Index,Ashanti,Education services,All sources,2023-09,109.0011,ok,
gss.cpi.annex,Consumer Price Index,Ashanti,Education services,All sources,2023-10,,held,annex3_vs_annex4
gss.cpi.annex,Consumer Price Index,Ashanti,Education services,All sources,2023-11,109.0721,ok,
gss.cpi.annex,Consumer Price Index,Ashanti,Education services,All sources,2023-12,109.1136,ok,
gss.cpi.annex,Consumer Price Index,Ashanti,Education services,All sources,2024-01,118.4299,ok,
gss.cpi.annex,Consumer Price Index,Ashanti,Education services,All sources,2024-02,,held,aggregation
gss.cpi.annex,Consumer Price Index,Ashanti,Education services,All sources,2024-03,119.7181,ok,
gss.cpi.annex,Consumer Price Index,Ashanti,Education services,All sources,2024-04,121.3686,ok,
gss.cpi.annex,Consumer Price Index,Ashanti,Education services,All sources,2024-05,122.6242,ok,
gss.cpi.annex,Consumer Price Index,Ashanti,Education services,All sources,2024-06,123.3528,ok,
gss.cpi.annex,Consumer Price Index,Ashanti,Education services,All sources,2024-07,128.4342,ok,
gss.cpi.annex,Consumer Price Index,Ashanti,Education services,All sources,2024-08,131.59,ok,
gss.cpi.annex,Consumer Price Index,Ashanti,Education services,All sources,2024-09,131.6707,ok,
gss.cpi.annex,Consumer Price Index,Ashanti,Education services,All sources,2024-10,131.6707,ok,
gss.cpi.annex,Consumer Price Index,Ashanti,Education services,All sources,2024-11,131.6707,ok,
gss.cpi.annex,Consumer Price Index,Ashanti,Education services,All sources,2024-12,131.6707,ok,
gss.cpi.annex,Consumer Price Index,Ashanti,Education services,All sources,2025-01,130.218,ok,
gss.cpi.annex,Consumer Price Index,Ashanti,Education services,All sources,2025-02,129.6817,ok,
gss.cpi.annex,Consumer Price Index,Ashanti,Education services,All sources,2025-03,126.0842,ok,
gss.cpi.annex,Consumer Price Index,Ashanti,Education services,All sources,2025-04,126.9785,ok,
gss.cpi.annex,Consumer Price Index,Ashanti,Education services,All sources,2025-05,128.148,ok,
gss.cpi.annex,Consumer Price Index,Ashanti,Education services,All sources,2025-06,128.1564,ok,
gss.cpi.annex,Consumer Price Index,Ashanti,Education services,All sources,2025-07,128.148,ok,
gss.cpi.annex,Consumer Price Index,Ashanti,Education services,All sources,2025-08,128.3691,ok,
gss.cpi.annex,Consumer Price Index,Ashanti,Education services,All sources,2025-09,129.2848,ok,
gss.cpi.annex,Consumer Price Index,Ashanti,Education services,All sources,2025-10,129.2848,ok,
gss.cpi.annex,Consumer Price Index,Ashanti,Education services,All sources,2025-11,129.2848,ok,
gss.cpi.annex,Consumer Price Index,Ashanti,Education services,All sources,2025-12,129.2848,ok,
gss.cpi.annex,Consumer Price Index,Ashanti,Education services,All sources,2026-01,130.2818,ok,
gss.cpi.annex,Consumer Price Index,Ashanti,Education services,All sources,2026-02,139.0626,ok,
gss.cpi.annex,Consumer Price Index,Ashanti,Education services,All sources,2026-03,140.3552,ok,
gss.cpi.annex,Consumer Price Index,Ashanti,Education services,All sources,2026-04,141.6084,ok,
gss.cpi.annex,Consumer Price Index,Ashanti,Education services,All sources,2026-05,141.6084,ok,
gss.cpi.annex,Consumer Price Index,Ashanti,Education services,All sources,2026-06,141.6084,ok,
gss.cpi.annex,Consumer Price Index,Ashanti,Education services,All sources,2026-07,141.6084,ok,
gss.cpi.annex,Consumer Price Index,Ashanti,Education services,All sources,2026-08,141.6663,ok,
gss.cpi.annex,Consumer Price Index,Ashanti,Food and non-alcoholic beverages,All sources,2022-09,140.2636,ok,
gss.cpi.annex,Consumer Price Index,Ashanti,Food and non-alcoholic beverages,All sources,2022-10,140.983,ok,
gss.cpi.annex,Consumer Price Index,Ashanti,Food and non-alcoholic beverages,All sources,2022-11,156.0925,ok,
gss.cpi.annex,Consumer Price Index,Ashanti,Food and non-alcoholic beverages,All sources,2022-12,161.2294,ok,
gss.cpi.annex,Consumer Price Index,Ashanti,Food and non-alcoholic beverages,All sources,2023-01,163.5849,ok,
gss.cpi.annex,Consumer Price Index,Ashanti,Food and non-alcoholic beverages,All sources,2023-02,166.3105,ok,
gss.cpi.annex,Consumer Price Index,Ashanti,Food and non-alcoholic beverages,All sources,2023-03,164.1992,ok,
gss.cpi.annex,Consumer Price Index,Ashanti,Food and non-alcoholic beverages,All sources,2023-04,172.5554,ok,
gss.cpi.annex,Consumer Price Index,Ashanti,Food and non-alcoholic beverages,All sources,2023-05,184.456,ok,
gss.cpi.annex,Consumer Price Index,Ashanti,Food and non-alcoholic beverages,All sources,2023-06,190.8888,ok,
gss.cpi.annex,Consumer Price Index,Ashanti,Food and non-alcoholic beverages,All sources,2023-07,198.4244,ok,
gss.cpi.annex,Consumer Price Index,Ashanti,Food and non-alcoholic beverages,All sources,2023-08,197.8415,ok,
gss.cpi.annex,Consumer Price Index,Ashanti,Food and non-alcoholic beverages,All sources,2023-09,198.7513,ok,
gss.cpi.annex,Consumer Price Index,Ashanti,Food and non-alcoholic beverages,All sources,2023-10,,held,annex3_vs_annex4
gss.cpi.annex,Consumer Price Index,Ashanti,Food and non-alcoholic beverages,All sources,2023-11,199.308,ok,
gss.cpi.annex,Consumer Price Index,Ashanti,Food and non-alcoholic beverages,All sources,2023-12,200.1714,ok,
gss.cpi.annex,Consumer Price Index,Ashanti,Food and non-alcoholic beverages,All sources,2024-01,203.3881,ok,
gss.cpi.annex,Consumer Price Index,Ashanti,Food and non-alcoholic beverages,All sources,2024-02,207.1689,ok,
gss.cpi.annex,Consumer Price Index,Ashanti,Food and non-alcoholic beverages,All sources,2024-03,210.0446,ok,
gss.cpi.annex,Consumer Price Index,Ashanti,Food and non-alcoholic beverages,All sources,2024-04,212.7647,ok,
gss.cpi.annex,Consumer Price Index,Ashanti,Food and non-alcoholic beverages,All sources,2024-05,219.2979,ok,
gss.cpi.annex,Consumer Price Index,Ashanti,Food and non-alcoholic beverages,All sources,2024-06,229.2512,ok,
gss.cpi.annex,Consumer Price Index,Ashanti,Food and non-alcoholic beverages,All sources,2024-07,233.346,ok,
gss.cpi.annex,Consumer Price Index,Ashanti,Food and non-alcoholic beverages,All sources,2024-08,227.9575,ok,
gss.cpi.annex,Consumer Price Index,Ashanti,Food and non-alcoholic beverages,All sources,2024-09,237.7662,ok,
gss.cpi.annex,Consumer Price Index,Ashanti,Food and non-alcoholic beverages,All sources,2024-10,242.8004,ok,
gss.cpi.annex,Consumer Price Index,Ashanti,Food and non-alcoholic beverages,All sources,2024-11,252.4995,ok,
gss.cpi.annex,Consumer Price Index,Ashanti,Food and non-alcoholic beverages,All sources,2024-12,258.6028,ok,
gss.cpi.annex,Consumer Price Index,Ashanti,Food and non-alcoholic beverages,All sources,2025-01,260.0258,ok,
gss.cpi.annex,Consumer Price Index,Ashanti,Food and non-alcoholic beverages,All sources,2025-02,266.8961,ok,
gss.cpi.annex,Consumer Price Index,Ashanti,Food and non-alcoholic beverages,All sources,2025-03,265.0894,ok,
gss.cpi.annex,Consumer Price Index,Ashanti,Food and non-alcoholic beverages,All sources,2025-04,266.9496,ok,
gss.cpi.annex,Consumer Price Index,Ashanti,Food and non-alcoholic beverages,All sources,2025-05,269.1703,ok,
gss.cpi.annex,Consumer Price Index,Ashanti,Food and non-alcoholic beverages,All sources,2025-06,267.6036,ok,
gss.cpi.annex,Consumer Price Index,Ashanti,Food and non-alcoholic beverages,All sources,2025-07,269.7106,ok,
gss.cpi.annex,Consumer Price Index,Ashanti,Food and non-alcoholic beverages,All sources,2025-08,262.1273,ok,
gss.cpi.annex,Consumer Price Index,Ashanti,Food and non-alcoholic beverages,All sources,2025-09,263.5208,ok,
gss.cpi.annex,Consumer Price Index,Ashanti,Food and non-alcoholic beverages,All sources,2025-10,261.8089,ok,
gss.cpi.annex,Consumer Price Index,Ashanti,Food and non-alcoholic beverages,All sources,2025-11,263.3532,ok,
gss.cpi.annex,Consumer Price Index,Ashanti,Food and non-alcoholic beverages,All sources,2025-12,269.551,ok,
gss.cpi.annex,Consumer Price Index,Ashanti,Food and non-alcoholic beverages,All sources,2026-01,272.5461,ok,
gss.cpi.annex,Consumer Price Index,Ashanti,Food and non-alcoholic beverages,All sources,2026-02,276.1729,ok,
gss.cpi.annex,Consumer Price Index,Ashanti,Food and non-alcoholic beverages,All sources,2026-03,278.1451,ok,
gss.cpi.annex,Consumer Price Index,Ashanti,Food and non-alcoholic beverages,All sources,2026-04,282.4988,ok,
gss.cpi.annex,Consumer Price Index,Ashanti,Food and non-alcoholic beverages,All sources,2026-05,288.1988,ok,
gss.cpi.annex,Consumer Price Index,Ashanti,Food and non-alcoholic beverages,All sources,2026-06,287.4003,ok,
gss.cpi.annex,Consumer Price Index,Ashanti,Food and non-alcoholic beverages,All sources,2026-07,289.2709,ok,
gss.cpi.annex,Consumer Price Index,Ashanti,Food and non-alcoholic beverages,All sources,2026-08,285.5543,ok,
gss.cpi.annex,Consumer Price Index,Ashanti,"Furnishings, household equipment and routine household maintenance",All sources,2022-09,144.6626,ok,
gss.cpi.annex,Consumer Price Index,Ashanti,"Furnishings, household equipment and routine household maintenance",All sources,2022-10,145.5472,ok,
gss.cpi.annex,Consumer Price Index,Ashanti,"Furnishings, household equipment and routine household maintenance",All sources,2022-11,152.7602,ok,
gss.cpi.annex,Consumer Price Index,Ashanti,"Furnishings, household equipment and routine household maintenance",All sources,2022-12,158.1065,ok,
gss.cpi.annex,Consumer Price Index,Ashanti,"Furnishings, household equipment and routine household maintenance",All sources,2023-01,162.1533,ok,
gss.cpi.annex,Consumer Price Index,Ashanti,"Furnishings, household equipment and routine household maintenance",All sources,2023-02,167.2893,ok,
gss.cpi.annex,Consumer Price Index,Ashanti,"Furnishings, household equipment and routine household maintenance",All sources,2023-03,170.558,ok,
gss.cpi.annex,Consumer Price Index,Ashanti,"Furnishings, household equipment and routine household maintenance",All sources,2023-04,171.1693,ok,
gss.cpi.annex,Consumer Price Index,Ashanti,"Furnishings, household equipment and routine household maintenance",All sources,2023-05,182.6058,ok,
gss.cpi.annex,Consumer Price Index,Ashanti,"Furnishings, household equipment and routine household maintenance",All sources,2023-06,190.9552,ok,
gss.cpi.annex,Consumer Price Index,Ashanti,"Furnishings, household equipment and routine household maintenance",All sources,2023-07,203.6972,ok,
gss.cpi.annex,Consumer Price Index,Ashanti,"Furnishings, household equipment and routine household maintenance",All sources,2023-08,201.2868,ok,
gss.cpi.annex,Consumer Price Index,Ashanti,"Furnishings, household equipment and routine household maintenance",All sources,2023-09,201.894,ok,
gss.cpi.annex,Consumer Price Index,Ashanti,"Furnishings, household equipment and routine household maintenance",All sources,2023-10,,held,annex3_vs_annex4
gss.cpi.annex,Consumer Price Index,Ashanti,"Furnishings, household equipment and routine household maintenance",All sources,2023-11,204.5705,ok,
gss.cpi.annex,Consumer Price Index,Ashanti,"Furnishings, household equipment and routine household maintenance",All sources,2023-12,205.9868,ok,
gss.cpi.annex,Consumer Price Index,Ashanti,"Furnishings, household equipment and routine household maintenance",All sources,2024-01,210.1052,ok,
gss.cpi.annex,Consumer Price Index,Ashanti,"Furnishings, household equipment and routine household maintenance",All sources,2024-02,,held,aggregation
gss.cpi.annex,Consumer Price Index,Ashanti,"Furnishings, household equipment and routine household maintenance",All sources,2024-03,213.5723,ok,
gss.cpi.annex,Consumer Price Index,Ashanti,"Furnishings, household equipment and routine household maintenance",All sources,2024-04,215.3801,ok,
gss.cpi.annex,Consumer Price Index,Ashanti,"Furnishings, household equipment and routine household maintenance",All sources,2024-05,217.2238,ok,
gss.cpi.annex,Consumer Price Index,Ashanti,"Furnishings, household equipment and routine household maintenance",All sources,2024-06,226.8229,ok,
gss.cpi.annex,Consumer Price Index,Ashanti,"Furnishings, household equipment and routine household maintenance",All sources,2024-07,230.9151,ok,
gss.cpi.annex,Consumer Price Index,Ashanti,"Furnishings, household equipment and routine household maintenance",All sources,2024-08,228.7943,ok,
gss.cpi.annex,Consumer Price Index,Ashanti,"Furnishings, household equipment and routine household maintenance",All sources,2024-09,233.4552,ok,
gss.cpi.annex,Consumer Price Index,Ashanti,"Furnishings, household equipment and routine household maintenance",All sources,2024-10,241.4057,ok,
gss.cpi.annex,Consumer Price Index,Ashanti,"Furnishings, household equipment and routine household maintenance",All sources,2024-11,243.2664,ok,
gss.cpi.annex,Consumer Price Index,Ashanti,"Furnishings, household equipment and routine household maintenance",All sources,2024-12,248.2668,ok,
gss.cpi.annex,Consumer Price Index,Ashanti,"Furnishings, household equipment and routine household maintenance",All sources,2025-01,249.4517,ok,
gss.cpi.annex,Consumer Price Index,Ashanti,"Furnishings, household equipment and routine household maintenance",All sources,2025-02,249.769,ok,
gss.cpi.annex,Consumer Price Index,Ashanti,"Furnishings, household equipment and routine household maintenance",All sources,2025-03,250.2321,ok,
gss.cpi.annex,Consumer Price Index,Ashanti,"Furnishings, household equipment and routine household maintenance",All sources,2025-04,252.8221,ok,
gss.cpi.annex,Consumer Price Index,Ashanti,"Furnishings, household equipment and routine household maintenance",All sources,2025-05,256.1078,ok,
gss.cpi.annex,Consumer Price Index,Ashanti,"Furnishings, household equipment and routine household maintenance",All sources,2025-06,252.7701,ok,
gss.cpi.annex,Consumer Price Index,Ashanti,"Furnishings, household equipment and routine household maintenance",All sources,2025-07,259.8198,ok,
gss.cpi.annex,Consumer Price Index,Ashanti,"Furnishings, household equipment and routine household maintenance",All sources,2025-08,260.7516,ok,
gss.cpi.annex,Consumer Price Index,Ashanti,"Furnishings, household equipment and routine household maintenance",All sources,2025-09,262.7013,ok,
gss.cpi.annex,Consumer Price Index,Ashanti,"Furnishings, household equipment and routine household maintenance",All sources,2025-10,263.7382,ok,
gss.cpi.annex,Consumer Price Index,Ashanti,"Furnishings, household equipment and routine household maintenance",All sources,2025-11,265.2849,ok,
gss.cpi.annex,Consumer Price Index,Ashanti,"Furnishings, household equipment and routine household maintenance",All sources,2025-12,266.2643,ok,
gss.cpi.annex,Consumer Price Index,Ashanti,"Furnishings, household equipment and routine household maintenance",All sources,2026-01,267.4872,ok,
gss.cpi.annex,Consumer Price Index,Ashanti,"Furnishings, household equipment and routine household maintenance",All sources,2026-02,269.3236,ok,
gss.cpi.annex,Consumer Price Index,Ashanti,"Furnishings, household equipment and routine household maintenance",All sources,2026-03,269.6976,ok,
gss.cpi.annex,Consumer Price Index,Ashanti,"Furnishings, household equipment and routine household maintenance",All sources,2026-04,273.3787,ok,
gss.cpi.annex,Consumer Price Index,Ashanti,"Furnishings, household equipment and routine household maintenance",All sources,2026-05,274.4536,ok,
gss.cpi.annex,Consumer Price Index,Ashanti,"Furnishings, household equipment and routine household maintenance",All sources,2026-06,274.734,ok,
gss.cpi.annex,Consumer Price Index,Ashanti,"Furnishings, household equipment and routine household maintenance",All sources,2026-07,275.0315,ok,
gss.cpi.annex,Consumer Price Index,Ashanti,"Furnishings, household equipment and routine household maintenance",All sources,2026-08,275.4696,ok,
gss.cpi.annex,Consumer Price Index,Ashanti,Health,All sources,2022-09,118.6902,ok,
gss.cpi.annex,Consumer Price Index,Ashanti,Health,All sources,2022-10,120.7174,ok,
gss.cpi.annex,Consumer Price Index,Ashanti,Health,All sources,2022-11,126.3918,ok,
gss.cpi.annex,Consumer Price Index,Ashanti,Health,All sources,2022-12,128.0374,ok,
gss.cpi.annex,Consumer Price Index,Ashanti,Health,All sources,2023-01,128.052,ok,
gss.cpi.annex,Consumer Price Index,Ashanti,Health,All sources,2023-02,129.8145,ok,
gss.cpi.annex,Consumer Price Index,Ashanti,Health,All sources,2023-03,127.6417,ok,
gss.cpi.annex,Consumer Price Index,Ashanti,Health,All sources,2023-04,129.7973,ok,
gss.cpi.annex,Consumer Price Index,Ashanti,Health,All sources,2023-05,136.4343,ok,
gss.cpi.annex,Consumer Price Index,Ashanti,Health,All sources,2023-06,141.5852,ok,
gss.cpi.annex,Consumer Price Index,Ashanti,Health,All sources,2023-07,146.6023,ok,
gss.cpi.annex,Consumer Price Index,Ashanti,Health,All sources,2023-08,143.6595,ok,
gss.cpi.annex,Consumer Price Index,Ashanti,Health,All sources,2023-09,142.2583,ok,
gss.cpi.annex,Consumer Price Index,Ashanti,Health,All sources,2023-10,,held,annex3_vs_annex4
gss.cpi.annex,Consumer Price Index,Ashanti,Health,All sources,2023-11,145.2328,ok,
gss.cpi.annex,Consumer Price Index,Ashanti,Health,All sources,2023-12,146.729,ok,
gss.cpi.annex,Consumer Price Index,Ashanti,Health,All sources,2024-01,154.2322,ok,
gss.cpi.annex,Consumer Price Index,Ashanti,Health,All sources,2024-02,,held,aggregation
gss.cpi.annex,Consumer Price Index,Ashanti,Health,All sources,2024-03,157.5874,ok,
gss.cpi.annex,Consumer Price Index,Ashanti,Health,All sources,2024-04,167.1212,ok,
gss.cpi.annex,Consumer Price Index,Ashanti,Health,All sources,2024-05,169.7449,ok,
gss.cpi.annex,Consumer Price Index,Ashanti,Health,All sources,2024-06,172.4123,ok,
gss.cpi.annex,Consumer Price Index,Ashanti,Health,All sources,2024-07,180.4519,ok,
gss.cpi.annex,Consumer Price Index,Ashanti,Health,All sources,2024-08,181.4451,ok,
gss.cpi.annex,Consumer Price Index,Ashanti,Health,All sources,2024-09,185.4937,ok,
gss.cpi.annex,Consumer Price Index,Ashanti,Health,All sources,2024-10,187.7945,ok,
gss.cpi.annex,Consumer Price Index,Ashanti,Health,All sources,2024-11,188.1717,ok,
gss.cpi.annex,Consumer Price Index,Ashanti,Health,All sources,2024-12,188.6823,ok,
gss.cpi.annex,Consumer Price Index,Ashanti,Health,All sources,2025-01,188.0739,ok,
gss.cpi.annex,Consumer Price Index,Ashanti,Health,All sources,2025-02,181.2552,ok,
gss.cpi.annex,Consumer Price Index,Ashanti,Health,All sources,2025-03,181.7766,ok,
gss.cpi.annex,Consumer Price Index,Ashanti,Health,All sources,2025-04,181.9646,ok,
gss.cpi.annex,Consumer Price Index,Ashanti,Health,All sources,2025-05,182.9496,ok,
gss.cpi.annex,Consumer Price Index,Ashanti,Health,All sources,2025-06,182.1082,ok,
gss.cpi.annex,Consumer Price Index,Ashanti,Health,All sources,2025-07,191.9429,ok,
gss.cpi.annex,Consumer Price Index,Ashanti,Health,All sources,2025-08,191.3099,ok,
gss.cpi.annex,Consumer Price Index,Ashanti,Health,All sources,2025-09,191.9176,ok,
gss.cpi.annex,Consumer Price Index,Ashanti,Health,All sources,2025-10,192.1588,ok,
gss.cpi.annex,Consumer Price Index,Ashanti,Health,All sources,2025-11,192.3426,ok,
gss.cpi.annex,Consumer Price Index,Ashanti,Health,All sources,2025-12,192.9612,ok,
gss.cpi.annex,Consumer Price Index,Ashanti,Health,All sources,2026-01,193.2077,ok,
gss.cpi.annex,Consumer Price Index,Ashanti,Health,All sources,2026-02,193.081,ok,
gss.cpi.annex,Consumer Price Index,Ashanti,Health,All sources,2026-03,193.037,ok,
gss.cpi.annex,Consumer Price Index,Ashanti,Health,All sources,2026-04,193.4641,ok,
gss.cpi.annex,Consumer Price Index,Ashanti,Health,All sources,2026-05,195.4021,ok,
gss.cpi.annex,Consumer Price Index,Ashanti,Health,All sources,2026-06,193.8007,ok,
gss.cpi.annex,Consumer Price Index,Ashanti,Health,All sources,2026-07,194.4345,ok,
gss.cpi.annex,Consumer Price Index,Ashanti,Health,All sources,2026-08,194.7921,ok,
gss.cpi.annex,Consumer Price Index,Ashanti,"Housing, water, electricity, gas and other fuels",All sources,2022-09,136.8488,ok,
gss.cpi.annex,Consumer Price Index,Ashanti,"Housing, water, electricity, gas and other fuels",All sources,2022-10,133.252,ok,
gss.cpi.annex,Consumer Price Index,Ashanti,"Housing, water, electricity, gas and other fuels",All sources,2022-11,148.7635,ok,
gss.cpi.annex,Consumer Price Index,Ashanti,"Housing, water, electricity, gas and other fuels",All sources,2022-12,156.9554,ok,
gss.cpi.annex,Consumer Price Index,Ashanti,"Housing, water, electricity, gas and other fuels",All sources,2023-01,159.2923,ok,
gss.cpi.annex,Consumer Price Index,Ashanti,"Housing, water, electricity, gas and other fuels",All sources,2023-02,162.1894,ok,
gss.cpi.annex,Consumer Price Index,Ashanti,"Housing, water, electricity, gas and other fuels",All sources,2023-03,161.327,ok,
gss.cpi.annex,Consumer Price Index,Ashanti,"Housing, water, electricity, gas and other fuels",All sources,2023-04,160.7035,ok,
gss.cpi.annex,Consumer Price Index,Ashanti,"Housing, water, electricity, gas and other fuels",All sources,2023-05,163.0054,ok,
gss.cpi.annex,Consumer Price Index,Ashanti,"Housing, water, electricity, gas and other fuels",All sources,2023-06,163.1351,ok,
gss.cpi.annex,Consumer Price Index,Ashanti,"Housing, water, electricity, gas and other fuels",All sources,2023-07,166.2285,ok,
gss.cpi.annex,Consumer Price Index,Ashanti,"Housing, water, electricity, gas and other fuels",All sources,2023-08,165.3506,ok,
gss.cpi.annex,Consumer Price Index,Ashanti,"Housing, water, electricity, gas and other fuels",All sources,2023-09,165.434,ok,
gss.cpi.annex,Consumer Price Index,Ashanti,"Housing, water, electricity, gas and other fuels",All sources,2023-10,,held,annex3_vs_annex4
gss.cpi.annex,Consumer Price Index,Ashanti,"Housing, water, electricity, gas and other fuels",All sources,2023-11,204.7674,ok,
gss.cpi.annex,Consumer Price Index,Ashanti,"Housing, water, electricity, gas and other fuels",All sources,2023-12,206.3667,ok,
gss.cpi.annex,Consumer Price Index,Ashanti,"Housing, water, electricity, gas and other fuels",All sources,2024-01,225.0319,ok,
gss.cpi.annex,Consumer Price Index,Ashanti,"Housing, water, electricity, gas and other fuels",All sources,2024-02,,held,aggregation
gss.cpi.annex,Consumer Price Index,Ashanti,"Housing, water, electricity, gas and other fuels",All sources,2024-03,226.7757,ok,
gss.cpi.annex,Consumer Price Index,Ashanti,"Housing, water, electricity, gas and other fuels",All sources,2024-04,233.7269,ok,
gss.cpi.annex,Consumer Price Index,Ashanti,"Housing, water, electricity, gas and other fuels",All sources,2024-05,233.3242,ok,
gss.cpi.annex,Consumer Price Index,Ashanti,"Housing, water, electricity, gas and other fuels",All sources,2024-06,233.9435,ok,
gss.cpi.annex,Consumer Price Index,Ashanti,"Housing, water, electricity, gas and other fuels",All sources,2024-07,248.4601,ok,
gss.cpi.annex,Consumer Price Index,Ashanti,"Housing, water, electricity, gas and other fuels",All sources,2024-08,249.0232,ok,
gss.cpi.annex,Consumer Price Index,Ashanti,"Housing, water, electricity, gas and other fuels",All sources,2024-09,252.2026,ok,
gss.cpi.annex,Consumer Price Index,Ashanti,"Housing, water, electricity, gas and other fuels",All sources,2024-10,259.2924,ok,
gss.cpi.annex,Consumer Price Index,Ashanti,"Housing, water, electricity, gas and other fuels",All sources,2024-11,281.3319,ok,
gss.cpi.annex,Consumer Price Index,Ashanti,"Housing, water, electricity, gas and other fuels",All sources,2024-12,298.1353,ok,
gss.cpi.annex,Consumer Price Index,Ashanti,"Housing, water, electricity, gas and other fuels",All sources,2025-01,301.6387,ok,
gss.cpi.annex,Consumer Price Index,Ashanti,"Housing, water, electricity, gas and other fuels",All sources,2025-02,301.3404,ok,
gss.cpi.annex,Consumer Price Index,Ashanti,"Housing, water, electricity, gas and other fuels",All sources,2025-03,301.7958,ok,
gss.cpi.annex,Consumer Price Index,Ashanti,"Housing, water, electricity, gas and other fuels",All sources,2025-04,303.5159,ok,
gss.cpi.annex,Consumer Price Index,Ashanti,"Housing, water, electricity, gas and other fuels",All sources,2025-05,303.8969,ok,
gss.cpi.annex,Consumer Price Index,Ashanti,"Housing, water, electricity, gas and other fuels",All sources,2025-06,305.8137,ok,
gss.cpi.annex,Consumer Price Index,Ashanti,"Housing, water, electricity, gas and other fuels",All sources,2025-07,305.9285,ok,
gss.cpi.annex,Consumer Price Index,Ashanti,"Housing, water, electricity, gas and other fuels",All sources,2025-08,305.5829,ok,
gss.cpi.annex,Consumer Price Index,Ashanti,"Housing, water, electricity, gas and other fuels",All sources,2025-09,302.7257,ok,
gss.cpi.annex,Consumer Price Index,Ashanti,"Housing, water, electricity, gas and other fuels",All sources,2025-10,303.0453,ok,
gss.cpi.annex,Consumer Price Index,Ashanti,"Housing, water, electricity, gas and other fuels",All sources,2025-11,302.1866,ok,
gss.cpi.annex,Consumer Price Index,Ashanti,"Housing, water, electricity, gas and other fuels",All sources,2025-12,301.4015,ok,
gss.cpi.annex,Consumer Price Index,Ashanti,"Housing, water, electricity, gas and other fuels",All sources,2026-01,301.0961,ok,
gss.cpi.annex,Consumer Price Index,Ashanti,"Housing, water, electricity, gas and other fuels",All sources,2026-02,302.0379,ok,
gss.cpi.annex,Consumer Price Index,Ashanti,"Housing, water, electricity, gas and other fuels",All sources,2026-03,313.1694,ok,
gss.cpi.annex,Consumer Price Index,Ashanti,"Housing, water, electricity, gas and other fuels",All sources,2026-04,316.9525,ok,
gss.cpi.annex,Consumer Price Index,Ashanti,"Housing, water, electricity, gas and other fuels",All sources,2026-05,319.8368,ok,
gss.cpi.annex,Consumer Price Index,Ashanti,"Housing, water, electricity, gas and other fuels",All sources,2026-06,321.5652,ok,
gss.cpi.annex,Consumer Price Index,Ashanti,"Housing, water, electricity, gas and other fuels",All sources,2026-07,323.0709,ok,
gss.cpi.annex,Consumer Price Index,Ashanti,"Housing, water, electricity, gas and other fuels",All sources,2026-08,325.7459,ok,
gss.cpi.annex,Consumer Price Index,Ashanti,Information and communication,All sources,2022-09,114.9264,ok,
gss.cpi.annex,Consumer Price Index,Ashanti,Information and communication,All sources,2022-10,114.9125,ok,
gss.cpi.annex,Consumer Price Index,Ashanti,Information and communication,All sources,2022-11,116.4956,ok,
gss.cpi.annex,Consumer Price Index,Ashanti,Information and communication,All sources,2022-12,117.2254,ok,
gss.cpi.annex,Consumer Price Index,Ashanti,Information and communication,All sources,2023-01,118.298,ok,
gss.cpi.annex,Consumer Price Index,Ashanti,Information and communication,All sources,2023-02,119.3919,ok,
gss.cpi.annex,Consumer Price Index,Ashanti,Information and communication,All sources,2023-03,117.6499,ok,
gss.cpi.annex,Consumer Price Index,Ashanti,Information and communication,All sources,2023-04,117.7849,ok,
gss.cpi.annex,Consumer Price Index,Ashanti,Information and communication,All sources,2023-05,120.6838,ok,
gss.cpi.annex,Consumer Price Index,Ashanti,Information and communication,All sources,2023-06,123.2721,ok,
gss.cpi.annex,Consumer Price Index,Ashanti,Information and communication,All sources,2023-07,126.8379,ok,
gss.cpi.annex,Consumer Price Index,Ashanti,Information and communication,All sources,2023-08,126.1818,ok,
gss.cpi.annex,Consumer Price Index,Ashanti,Information and communication,All sources,2023-09,126.2912,ok,
gss.cpi.annex,Consumer Price Index,Ashanti,Information and communication,All sources,2023-10,,held,annex3_vs_annex4
gss.cpi.annex,Consumer Price Index,Ashanti,Information and communication,All sources,2023-11,126.7294,ok,
gss.cpi.annex,Consumer Price Index,Ashanti,Information and communication,All sources,2023-12,126.9889,ok,
gss.cpi.annex,Consumer Price Index,Ashanti,Information and communication,All sources,2024-01,127.4144,ok,
gss.cpi.annex,Consumer Price Index,Ashanti,Information and communication,All sources,2024-02,,held,aggregation
gss.cpi.annex,Consumer Price Index,Ashanti,Information and communication,All sources,2024-03,127.8642,ok,
gss.cpi.annex,Consumer Price Index,Ashanti,Information and communication,All sources,2024-04,128.0617,ok,
gss.cpi.annex,Consumer Price Index,Ashanti,Information and communication,All sources,2024-05,128.5657,ok,
gss.cpi.annex,Consumer Price Index,Ashanti,Information and communication,All sources,2024-06,129.0518,ok,
gss.cpi.annex,Consumer Price Index,Ashanti,Information and communication,All sources,2024-07,129.6089,ok,
gss.cpi.annex,Consumer Price Index,Ashanti,Information and communication,All sources,2024-08,130.2543,ok,
gss.cpi.annex,Consumer Price Index,Ashanti,Information and communication,All sources,2024-09,130.5945,ok,
gss.cpi.annex,Consumer Price Index,Ashanti,Information and communication,All sources,2024-10,130.5035,ok,
gss.cpi.annex,Consumer Price Index,Ashanti,Information and communication,All sources,2024-11,130.8594,ok,
gss.cpi.annex,Consumer Price Index,Ashanti,Information and communication,All sources,2024-12,131.0055,ok,
gss.cpi.annex,Consumer Price Index,Ashanti,Information and communication,All sources,2025-01,130.774,ok,
gss.cpi.annex,Consumer Price Index,Ashanti,Information and communication,All sources,2025-02,131.2018,ok,
gss.cpi.annex,Consumer Price Index,Ashanti,Information and communication,All sources,2025-03,131.6089,ok,
gss.cpi.annex,Consumer Price Index,Ashanti,Information and communication,All sources,2025-04,132.2724,ok,
gss.cpi.annex,Consumer Price Index,Ashanti,Information and communication,All sources,2025-05,133.0135,ok,
gss.cpi.annex,Consumer Price Index,Ashanti,Information and communication,All sources,2025-06,133.5492,ok,
gss.cpi.annex,Consumer Price Index,Ashanti,Information and communication,All sources,2025-07,133.0892,ok,
gss.cpi.annex,Consumer Price Index,Ashanti,Information and communication,All sources,2025-08,133.3761,ok,
gss.cpi.annex,Consumer Price Index,Ashanti,Information and communication,All sources,2025-09,133.8886,ok,
gss.cpi.annex,Consumer Price Index,Ashanti,Information and communication,All sources,2025-10,133.8564,ok,
gss.cpi.annex,Consumer Price Index,Ashanti,Information and communication,All sources,2025-11,133.9194,ok,
gss.cpi.annex,Consumer Price Index,Ashanti,Information and communication,All sources,2025-12,133.9217,ok,
gss.cpi.annex,Consumer Price Index,Ashanti,Information and communication,All sources,2026-01,134.3585,ok,
gss.cpi.annex,Consumer Price Index,Ashanti,Information and communication,All sources,2026-02,135.3522,ok,
gss.cpi.annex,Consumer Price Index,Ashanti,Information and communication,All sources,2026-03,135.3532,ok,
gss.cpi.annex,Consumer Price Index,Ashanti,Information and communication,All sources,2026-04,135.4858,ok,
gss.cpi.annex,Consumer Price Index,Ashanti,Information and communication,All sources,2026-05,135.6667,ok,
gss.cpi.annex,Consumer Price Index,Ashanti,Information and communication,All sources,2026-06,135.7862,ok,
gss.cpi.annex,Consumer Price Index,Ashanti,Information and communication,All sources,2026-07,135.8119,ok,
gss.cpi.annex,Consumer Price Index,Ashanti,Information and communication,All sources,2026-08,135.9214,ok,
gss.cpi.annex,Consumer Price Index,Ashanti,Insurance and financial services,All sources,2022-09,108.1001,ok,
gss.cpi.annex,Consumer Price Index,Ashanti,Insurance and financial services,All sources,2022-10,107.4587,ok,
gss.cpi.annex,Consumer Price Index,Ashanti,Insurance and financial services,All sources,2022-11,94.1774,ok,
gss.cpi.annex,Consumer Price Index,Ashanti,Insurance and financial services,All sources,2022-12,94.1774,ok,
gss.cpi.annex,Consumer Price Index,Ashanti,Insurance and financial services,All sources,2023-01,93.9619,ok,
gss.cpi.annex,Consumer Price Index,Ashanti,Insurance and financial services,All sources,2023-02,94.5165,ok,
gss.cpi.annex,Consumer Price Index,Ashanti,Insurance and financial services,All sources,2023-03,93.039,ok,
gss.cpi.annex,Consumer Price Index,Ashanti,Insurance and financial services,All sources,2023-04,93.039,ok,
gss.cpi.annex,Consumer Price Index,Ashanti,Insurance and financial services,All sources,2023-05,94.5689,ok,
gss.cpi.annex,Consumer Price Index,Ashanti,Insurance and financial services,All sources,2023-06,95.952,ok,
gss.cpi.annex,Consumer Price Index,Ashanti,Insurance and financial services,All sources,2023-07,98.5052,ok,
gss.cpi.annex,Consumer Price Index,Ashanti,Insurance and financial services,All sources,2023-08,98.5052,ok,
gss.cpi.annex,Consumer Price Index,Ashanti,Insurance and financial services,All sources,2023-09,98.5052,ok,
gss.cpi.annex,Consumer Price Index,Ashanti,Insurance and financial services,All sources,2023-10,,held,annex3_vs_annex4
gss.cpi.annex,Consumer Price Index,Ashanti,Insurance and financial services,All sources,2023-11,98.5052,ok,
gss.cpi.annex,Consumer Price Index,Ashanti,Insurance and financial services,All sources,2023-12,98.5052,ok,
gss.cpi.annex,Consumer Price Index,Ashanti,Insurance and financial services,All sources,2024-01,99.9202,ok,
gss.cpi.annex,Consumer Price Index,Ashanti,Insurance and financial services,All sources,2024-02,,held,aggregation
gss.cpi.annex,Consumer Price Index,Ashanti,Insurance and financial services,All sources,2024-03,101.3787,ok,
gss.cpi.annex,Consumer Price Index,Ashanti,Insurance and financial services,All sources,2024-04,102.7237,ok,
gss.cpi.annex,Consumer Price Index,Ashanti,Insurance and financial services,All sources,2024-05,102.7237,ok,
gss.cpi.annex,Consumer Price Index,Ashanti,Insurance and financial services,All sources,2024-06,106.6157,ok,
gss.cpi.annex,Consumer Price Index,Ashanti,Insurance and financial services,All sources,2024-07,106.7357,ok,
gss.cpi.annex,Consumer Price Index,Ashanti,Insurance and financial services,All sources,2024-08,99.9403,ok,
gss.cpi.annex,Consumer Price Index,Ashanti,Insurance and financial services,All sources,2024-09,104.8511,ok,
gss.cpi.annex,Consumer Price Index,Ashanti,Insurance and financial services,All sources,2024-10,106.7357,ok,
gss.cpi.annex,Consumer Price Index,Ashanti,Insurance and financial services,All sources,2024-11,106.7357,ok,
gss.cpi.annex,Consumer Price Index,Ashanti,Insurance and financial services,All sources,2024-12,107.6198,ok,
gss.cpi.annex,Consumer Price Index,Ashanti,Insurance and financial services,All sources,2025-01,110.0049,ok,
gss.cpi.annex,Consumer Price Index,Ashanti,Insurance and financial services,All sources,2025-02,117.7051,ok,
gss.cpi.annex,Consumer Price Index,Ashanti,Insurance and financial services,All sources,2025-03,120.0646,ok,
gss.cpi.annex,Consumer Price Index,Ashanti,Insurance and financial services,All sources,2025-04,120.5064,ok,
gss.cpi.annex,Consumer Price Index,Ashanti,Insurance and financial services,All sources,2025-05,120.5064,ok,
gss.cpi.annex,Consumer Price Index,Ashanti,Insurance and financial services,All sources,2025-06,120.5064,ok,
gss.cpi.annex,Consumer Price Index,Ashanti,Insurance and financial services,All sources,2025-07,120.5064,ok,
gss.cpi.annex,Consumer Price Index,Ashanti,Insurance and financial services,All sources,2025-08,122.8045,ok,
gss.cpi.annex,Consumer Price Index,Ashanti,Insurance and financial services,All sources,2025-09,122.8045,ok,
gss.cpi.annex,Consumer Price Index,Ashanti,Insurance and financial services,All sources,2025-10,122.8045,ok,
gss.cpi.annex,Consumer Price Index,Ashanti,Insurance and financial services,All sources,2025-11,122.8045,ok,
gss.cpi.annex,Consumer Price Index,Ashanti,Insurance and financial services,All sources,2025-12,122.8045,ok,
gss.cpi.annex,Consumer Price Index,Ashanti,Insurance and financial services,All sources,2026-01,122.8045,ok,
gss.cpi.annex,Consumer Price Index,Ashanti,Insurance and financial services,All sources,2026-02,122.8045,ok,
gss.cpi.annex,Consumer Price Index,Ashanti,Insurance and financial services,All sources,2026-03,122.9936,ok,
gss.cpi.annex,Consumer Price Index,Ashanti,Insurance and financial services,All sources,2026-04,123.3622,ok,
gss.cpi.annex,Consumer Price Index,Ashanti,Insurance and financial services,All sources,2026-05,123.3622,ok,
gss.cpi.annex,Consumer Price Index,Ashanti,Insurance and financial services,All sources,2026-06,123.3622,ok,
gss.cpi.annex,Consumer Price Index,Ashanti,Insurance and financial services,All sources,2026-07,123.3622,ok,
gss.cpi.annex,Consumer Price Index,Ashanti,Insurance and financial services,All sources,2026-08,123.3622,ok,
gss.cpi.annex,Consumer Price Index,Ashanti,"Personal care, social protection and miscellaneous goods and services",All sources,2022-09,141.4973,ok,
gss.cpi.annex,Consumer Price Index,Ashanti,"Personal care, social protection and miscellaneous goods and services",All sources,2022-10,142.7151,ok,
gss.cpi.annex,Consumer Price Index,Ashanti,"Personal care, social protection and miscellaneous goods and services",All sources,2022-11,153.5364,ok,
gss.cpi.annex,Consumer Price Index,Ashanti,"Personal care, social protection and miscellaneous goods and services",All sources,2022-12,160.174,ok,
gss.cpi.annex,Consumer Price Index,Ashanti,"Personal care, social protection and miscellaneous goods and services",All sources,2023-01,163.1257,ok,
gss.cpi.annex,Consumer Price Index,Ashanti,"Personal care, social protection and miscellaneous goods and services",All sources,2023-02,167.1639,ok,
gss.cpi.annex,Consumer Price Index,Ashanti,"Personal care, social protection and miscellaneous goods and services",All sources,2023-03,164.3042,ok,
gss.cpi.annex,Consumer Price Index,Ashanti,"Personal care, social protection and miscellaneous goods and services",All sources,2023-04,168.3129,ok,
gss.cpi.annex,Consumer Price Index,Ashanti,"Personal care, social protection and miscellaneous goods and services",All sources,2023-05,180.1608,ok,
gss.cpi.annex,Consumer Price Index,Ashanti,"Personal care, social protection and miscellaneous goods and services",All sources,2023-06,189.1384,ok,
gss.cpi.annex,Consumer Price Index,Ashanti,"Personal care, social protection and miscellaneous goods and services",All sources,2023-07,199.6763,ok,
gss.cpi.annex,Consumer Price Index,Ashanti,"Personal care, social protection and miscellaneous goods and services",All sources,2023-08,195.2013,ok,
gss.cpi.annex,Consumer Price Index,Ashanti,"Personal care, social protection and miscellaneous goods and services",All sources,2023-09,195.0621,ok,
gss.cpi.annex,Consumer Price Index,Ashanti,"Personal care, social protection and miscellaneous goods and services",All sources,2023-10,,held,annex3_vs_annex4
gss.cpi.annex,Consumer Price Index,Ashanti,"Personal care, social protection and miscellaneous goods and services",All sources,2023-11,196.2642,ok,
gss.cpi.annex,Consumer Price Index,Ashanti,"Personal care, social protection and miscellaneous goods and services",All sources,2023-12,199.4113,ok,
gss.cpi.annex,Consumer Price Index,Ashanti,"Personal care, social protection and miscellaneous goods and services",All sources,2024-01,206.6486,ok,
gss.cpi.annex,Consumer Price Index,Ashanti,"Personal care, social protection and miscellaneous goods and services",All sources,2024-02,,held,aggregation
gss.cpi.annex,Consumer Price Index,Ashanti,"Personal care, social protection and miscellaneous goods and services",All sources,2024-03,211.5732,ok,
gss.cpi.annex,Consumer Price Index,Ashanti,"Personal care, social protection and miscellaneous goods and services",All sources,2024-04,214.8345,ok,
gss.cpi.annex,Consumer Price Index,Ashanti,"Personal care, social protection and miscellaneous goods and services",All sources,2024-05,217.6884,ok,
gss.cpi.annex,Consumer Price Index,Ashanti,"Personal care, social protection and miscellaneous goods and services",All sources,2024-06,221.7713,ok,
gss.cpi.annex,Consumer Price Index,Ashanti,"Personal care, social protection and miscellaneous goods and services",All sources,2024-07,232.5647,ok,
gss.cpi.annex,Consumer Price Index,Ashanti,"Personal care, social protection and miscellaneous goods and services",All sources,2024-08,229.9075,ok,
gss.cpi.annex,Consumer Price Index,Ashanti,"Personal care, social protection and miscellaneous goods and services",All sources,2024-09,238.5061,ok,
gss.cpi.annex,Consumer Price Index,Ashanti,"Personal care, social protection and miscellaneous goods and services",All sources,2024-10,243.2285,ok,
gss.cpi.annex,Consumer Price Index,Ashanti,"Personal care, social protection and miscellaneous goods and services",All sources,2024-11,246.9387,ok,
gss.cpi.annex,Consumer Price Index,Ashanti,"Personal care, social protection and miscellaneous goods and services",All sources,2024-12,252.1081,ok,
gss.cpi.annex,Consumer Price Index,Ashanti,"Personal care, social protection and miscellaneous goods and services",All sources,2025-01,255.2934,ok,
gss.cpi.annex,Consumer Price Index,Ashanti,"Personal care, social protection and miscellaneous goods and services",All sources,2025-02,254.7881,ok,
gss.cpi.annex,Consumer Price Index,Ashanti,"Personal care, social protection and miscellaneous goods and services",All sources,2025-03,256.6089,ok,
gss.cpi.annex,Consumer Price Index,Ashanti,"Personal care, social protection and miscellaneous goods and services",All sources,2025-04,263.4636,ok,
gss.cpi.annex,Consumer Price Index,Ashanti,"Personal care, social protection and miscellaneous goods and services",All sources,2025-05,270.3086,ok,
gss.cpi.annex,Consumer Price Index,Ashanti,"Personal care, social protection and miscellaneous goods and services",All sources,2025-06,260.1244,ok,
gss.cpi.annex,Consumer Price Index,Ashanti,"Personal care, social protection and miscellaneous goods and services",All sources,2025-07,266.9843,ok,
gss.cpi.annex,Consumer Price Index,Ashanti,"Personal care, social protection and miscellaneous goods and services",All sources,2025-08,269.1411,ok,
gss.cpi.annex,Consumer Price Index,Ashanti,"Personal care, social protection and miscellaneous goods and services",All sources,2025-09,273.244,ok,
gss.cpi.annex,Consumer Price Index,Ashanti,"Personal care, social protection and miscellaneous goods and services",All sources,2025-10,275.4069,ok,
gss.cpi.annex,Consumer Price Index,Ashanti,"Personal care, social protection and miscellaneous goods and services",All sources,2025-11,279.496,ok,
gss.cpi.annex,Consumer Price Index,Ashanti,"Personal care, social protection and miscellaneous goods and services",All sources,2025-12,281.7719,ok,
gss.cpi.annex,Consumer Price Index,Ashanti,"Personal care, social protection and miscellaneous goods and services",All sources,2026-01,282.0818,ok,
gss.cpi.annex,Consumer Price Index,Ashanti,"Personal care, social protection and miscellaneous goods and services",All sources,2026-02,283.7557,ok,
gss.cpi.annex,Consumer Price Index,Ashanti,"Personal care, social protection and miscellaneous goods and services",All sources,2026-03,284.2702,ok,
gss.cpi.annex,Consumer Price Index,Ashanti,"Personal care, social protection and miscellaneous goods and services",All sources,2026-04,288.0823,ok,
gss.cpi.annex,Consumer Price Index,Ashanti,"Personal care, social protection and miscellaneous goods and services",All sources,2026-05,292.0036,ok,
gss.cpi.annex,Consumer Price Index,Ashanti,"Personal care, social protection and miscellaneous goods and services",All sources,2026-06,294.1072,ok,
gss.cpi.annex,Consumer Price Index,Ashanti,"Personal care, social protection and miscellaneous goods and services",All sources,2026-07,299.2265,ok,
gss.cpi.annex,Consumer Price Index,Ashanti,"Personal care, social protection and miscellaneous goods and services",All sources,2026-08,300.5056,ok,
gss.cpi.annex,Consumer Price Index,Ashanti,"Recreation, sport and culture",All sources,2022-09,130.1923,ok,
gss.cpi.annex,Consumer Price Index,Ashanti,"Recreation, sport and culture",All sources,2022-10,133.4784,ok,
gss.cpi.annex,Consumer Price Index,Ashanti,"Recreation, sport and culture",All sources,2022-11,142.8808,ok,
gss.cpi.annex,Consumer Price Index,Ashanti,"Recreation, sport and culture",All sources,2022-12,146.6754,ok,
gss.cpi.annex,Consumer Price Index,Ashanti,"Recreation, sport and culture",All sources,2023-01,146.236,ok,
gss.cpi.annex,Consumer Price Index,Ashanti,"Recreation, sport and culture",All sources,2023-02,150.0843,ok,
gss.cpi.annex,Consumer Price Index,Ashanti,"Recreation, sport and culture",All sources,2023-03,142.1288,ok,
gss.cpi.annex,Consumer Price Index,Ashanti,"Recreation, sport and culture",All sources,2023-04,144.6892,ok,
gss.cpi.annex,Consumer Price Index,Ashanti,"Recreation, sport and culture",All sources,2023-05,154.6614,ok,
gss.cpi.annex,Consumer Price Index,Ashanti,"Recreation, sport and culture",All sources,2023-06,162.8918,ok,
gss.cpi.annex,Consumer Price Index,Ashanti,"Recreation, sport and culture",All sources,2023-07,175.6101,ok,
gss.cpi.annex,Consumer Price Index,Ashanti,"Recreation, sport and culture",All sources,2023-08,171.9773,ok,
gss.cpi.annex,Consumer Price Index,Ashanti,"Recreation, sport and culture",All sources,2023-09,174.6772,ok,
gss.cpi.annex,Consumer Price Index,Ashanti,"Recreation, sport and culture",All sources,2023-10,,held,annex3_vs_annex4
gss.cpi.annex,Consumer Price Index,Ashanti,"Recreation, sport and culture",All sources,2023-11,179.9854,ok,
gss.cpi.annex,Consumer Price Index,Ashanti,"Recreation, sport and culture",All sources,2023-12,181.6552,ok,
gss.cpi.annex,Consumer Price Index,Ashanti,"Recreation, sport and culture",All sources,2024-01,185.6889,ok,
gss.cpi.annex,Consumer Price Index,Ashanti,"Recreation, sport and culture",All sources,2024-02,,held,aggregation
gss.cpi.annex,Consumer Price Index,Ashanti,"Recreation, sport and culture",All sources,2024-03,190.0744,ok,
gss.cpi.annex,Consumer Price Index,Ashanti,"Recreation, sport and culture",All sources,2024-04,192.0976,ok,
gss.cpi.annex,Consumer Price Index,Ashanti,"Recreation, sport and culture",All sources,2024-05,197.3007,ok,
gss.cpi.annex,Consumer Price Index,Ashanti,"Recreation, sport and culture",All sources,2024-06,198.7238,ok,
gss.cpi.annex,Consumer Price Index,Ashanti,"Recreation, sport and culture",All sources,2024-07,207.7101,ok,
gss.cpi.annex,Consumer Price Index,Ashanti,"Recreation, sport and culture",All sources,2024-08,212.9347,ok,
gss.cpi.annex,Consumer Price Index,Ashanti,"Recreation, sport and culture",All sources,2024-09,213.4782,ok,
gss.cpi.annex,Consumer Price Index,Ashanti,"Recreation, sport and culture",All sources,2024-10,217.973,ok,
gss.cpi.annex,Consumer Price Index,Ashanti,"Recreation, sport and culture",All sources,2024-11,221.7174,ok,
gss.cpi.annex,Consumer Price Index,Ashanti,"Recreation, sport and culture",All sources,2024-12,222.0855,ok,
gss.cpi.annex,Consumer Price Index,Ashanti,"Recreation, sport and culture",All sources,2025-01,233.0702,ok,
gss.cpi.annex,Consumer Price Index,Ashanti,"Recreation, sport and culture",All sources,2025-02,236.7086,ok,
gss.cpi.annex,Consumer Price Index,Ashanti,"Recreation, sport and culture",All sources,2025-03,242.7618,ok,
gss.cpi.annex,Consumer Price Index,Ashanti,"Recreation, sport and culture",All sources,2025-04,249.04,ok,
gss.cpi.annex,Consumer Price Index,Ashanti,"Recreation, sport and culture",All sources,2025-05,254.6011,ok,
gss.cpi.annex,Consumer Price Index,Ashanti,"Recreation, sport and culture",All sources,2025-06,251.3825,ok,
gss.cpi.annex,Consumer Price Index,Ashanti,"Recreation, sport and culture",All sources,2025-07,255.3374,ok,
gss.cpi.annex,Consumer Price Index,Ashanti,"Recreation, sport and culture",All sources,2025-08,255.3531,ok,
gss.cpi.annex,Consumer Price Index,Ashanti,"Recreation, sport and culture",All sources,2025-09,262.42,ok,
gss.cpi.annex,Consumer Price Index,Ashanti,"Recreation, sport and culture",All sources,2025-10,265.6547,ok,
gss.cpi.annex,Consumer Price Index,Ashanti,"Recreation, sport and culture",All sources,2025-11,260.1476,ok,
gss.cpi.annex,Consumer Price Index,Ashanti,"Recreation, sport and culture",All sources,2025-12,266.1167,ok,
gss.cpi.annex,Consumer Price Index,Ashanti,"Recreation, sport and culture",All sources,2026-01,266.1267,ok,
gss.cpi.annex,Consumer Price Index,Ashanti,"Recreation, sport and culture",All sources,2026-02,266.7707,ok,
gss.cpi.annex,Consumer Price Index,Ashanti,"Recreation, sport and culture",All sources,2026-03,266.7849,ok,
gss.cpi.annex,Consumer Price Index,Ashanti,"Recreation, sport and culture",All sources,2026-04,266.8495,ok,
gss.cpi.annex,Consumer Price Index,Ashanti,"Recreation, sport and culture",All sources,2026-05,273.2273,ok,
gss.cpi.annex,Consumer Price Index,Ashanti,"Recreation, sport and culture",All sources,2026-06,279.3975,ok,
gss.cpi.annex,Consumer Price Index,Ashanti,"Recreation, sport and culture",All sources,2026-07,279.8591,ok,
gss.cpi.annex,Consumer Price Index,Ashanti,"Recreation, sport and culture",All sources,2026-08,285.5292,ok,
gss.cpi.annex,Consumer Price Index,Ashanti,Restaurants and accommodation services,All sources,2022-09,118.2414,ok,
gss.cpi.annex,Consumer Price Index,Ashanti,Restaurants and accommodation services,All sources,2022-10,119.6895,ok,
gss.cpi.annex,Consumer Price Index,Ashanti,Restaurants and accommodation services,All sources,2022-11,121.6062,ok,
gss.cpi.annex,Consumer Price Index,Ashanti,Restaurants and accommodation services,All sources,2022-12,122.6067,ok,
gss.cpi.annex,Consumer Price Index,Ashanti,Restaurants and accommodation services,All sources,2023-01,125.3468,ok,
gss.cpi.annex,Consumer Price Index,Ashanti,Restaurants and accommodation services,All sources,2023-02,126.3164,ok,
gss.cpi.annex,Consumer Price Index,Ashanti,Restaurants and accommodation services,All sources,2023-03,122.7793,ok,
gss.cpi.annex,Consumer Price Index,Ashanti,Restaurants and accommodation services,All sources,2023-04,122.9137,ok,
gss.cpi.annex,Consumer Price Index,Ashanti,Restaurants and accommodation services,All sources,2023-05,129.599,ok,
gss.cpi.annex,Consumer Price Index,Ashanti,Restaurants and accommodation services,All sources,2023-06,134.9667,ok,
gss.cpi.annex,Consumer Price Index,Ashanti,Restaurants and accommodation services,All sources,2023-07,140.8005,ok,
gss.cpi.annex,Consumer Price Index,Ashanti,Restaurants and accommodation services,All sources,2023-08,134.1451,ok,
gss.cpi.annex,Consumer Price Index,Ashanti,Restaurants and accommodation services,All sources,2023-09,137.0822,ok,
gss.cpi.annex,Consumer Price Index,Ashanti,Restaurants and accommodation services,All sources,2023-10,,held,annex3_vs_annex4
gss.cpi.annex,Consumer Price Index,Ashanti,Restaurants and accommodation services,All sources,2023-11,139.9402,ok,
gss.cpi.annex,Consumer Price Index,Ashanti,Restaurants and accommodation services,All sources,2023-12,139.9402,ok,
gss.cpi.annex,Consumer Price Index,Ashanti,Restaurants and accommodation services,All sources,2024-01,142.7822,ok,
gss.cpi.annex,Consumer Price Index,Ashanti,Restaurants and accommodation services,All sources,2024-02,,held,aggregation
gss.cpi.annex,Consumer Price Index,Ashanti,Restaurants and accommodation services,All sources,2024-03,142.7822,ok,
gss.cpi.annex,Consumer Price Index,Ashanti,Restaurants and accommodation services,All sources,2024-04,142.7822,ok,
gss.cpi.annex,Consumer Price Index,Ashanti,Restaurants and accommodation services,All sources,2024-05,146.4878,ok,
gss.cpi.annex,Consumer Price Index,Ashanti,Restaurants and accommodation services,All sources,2024-06,150.0821,ok,
gss.cpi.annex,Consumer Price Index,Ashanti,Restaurants and accommodation services,All sources,2024-07,157.4401,ok,
gss.cpi.annex,Consumer Price Index,Ashanti,Restaurants and accommodation services,All sources,2024-08,168.5727,ok,
gss.cpi.annex,Consumer Price Index,Ashanti,Restaurants and accommodation services,All sources,2024-09,169.0777,ok,
gss.cpi.annex,Consumer Price Index,Ashanti,Restaurants and accommodation services,All sources,2024-10,171.5778,ok,
gss.cpi.annex,Consumer Price Index,Ashanti,Restaurants and accommodation services,All sources,2024-11,171.6598,ok,
gss.cpi.annex,Consumer Price Index,Ashanti,Restaurants and accommodation services,All sources,2024-12,174.4923,ok,
gss.cpi.annex,Consumer Price Index,Ashanti,Restaurants and accommodation services,All sources,2025-01,176.7881,ok,
gss.cpi.annex,Consumer Price Index,Ashanti,Restaurants and accommodation services,All sources,2025-02,178.2458,ok,
gss.cpi.annex,Consumer Price Index,Ashanti,Restaurants and accommodation services,All sources,2025-03,172.7359,ok,
gss.cpi.annex,Consumer Price Index,Ashanti,Restaurants and accommodation services,All sources,2025-04,171.6464,ok,
gss.cpi.annex,Consumer Price Index,Ashanti,Restaurants and accommodation services,All sources,2025-05,174.2119,ok,
gss.cpi.annex,Consumer Price Index,Ashanti,Restaurants and accommodation services,All sources,2025-06,174.2119,ok,
gss.cpi.annex,Consumer Price Index,Ashanti,Restaurants and accommodation services,All sources,2025-07,174.2119,ok,
gss.cpi.annex,Consumer Price Index,Ashanti,Restaurants and accommodation services,All sources,2025-08,174.2119,ok,
gss.cpi.annex,Consumer Price Index,Ashanti,Restaurants and accommodation services,All sources,2025-09,176.7017,ok,
gss.cpi.annex,Consumer Price Index,Ashanti,Restaurants and accommodation services,All sources,2025-10,177.5002,ok,
gss.cpi.annex,Consumer Price Index,Ashanti,Restaurants and accommodation services,All sources,2025-11,177.5002,ok,
gss.cpi.annex,Consumer Price Index,Ashanti,Restaurants and accommodation services,All sources,2025-12,179.5212,ok,
gss.cpi.annex,Consumer Price Index,Ashanti,Restaurants and accommodation services,All sources,2026-01,181.2863,ok,
gss.cpi.annex,Consumer Price Index,Ashanti,Restaurants and accommodation services,All sources,2026-02,189.5756,ok,
gss.cpi.annex,Consumer Price Index,Ashanti,Restaurants and accommodation services,All sources,2026-03,189.5756,ok,
gss.cpi.annex,Consumer Price Index,Ashanti,Restaurants and accommodation services,All sources,2026-04,191.9356,ok,
gss.cpi.annex,Consumer Price Index,Ashanti,Restaurants and accommodation services,All sources,2026-05,191.9356,ok,
gss.cpi.annex,Consumer Price Index,Ashanti,Restaurants and accommodation services,All sources,2026-06,192.4032,ok,
gss.cpi.annex,Consumer Price Index,Ashanti,Restaurants and accommodation services,All sources,2026-07,192.5154,ok,
gss.cpi.annex,Consumer Price Index,Ashanti,Restaurants and accommodation services,All sources,2026-08,195.001,ok,
gss.cpi.annex,Consumer Price Index,Ashanti,Transport,All sources,2022-09,142.1025,ok,
gss.cpi.annex,Consumer Price Index,Ashanti,Transport,All sources,2022-10,143.0844,ok,
gss.cpi.annex,Consumer Price Index,Ashanti,Transport,All sources,2022-11,162.6058,ok,
gss.cpi.annex,Consumer Price Index,Ashanti,Transport,All sources,2022-12,173.2118,ok,
gss.cpi.annex,Consumer Price Index,Ashanti,Transport,All sources,2023-01,170.159,ok,
gss.cpi.annex,Consumer Price Index,Ashanti,Transport,All sources,2023-02,171.8688,ok,
gss.cpi.annex,Consumer Price Index,Ashanti,Transport,All sources,2023-03,167.4944,ok,
gss.cpi.annex,Consumer Price Index,Ashanti,Transport,All sources,2023-04,167.3048,ok,
gss.cpi.annex,Consumer Price Index,Ashanti,Transport,All sources,2023-05,170.3044,ok,
gss.cpi.annex,Consumer Price Index,Ashanti,Transport,All sources,2023-06,173.5557,ok,
gss.cpi.annex,Consumer Price Index,Ashanti,Transport,All sources,2023-07,177.4737,ok,
gss.cpi.annex,Consumer Price Index,Ashanti,Transport,All sources,2023-08,170.4828,ok,
gss.cpi.annex,Consumer Price Index,Ashanti,Transport,All sources,2023-09,171.2876,ok,
gss.cpi.annex,Consumer Price Index,Ashanti,Transport,All sources,2023-10,,held,annex3_vs_annex4
gss.cpi.annex,Consumer Price Index,Ashanti,Transport,All sources,2023-11,173.8111,ok,
gss.cpi.annex,Consumer Price Index,Ashanti,Transport,All sources,2023-12,174.2412,ok,
gss.cpi.annex,Consumer Price Index,Ashanti,Transport,All sources,2024-01,177.8663,ok,
gss.cpi.annex,Consumer Price Index,Ashanti,Transport,All sources,2024-02,,held,aggregation
gss.cpi.annex,Consumer Price Index,Ashanti,Transport,All sources,2024-03,180.0755,ok,
gss.cpi.annex,Consumer Price Index,Ashanti,Transport,All sources,2024-04,181.6809,ok,
gss.cpi.annex,Consumer Price Index,Ashanti,Transport,All sources,2024-05,193.3188,ok,
gss.cpi.annex,Consumer Price Index,Ashanti,Transport,All sources,2024-06,194.3259,ok,
gss.cpi.annex,Consumer Price Index,Ashanti,Transport,All sources,2024-07,197.2101,ok,
gss.cpi.annex,Consumer Price Index,Ashanti,Transport,All sources,2024-08,191.3797,ok,
gss.cpi.annex,Consumer Price Index,Ashanti,Transport,All sources,2024-09,191.8066,ok,
gss.cpi.annex,Consumer Price Index,Ashanti,Transport,All sources,2024-10,192.5402,ok,
gss.cpi.annex,Consumer Price Index,Ashanti,Transport,All sources,2024-11,193.7124,ok,
gss.cpi.annex,Consumer Price Index,Ashanti,Transport,All sources,2024-12,194.672,ok,
gss.cpi.annex,Consumer Price Index,Ashanti,Transport,All sources,2025-01,195.9328,ok,
gss.cpi.annex,Consumer Price Index,Ashanti,Transport,All sources,2025-02,198.6133,ok,
gss.cpi.annex,Consumer Price Index,Ashanti,Transport,All sources,2025-03,199.2092,ok,
gss.cpi.annex,Consumer Price Index,Ashanti,Transport,All sources,2025-04,199.2448,ok,
gss.cpi.annex,Consumer Price Index,Ashanti,Transport,All sources,2025-05,198.8096,ok,
gss.cpi.annex,Consumer Price Index,Ashanti,Transport,All sources,2025-06,177.7553,ok,
gss.cpi.annex,Consumer Price Index,Ashanti,Transport,All sources,2025-07,180.4024,ok,
gss.cpi.annex,Consumer Price Index,Ashanti,Transport,All sources,2025-08,183.6105,ok,
gss.cpi.annex,Consumer Price Index,Ashanti,Transport,All sources,2025-09,185.8819,ok,
gss.cpi.annex,Consumer Price Index,Ashanti,Transport,All sources,2025-10,186.2772,ok,
gss.cpi.annex,Consumer Price Index,Ashanti,Transport,All sources,2025-11,186.2772,ok,
gss.cpi.annex,Consumer Price Index,Ashanti,Transport,All sources,2025-12,189.473,ok,
gss.cpi.annex,Consumer Price Index,Ashanti,Transport,All sources,2026-01,190.0303,ok,
gss.cpi.annex,Consumer Price Index,Ashanti,Transport,All sources,2026-02,190.9622,ok,
gss.cpi.annex,Consumer Price Index,Ashanti,Transport,All sources,2026-03,193.3258,ok,
gss.cpi.annex,Consumer Price Index,Ashanti,Transport,All sources,2026-04,195.53,ok,
gss.cpi.annex,Consumer Price Index,Ashanti,Transport,All sources,2026-05,195.9877,ok,
gss.cpi.annex,Consumer Price Index,Ashanti,Transport,All sources,2026-06,197.2915,ok,
gss.cpi.annex,Consumer Price Index,Ashanti,Transport,All sources,2026-07,197.1942,ok,
gss.cpi.annex,Consumer Price Index,Ashanti,Transport,All sources,2026-08,200.3687,ok,
gss.cpi.annex,Month-on-month inflation (%),Ashanti,All products,All sources,2022-01,0.9824,ok,
gss.cpi.annex,Month-on-month inflation (%),Ashanti,All products,All sources,2022-02,2.6981,ok,
gss.cpi.annex,Month-on-month inflation (%),Ashanti,All products,All sources,2022-03,3.2543,ok,
gss.cpi.annex,Month-on-month inflation (%),Ashanti,All products,All sources,2022-04,6.824,ok,
gss.cpi.annex,Month-on-month inflation (%),Ashanti,All products,All sources,2022-05,5.5295,ok,
gss.cpi.annex,Month-on-month inflation (%),Ashanti,All products,All sources,2022-06,1.5941,ok,
gss.cpi.annex,Month-on-month inflation (%),Ashanti,All products,All sources,2022-07,2.3166,ok,
gss.cpi.annex,Month-on-month inflation (%),Ashanti,All products,All sources,2022-08,0.3293,ok,
gss.cpi.annex,Month-on-month inflation (%),Ashanti,All products,All sources,2022-09,1.5538,ok,
gss.cpi.annex,Month-on-month inflation (%),Ashanti,All products,All sources,2022-10,0.3308,ok,
gss.cpi.annex,Month-on-month inflation (%),Ashanti,All products,All sources,2022-11,9.1977,ok,
gss.cpi.annex,Month-on-month inflation (%),Ashanti,All products,All sources,2022-12,3.5837,ok,
gss.cpi.annex,Month-on-month inflation (%),Ashanti,All products,All sources,2023-01,0.7325,ok,
gss.cpi.annex,Month-on-month inflation (%),Ashanti,All products,All sources,2023-02,1.7216,ok,
gss.cpi.annex,Month-on-month inflation (%),Ashanti,All products,All sources,2023-03,-1.6447,ok,
gss.cpi.annex,Month-on-month inflation (%),Ashanti,All products,All sources,2023-04,2.7236,ok,
gss.cpi.annex,Month-on-month inflation (%),Ashanti,All products,All sources,2023-05,5.2768,ok,
gss.cpi.annex,Month-on-month inflation (%),Ashanti,All products,All sources,2023-06,3.2109,ok,
gss.cpi.annex,Month-on-month inflation (%),Ashanti,All products,All sources,2023-07,4.024,ok,
gss.cpi.annex,Month-on-month inflation (%),Ashanti,All products,All sources,2023-08,-1.6813,ok,
gss.cpi.annex,Month-on-month inflation (%),Ashanti,All products,All sources,2023-09,0.4889,ok,
gss.cpi.annex,Month-on-month inflation (%),Ashanti,All products,All sources,2023-10,0.7772,ok,
gss.cpi.annex,Month-on-month inflation (%),Ashanti,All products,All sources,2023-11,2.3797,ok,
gss.cpi.annex,Month-on-month inflation (%),Ashanti,All products,All sources,2023-12,0.6025,ok,
gss.cpi.annex,Month-on-month inflation (%),Ashanti,All products,All sources,2024-01,2.9462,ok,
gss.cpi.annex,Month-on-month inflation (%),Ashanti,All products,All sources,2024-02,1.3718,ok,
gss.cpi.annex,Month-on-month inflation (%),Ashanti,All products,All sources,2024-03,1.0065,ok,
gss.cpi.annex,Month-on-month inflation (%),Ashanti,All products,All sources,2024-04,1.4146,ok,
gss.cpi.annex,Month-on-month inflation (%),Ashanti,All products,All sources,2024-05,2.6245,ok,
gss.cpi.annex,Month-on-month inflation (%),Ashanti,All products,All sources,2024-06,2.749,ok,
gss.cpi.annex,Month-on-month inflation (%),Ashanti,All products,All sources,2024-07,2.6697,ok,
gss.cpi.annex,Month-on-month inflation (%),Ashanti,All products,All sources,2024-08,-1.0321,ok,
gss.cpi.annex,Month-on-month inflation (%),Ashanti,All products,All sources,2024-09,2.6732,ok,
gss.cpi.annex,Month-on-month inflation (%),Ashanti,All products,All sources,2024-10,1.9646,ok,
gss.cpi.annex,Month-on-month inflation (%),Ashanti,All products,All sources,2024-11,3.3897,ok,
gss.cpi.annex,Month-on-month inflation (%),Ashanti,All products,All sources,2024-12,2.3552,ok,
gss.cpi.annex,Month-on-month inflation (%),Ashanti,All products,All sources,2025-01,0.9757,ok,
gss.cpi.annex,Month-on-month inflation (%),Ashanti,All products,All sources,2025-02,1.5067,ok,
gss.cpi.annex,Month-on-month inflation (%),Ashanti,All products,All sources,2025-03,-0.2879,ok,
gss.cpi.annex,Month-on-month inflation (%),Ashanti,All products,All sources,2025-04,0.7676,ok,
gss.cpi.annex,Month-on-month inflation (%),Ashanti,All products,All sources,2025-05,0.8272,ok,
gss.cpi.annex,Month-on-month inflation (%),Ashanti,All products,All sources,2025-06,-1.4401,ok,
gss.cpi.annex,Month-on-month inflation (%),Ashanti,All products,All sources,2025-07,0.8228,ok,
gss.cpi.annex,Month-on-month inflation (%),Ashanti,All products,All sources,2025-08,-1.2347,ok,
gss.cpi.annex,Month-on-month inflation (%),Ashanti,All products,All sources,2025-09,0.6267,ok,
gss.cpi.annex,Month-on-month inflation (%),Ashanti,All products,All sources,2025-10,-0.1366,ok,
gss.cpi.annex,Month-on-month inflation (%),Ashanti,All products,All sources,2025-11,0.2101,ok,
gss.cpi.annex,Month-on-month inflation (%),Ashanti,All products,All sources,2025-12,1.6427,ok,
gss.cpi.annex,Month-on-month inflation (%),Ashanti,All products,All sources,2026-01,0.6444,ok,
gss.cpi.annex,Month-on-month inflation (%),Ashanti,All products,All sources,2026-02,1.2615,ok,
gss.cpi.annex,Month-on-month inflation (%),Ashanti,All products,All sources,2026-03,0.9646,ok,
gss.cpi.annex,Month-on-month inflation (%),Ashanti,All products,All sources,2026-04,1.2852,ok,
gss.cpi.annex,Month-on-month inflation (%),Ashanti,All products,All sources,2026-05,1.3718,ok,
gss.cpi.annex,Month-on-month inflation (%),Ashanti,All products,All sources,2026-06,0.1261,ok,
gss.cpi.annex,Month-on-month inflation (%),Ashanti,All products,All sources,2026-07,0.6414,ok,
gss.cpi.annex,Month-on-month inflation (%),Ashanti,All products,All sources,2026-08,-0.2183,ok,
gss.cpi.annex,Year-on-year inflation (%),Ashanti,All products,All sources,2022-01,14.974,ok,
gss.cpi.annex,Year-on-year inflation (%),Ashanti,All products,All sources,2022-02,16.3523,ok,
gss.cpi.annex,Year-on-year inflation (%),Ashanti,All products,All sources,2022-03,19.4896,ok,
gss.cpi.annex,Year-on-year inflation (%),Ashanti,All products,All sources,2022-04,24.5377,ok,
gss.cpi.annex,Year-on-year inflation (%),Ashanti,All products,All sources,2022-05,30.7066,ok,
gss.cpi.annex,Year-on-year inflation (%),Ashanti,All products,All sources,2022-06,30.8193,ok,
gss.cpi.annex,Year-on-year inflation (%),Ashanti,All products,All sources,2022-07,30.7883,ok,
gss.cpi.annex,Year-on-year inflation (%),Ashanti,All products,All sources,2022-08,29.4871,ok,
gss.cpi.annex,Year-on-year inflation (%),Ashanti,All products,All sources,2022-09,31.1079,ok,
gss.cpi.annex,Year-on-year inflation (%),Ashanti,All products,All sources,2022-10,29.5796,ok,
gss.cpi.annex,Year-on-year inflation (%),Ashanti,All products,All sources,2022-11,40.4226,ok,
gss.cpi.annex,Year-on-year inflation (%),Ashanti,All products,All sources,2022-12,45.0899,ok,
gss.cpi.annex,Year-on-year inflation (%),Ashanti,All products,All sources,2023-01,44.7308,ok,
gss.cpi.annex,Year-on-year inflation (%),Ashanti,All products,All sources,2023-02,43.3546,ok,
gss.cpi.annex,Year-on-year inflation (%),Ashanti,All products,All sources,2023-03,36.5531,ok,
gss.cpi.annex,Year-on-year inflation (%),Ashanti,All products,All sources,2023-04,31.3115,ok,
gss.cpi.annex,Year-on-year inflation (%),Ashanti,All products,All sources,2023-05,30.997,ok,
gss.cpi.annex,Year-on-year inflation (%),Ashanti,All products,All sources,2023-06,33.0817,ok,
gss.cpi.annex,Year-on-year inflation (%),Ashanti,All products,All sources,2023-07,35.3025,ok,
gss.cpi.annex,Year-on-year inflation (%),Ashanti,All products,All sources,2023-08,32.591,ok,
gss.cpi.annex,Year-on-year inflation (%),Ashanti,All products,All sources,2023-09,31.2006,ok,
gss.cpi.annex,Year-on-year inflation (%),Ashanti,All products,All sources,2023-10,31.7843,ok,
gss.cpi.annex,Year-on-year inflation (%),Ashanti,All products,All sources,2023-11,23.556,ok,
gss.cpi.annex,Year-on-year inflation (%),Ashanti,All products,All sources,2023-12,20.0001,ok,
gss.cpi.annex,Year-on-year inflation (%),Ashanti,All products,All sources,2024-01,22.6371,ok,
gss.cpi.annex,Year-on-year inflation (%),Ashanti,All products,All sources,2024-02,22.2153,ok,
gss.cpi.annex,Year-on-year inflation (%),Ashanti,All products,All sources,2024-03,25.5096,ok,
gss.cpi.annex,Year-on-year inflation (%),Ashanti,All products,All sources,2024-04,23.9102,ok,
gss.cpi.annex,Year-on-year inflation (%),Ashanti,All products,All sources,2024-05,20.7885,ok,
gss.cpi.annex,Year-on-year inflation (%),Ashanti,All products,All sources,2024-06,20.248,ok,
gss.cpi.annex,Year-on-year inflation (%),Ashanti,All products,All sources,2024-07,18.6825,ok,
gss.cpi.annex,Year-on-year inflation (%),Ashanti,All products,All sources,2024-08,19.4661,ok,
gss.cpi.annex,Year-on-year inflation (%),Ashanti,All products,All sources,2024-09,22.063,ok,
gss.cpi.annex,Year-on-year inflation (%),Ashanti,All products,All sources,2024-10,23.5012,ok,
gss.cpi.annex,Year-on-year inflation (%),Ashanti,All products,All sources,2024-11,24.7196,ok,
gss.cpi.annex,Year-on-year inflation (%),Ashanti,All products,All sources,2024-12,26.8924,ok,
gss.cpi.annex,Year-on-year inflation (%),Ashanti,All products,All sources,2025-01,24.4636,ok,
gss.cpi.annex,Year-on-year inflation (%),Ashanti,All products,All sources,2025-02,24.6292,ok,
gss.cpi.annex,Year-on-year inflation (%),Ashanti,All products,All sources,2025-03,23.0321,ok,
gss.cpi.annex,Year-on-year inflation (%),Ashanti,All products,All sources,2025-04,22.2472,ok,
gss.cpi.annex,Year-on-year inflation (%),Ashanti,All products,All sources,2025-05,20.1063,ok,
gss.cpi.annex,Year-on-year inflation (%),Ashanti,All products,All sources,2025-06,15.2095,ok,
gss.cpi.annex,Year-on-year inflation (%),Ashanti,All products,All sources,2025-07,13.137,ok,
gss.cpi.annex,Year-on-year inflation (%),Ashanti,All products,All sources,2025-08,12.9054,ok,
gss.cpi.annex,Year-on-year inflation (%),Ashanti,All products,All sources,2025-09,10.6551,ok,
gss.cpi.annex,Year-on-year inflation (%),Ashanti,All products,All sources,2025-10,8.3747,ok,
gss.cpi.annex,Year-on-year inflation (%),Ashanti,All products,All sources,2025-11,5.0419,ok,
gss.cpi.annex,Year-on-year inflation (%),Ashanti,All products,All sources,2025-12,4.3107,ok,
gss.cpi.annex,Year-on-year inflation (%),Ashanti,All products,All sources,2026-01,3.9685,ok,
gss.cpi.annex,Year-on-year inflation (%),Ashanti,All products,All sources,2026-02,3.7173,ok,
gss.cpi.annex,Year-on-year inflation (%),Ashanti,All products,All sources,2026-03,5.0202,ok,
gss.cpi.annex,Year-on-year inflation (%),Ashanti,All products,All sources,2026-04,5.5596,ok,
gss.cpi.annex,Year-on-year inflation (%),Ashanti,All products,All sources,2026-05,6.1298,ok,
gss.cpi.annex,Year-on-year inflation (%),Ashanti,All products,All sources,2026-06,7.8162,ok,
gss.cpi.annex,Year-on-year inflation (%),Ashanti,All products,All sources,2026-07,7.6223,ok,
gss.cpi.annex,Year-on-year inflation (%),Ashanti,All products,All sources,2026-08,8.7298,ok,
