month,cedis_per_usd,cedis_per_usd_change_on_year_pct,imported_goods_change_on_year_pct,local_goods_change_on_year_pct,all_items_change_on_year_pct
2022-01,6.0104,4.33,11.11,13.78,13.93
2022-02,6.3077,9.56,13.81,16.31,15.74
2022-03,7.0465,23.03,17.7,20.27,19.39
2022-04,7.1123,24.11,25.6,25.37,23.63
2022-05,7.126,24.29,30.36,32.03,27.65
2022-06,7.1908,25.01,33.28,33.86,29.82
2022-07,7.3908,27.76,36.33,34.15,31.75
2022-08,8.0588,38.32,36.46,34.83,33.91
2022-09,8.7472,49.29,40.73,35.75,37.5
2022-10,11.1671,89.86,43.31,38.34,40.37
2022-11,13.073,121.31,55.22,48.82,50.32
2022-12,10.0347,68.74,61.82,51.86,54.14
2023-01,9.9094,64.87,62.45,51.33,53.55
2023-02,10.8636,72.23,61.74,48.9,52.8
2023-03,11.014,56.3,51.61,41.87,45.04
2023-04,10.9456,53.9,43.09,38.19,41.23
2023-05,10.9152,53.18,43.92,36.18,42.18
2023-06,10.9836,52.75,44.53,35.91,42.5
2023-07,11.002,48.86,45.59,37.54,43.09
2023-08,11.0066,36.58,43.36,36.07,40.08
2023-09,11.0629,26.47,40.02,37.29,38.1
2023-10,11.3354,1.51,37.08,33.99,34.9
2023-11,11.5494,-11.65,26.97,26.2,26.42
2023-12,11.6511,16.11,21.76,23.85,23.2
2024-01,11.9344,20.44,21.9,24.27,23.55
2024-02,12.2301,12.58,20.11,24.59,23.21
2024-03,12.6674,15.01,23.87,26.66,25.81
2024-04,13.0381,19.12,23.54,25.71,25.06
2024-05,13.7823,26.27,19.66,24.66,23.15
2024-06,14.3298,30.46,17.52,25.02,22.75
2024-07,14.7467,34.04,15.62,23.28,20.95
2024-08,15.1037,37.22,16.17,22.2,20.37
2024-09,15.5575,40.63,17.06,23.37,21.46
2024-10,15.9889,41.05,16.18,24.68,22.09
2024-11,15.9834,38.39,17.63,25.37,23.03
2024-12,14.7805,26.86,17.97,26.35,23.82
2025-01,14.972,25.45,18.21,25.75,23.48
2025-02,15.486,26.62,18.55,25.1,23.13
2025-03,15.5316,22.61,18.55,24.06,22.41
2025-04,15.2216,16.75,17.69,22.75,21.24
2025-05,12.0751,-12.39,16.4,19.2,18.38
2025-06,10.284,-28.23,12.5,13.99,13.67
2025-07,10.417,-29.36,9.96,12.87,12.14
2025-08,10.7876,-28.58,9.53,12.16,11.48
2025-09,12.1443,-21.94,7.44,10.1,9.42
2025-10,11.4607,-28.32,7.79,8.03,8.05
2025-11,11.0237,-31.03,5.05,6.8,6.33
2025-12,11.2783,-23.69,4.3,5.86,5.39
2026-01,10.7921,-27.92,1.99,4.46,3.83
2026-02,10.9188,-29.49,0.35,4.44,3.34
2026-03,10.8721,-30.0,-0.58,4.87,3.22
2026-04,11.0664,-27.3,0.48,4.63,3.37
2026-05,11.4498,-5.18,0.92,5.02,3.73
2026-06,11.4068,10.92,2.27,6.75,5.25
2026-07,11.5423,10.8,2.06,5.85,4.64
2026-08,11.3349,5.07,2.18,6.15,4.98
2026-09,11.5012,-5.3,2.4,6.43,5.22
