months_after,imported_share_pct,imported_se,local_share_pct,local_se,all_items_share_pct,all_items_se
0,7.3875,2.3089,10.1228,1.9705,8.8109,1.6242
1,19.7892,3.7724,18.3586,2.7288,18.3536,2.7189
2,24.6489,6.0202,24.3158,4.8079,22.8444,4.2246
3,32.4519,8.1751,30.5831,5.6454,29.9516,5.6726
4,37.3288,8.5627,31.4416,5.8096,31.8743,5.4589
5,31.924,8.2091,29.9036,5.4841,29.9942,5.6032
6,35.7573,7.7923,32.1915,4.8521,32.9749,5.0261
7,34.0595,7.2078,30.6123,4.2151,32.6171,4.9656
8,42.6764,6.8291,34.4563,4.015,37.5954,4.7588
9,43.3984,6.5882,34.1726,3.8452,38.3262,4.6937
10,46.5361,6.4742,37.2884,4.0437,40.7889,4.5267
11,47.3166,6.6674,38.2084,4.2229,41.8857,4.7736
12,51.0832,7.1379,43.5783,4.8136,45.9192,5.0471
