group,basket_weight_pct,share_of_all_items_jan_2022_pct,rise_jan2022_jan2023_pct,points_added,usual_rise_pts,cedi_pts,world_pts,not_explained_pts
Food and non-alcoholic beverages,42.704,42.8186,60.946,26.096,2.695,10.488,4.706,8.207
"Housing, water, electricity, gas and other fuels",10.231,10.9628,71.181,7.803,2.158,1.726,0.669,3.251
Transport,10.512,10.6774,68.773,7.343,2.005,1.84,0.785,2.713
Clothing and footwear,7.995,7.7711,43.541,3.384,0.687,1.587,0.288,0.822
"Furnishings, household equipment and routine household maintenance",3.184,3.1686,71.682,2.271,0.304,0.947,0.212,0.808
"Personal care, social protection and miscellaneous goods and services",2.458,2.4344,63.192,1.538,0.205,0.666,0.223,0.443
Information and communication,3.612,3.5178,22.923,0.806,0.217,0.27,-0.036,0.354
"Alcoholic beverages, tobacco and narcotics",3.854,3.7392,43.241,1.617,0.344,0.885,0.104,0.283
"Recreation, sport and culture",3.469,3.4718,41.543,1.442,0.4,0.871,-0.022,0.193
Health,0.736,0.7034,35.019,0.246,0.084,0.109,0.004,0.049
Education services,6.564,6.1172,10.778,0.659,0.745,-0.048,-0.085,0.047
Insurance and financial services,0.383,0.3594,11.683,0.042,0.028,0.054,0.015,-0.055
Restaurants and accommodation services,4.299,4.2583,9.577,0.408,0.433,0.383,0.098,-0.506
